our_rank,name,position,team,gsis_id,adp,adp_rank,ecr_rank,mkt_val,mkt_rank,log_rank,vs_adp,vs_adp_log,vs_adp_pct,vs_adp_clip,score_log_pts,pred_vorp,pos_rank,delta,anchor_rank,scarcity_gain,feature_gain,age_c,age_c2,age_rb,age_qb,games_missed,rookie_pedigree,td_share_c,team_change,has_prior,draft_ovr_log,vacated_target_share,vacated_carry_share,arriving_vet_usage,draft_competition,qb_change,qb_quality_delta,qb_rookie,qb_expected_missing,coach_change,team_fp_prior,team_fp_prior_z,team_pass_fp_share_prior,team_pass_rate_prior,returning_target_competition,returning_carry_competition,depth_rank_adp,is_rookie,qb_delta_wrte,vacated_tgt_wrte,vacated_carry_rb,opp_target_share,opp_air_yards_share,opp_ts_slope,opp_ts_l4f4,opp_cs_l6_delta,opp_fp_oe_pg,opp_td_per_opp_vs_pos,opp_boom_rate,ppg_delta,career_missed_rate,inj_weeks_listed_l2y,inj_soft_tissue_l2y,inj_recurrence,apy_cap_pct,contract_year,rookie_deal_yr,draft_r1,draft_r23,rb_early_rookie,yrs_since_peak,last_was_career_best,c_age_c,c_age_c2,c_age_rb,c_age_qb,c_games_missed,c_rookie_pedigree,c_td_share_c,c_team_change,c_has_prior,c_draft_ovr_log,c_vs_adp,c_vacated_target_share,c_vacated_carry_share,c_arriving_vet_usage,c_draft_competition,c_qb_change,c_qb_quality_delta,c_qb_rookie,c_qb_expected_missing,c_coach_change,c_team_fp_prior,c_team_fp_prior_z,c_team_pass_fp_share_prior,c_team_pass_rate_prior,c_returning_target_competition,c_returning_carry_competition,c_depth_rank_adp,c_is_rookie,c_qb_delta_wrte,c_vacated_tgt_wrte,c_vacated_carry_rb,c_opp_target_share,c_opp_air_yards_share,c_opp_ts_slope,c_opp_ts_l4f4,c_opp_cs_l6_delta,c_opp_fp_oe_pg,c_opp_td_per_opp_vs_pos,c_opp_boom_rate,c_ppg_delta,c_career_missed_rate,c_inj_weeks_listed_l2y,c_inj_soft_tissue_l2y,c_inj_recurrence,c_apy_cap_pct,c_contract_year,c_rookie_deal_yr,c_draft_r1,c_draft_r23,c_rb_early_rookie,c_yrs_since_peak,c_last_was_career_best,c_ppg_mismatch,raw_ppg_mismatch,_dummy,adp_gap_ahead,adp_gap_behind,age,birthdate,career_best_ppg,coach_pass_oe,coach_pass_shift,draft_ovr,draft_round,draft_year,expqb_rush_wrte,inj_recurrence_qb,inj_weeks_listed_l2y_qb,is_rk_draft,log_pts,ol_sack_rate_prior,ol_stuff_rate_prior,prev_games,prev_ppg,prev_td_share,prev_team,prop_mvp,prop_oroy,prop_pass_yds,prop_rec_yds,prop_rush_yds,qb_rush_ypg,rookie,rookie_log_pick,rookie_x_vacated,rz_ez_target_share,rz_gl_carry_share,rz_opp_pg,rz_target_share,rz_td_minus_expected,season,snap_share,snap_share_l4f4,snap_share_max4,sos_dvp,sos_dvp_first4,tgt_pts,vegas_wins_c,vegas_wins_delta,vs_adp_off,yrs_exp
1,Justin Jefferson,WR,MIN,00-0036322,10.400000,10,9,2.197225,9,2.197225,-0.051293,-0.105361,-0.005405,-0.105361,5.550625,128.648958,1,9,5,5,4,1.211499,1.467730,0.000000,0.000000,0.000000,0.000000,-0.088913,0.000000,1.000000,3.091042,0.140312,0.046914,0.229920,0.000000,1.000000,3.018000,0.000000,0.000000,0.000000,1131.140000,-1.436641,0.629365,0.525761,0.182628,0.004938,1.000000,0.000000,3.018000,0.140312,0.000000,0.306696,0.403464,0.000941,0.053921,0.001216,-6.580000,-0.034437,0.058824,-6.822353,0.069307,0.000000,0.000000,0.000000,0.137000,0.000000,0.000000,1.000000,0.000000,0.000000,3.000000,0.000000,0.000394,0.000620,0.000164,0.000502,0.010135,-0.001404,0.005362,-0.000691,0.007180,-0.001737,-0.000405,-0.000263,0.000534,-0.005221,0.010326,0.005695,0.005618,0.000792,-0.000773,-0.001733,-0.003601,0.011254,-0.001681,0.003623,-0.000062,-0.002131,0.002358,-0.002888,-0.000483,-0.000010,0.001256,0.007223,0.001041,0.001349,-0.009549,-0.000278,-0.009297,-0.008782,0.011306,-0.000728,0.007267,0.000047,-0.000705,0.001175,0.002278,-0.000055,-0.004263,0.000412,-0.002206,-0.000454,0.005854,-0.006989,-0.004759,-2.740904,true,0.000000,4.442651,27.211499,1999-06-16,21.685882,0.031090,0.000000,22,1,2020,34.600000,0.000000,0.000000,false,0.000000,0.039269,-0.005090,17.000000,11.852941,0.059553,MIN,0.000000,0.000000,0.000000,0.000000,0.000000,0.000000,0.000000,0.000000,0.000000,0.421053,0.000000,1.117647,0.246753,-5.165459,2026,0.941765,-0.032500,1.000000,1.227286,1.297390,0.000000,0.000000,0.000000,-0.051293,6.000000
2,Puka Nacua,WR,LAR,00-0039075,2.800000,3,3,1.098612,3,1.098612,0.000000,0.000000,0.000000,0.000000,5.542997,121.426250,2,1,1,2,-1,-0.740589,0.548472,-0.000000,-0.000000,1.000000,0.000000,0.027534,1.000000,1.000000,5.176150,0.025818,0.019355,0.000000,0.131073,0.000000,0.000000,0.000000,0.000000,0.000000,1800.180000,2.031863,0.630326,0.555449,0.320138,0.006452,1.000000,0.000000,0.000000,0.025818,0.000000,0.301270,0.340334,-0.001902,-0.076443,-0.000247,0.648750,0.014077,0.625000,4.655682,0.137255,9.000000,0.000000,0.000000,0.005000,0.000000,4.000000,0.000000,0.000000,0.000000,0.000000,1.000000,-0.001033,0.000667,0.000164,0.000502,0.005605,-0.001404,-0.001660,0.003267,0.007180,0.003963,-0.000097,-0.000494,0.000596,0.002515,-0.006770,-0.000920,-0.000085,0.000792,-0.000773,-0.001733,0.004708,-0.013300,-0.001535,-0.000368,-0.000347,-0.002105,0.002358,-0.002888,0.000007,0.000178,0.001256,0.007016,0.000812,-0.003774,0.015127,-0.000432,-0.000152,0.002395,-0.042310,0.000425,0.001356,-0.000044,-0.000705,0.001175,-0.000978,-0.000055,0.012277,-0.000208,-0.002206,-0.000454,-0.004409,0.009665,0.003698,8.419688,true,0.000000,3.688879,25.259411,2001-05-29,23.437500,0.006798,0.000000,177,5,2023,0.058824,0.000000,0.000000,false,0.000000,0.000000,0.000000,16.000000,23.437500,0.176000,LA,0.000000,0.000000,0.000000,0.000000,0.000000,0.000000,0.000000,0.000000,0.000000,0.113208,0.000000,1.125000,0.155963,3.940593,2026,0.682500,-0.067500,0.867500,-0.376244,-0.890846,0.000000,0.000000,0.000000,0.000000,3.000000
3,Jaxon Smith-Njigba,WR,SEA,00-0038543,6.000000,6,5,1.609438,5,1.609438,-0.064539,-0.182322,-0.005405,-0.182322,5.532077,121.426250,3,3,3,3,0,-1.455168,2.117513,-0.000000,-0.000000,0.000000,0.000000,0.018247,0.000000,1.000000,2.995732,0.076628,0.445525,0.000000,0.130824,0.000000,0.000000,0.000000,0.000000,0.000000,1561.000000,0.791882,0.632415,0.503861,0.363985,0.025292,1.000000,0.000000,0.000000,0.076628,0.000000,0.367705,0.511167,-0.003239,0.007184,-0.007967,-1.006471,0.010401,0.588235,6.288235,0.000000,1.000000,0.000000,0.000000,0.140000,0.000000,0.000000,1.000000,0.000000,0.000000,0.000000,1.000000,-0.001555,0.000586,0.000164,0.000502,0.010135,-0.001404,-0.001100,-0.000691,0.007180,-0.001998,-0.000484,-0.000391,-0.000365,0.002515,-0.006738,-0.000920,-0.000085,0.000792,-0.000773,-0.001733,0.001737,-0.004522,-0.001219,0.006567,-0.000438,-0.001787,0.002358,-0.002888,0.000007,0.000094,0.001256,0.009553,0.001431,-0.006183,-0.000702,-0.001243,-0.002246,0.001548,-0.038828,0.000589,0.013297,0.000037,-0.000705,0.001175,0.002352,-0.000055,-0.004263,0.000412,-0.002206,-0.000454,-0.004409,0.009665,0.001980,6.152776,true,0.000000,4.615121,24.544832,2002-02-14,21.170588,0.016319,0.000000,20,1,2023,5.588235,0.000000,0.000000,false,0.000000,-0.013156,0.036960,17.000000,21.170588,0.166713,SEA,0.000000,0.000000,0.000000,0.000000,0.000000,0.000000,0.000000,0.000000,0.000000,0.357143,0.000000,1.000000,0.261538,3.690540,2026,0.774118,0.222500,0.917500,0.388462,-0.311140,0.000000,0.000000,0.000000,-0.064539,3.000000
4,Ja'Marr Chase,WR,CIN,00-0036900,3.800000,4,1,0.000000,1,0.000000,-0.241162,-1.386294,-0.016216,-0.700000,5.506416,111.485833,4,0,2,2,-2,0.502396,0.252401,0.000000,0.000000,1.000000,0.000000,0.004595,0.000000,1.000000,1.609438,0.067434,0.023256,0.000000,0.140065,1.000000,5.525962,0.000000,0.000000,0.000000,1583.160000,0.906766,0.664746,0.611055,0.299342,0.012920,1.000000,0.000000,5.525962,0.067434,0.000000,0.320657,0.375398,-0.000106,0.037820,-0.001400,-4.725000,-0.005870,0.500000,-4.105882,0.082353,3.000000,0.000000,0.000000,0.144000,0.000000,0.000000,1.000000,0.000000,0.000000,1.000000,0.000000,-0.000124,0.000683,0.000164,0.000502,0.005605,-0.001404,-0.000277,-0.000691,0.007180,-0.005788,-0.001544,-0.000410,0.000588,0.002515,-0.007943,0.005695,0.010357,0.000792,-0.000773,-0.001733,0.002012,-0.005335,0.003669,-0.007842,-0.000304,-0.001996,0.002358,-0.002888,-0.000891,0.000109,0.001256,0.007756,0.000939,-0.000537,-0.006501,-0.000553,-0.006950,-0.002201,-0.030472,-0.000455,0.006132,0.000017,-0.000705,0.001175,0.002451,-0.000055,-0.004263,0.000412,-0.002206,-0.000454,-0.000988,-0.006989,0.000790,4.582188,true,0.000000,3.135494,26.502396,2000-03-01,23.705882,0.050412,0.000000,5,1,2021,5.125000,0.000000,0.000000,false,0.000000,-0.012981,-0.061867,16.000000,19.600000,0.153061,CIN,0.000000,0.000000,0.000000,0.000000,0.000000,0.000000,0.000000,0.000000,0.000000,0.222222,0.000000,1.375000,0.268293,0.708683,2026,0.943750,-0.010000,0.997500,0.806040,0.237096,0.000000,0.000000,0.000000,-0.241162,5.000000
5,CeeDee Lamb,WR,DAL,00-0036358,10.700000,11,7,1.945910,7,1.945910,-0.211309,-0.451985,-0.021622,-0.451985,5.501296,111.485833,5,6,10,1,5,1.400411,1.961150,0.000000,0.000000,4.000000,0.000000,-0.058869,0.000000,1.000000,2.833213,0.069193,0.043011,0.089505,0.128621,0.000000,0.000000,0.000000,0.000000,0.000000,1689.500000,1.458065,0.638355,0.566231,0.388797,0.045161,1.000000,0.000000,0.000000,0.069193,0.000000,0.251031,0.344579,-0.008328,-0.083035,-0.002481,-5.646923,-0.022999,0.230769,-2.106154,0.069307,6.000000,0.000000,0.000000,0.133000,0.000000,0.000000,1.000000,0.000000,0.000000,2.000000,0.000000,0.000532,0.000594,0.000164,0.000502,-0.007984,-0.001404,0.003550,-0.000691,0.007180,-0.002442,-0.001365,-0.000406,0.000543,-0.000496,-0.006450,-0.000920,-0.000085,0.000792,-0.000773,-0.001733,0.003333,-0.009238,-0.000321,-0.001817,-0.000490,-0.001452,0.002358,-0.002888,0.000007,0.000107,0.001256,0.005098,0.000828,-0.015353,0.016375,-0.000667,-0.008116,-0.006147,-0.004977,-0.000254,0.007267,-0.000013,-0.000705,0.001175,0.002179,-0.000055,-0.004263,0.000412,-0.002206,-0.000454,0.002433,-0.006989,-0.002255,0.563787,true,0.000000,2.197225,27.400411,1999-04-08,23.835294,0.034416,0.000000,17,1,2020,10.411765,0.000000,0.000000,false,0.000000,-0.019691,-0.037530,13.000000,15.453846,0.089597,DAL,0.000000,0.000000,0.000000,0.000000,0.000000,0.000000,0.000000,0.000000,0.000000,0.210526,0.000000,1.307692,0.163462,-2.657664,2026,0.728571,0.082500,0.897500,0.901196,1.823860,0.000000,0.000000,0.000000,-0.211309,6.000000
6,Bijan Robinson,RB,ATL,00-0038542,1.600000,1,2,0.693147,2,0.693147,0.087011,0.693147,0.005405,0.693147,5.393449,110.422500,2,-5,6,-5,0,-1.414100,1.999679,-1.414100,-0.000000,0.000000,0.000000,-0.046139,0.000000,1.000000,2.079442,0.271287,0.335430,0.211630,0.000000,0.000000,0.000000,0.000000,1.000000,0.000000,1317.820000,-0.468836,0.610023,0.514257,0.000000,0.018868,1.000000,0.000000,0.000000,0.000000,0.335430,0.197605,0.021047,0.002662,0.087103,0.046667,2.178235,-0.004304,0.529412,1.711765,0.000000,0.000000,0.000000,0.000000,0.024000,0.000000,4.000000,1.000000,0.000000,0.000000,0.000000,1.000000,-0.001525,0.000592,-0.002327,0.000502,0.010135,-0.001404,0.002782,-0.000691,0.007180,-0.004503,0.000425,0.000002,-0.000117,-0.004606,0.010326,-0.000920,-0.000085,0.000792,0.003611,-0.001733,-0.001283,0.004403,-0.004605,0.005169,0.000317,-0.001896,0.002358,-0.002888,0.000007,0.000220,-0.002867,0.003059,-0.000344,0.004450,-0.015830,0.004501,0.001783,-0.001840,-0.033258,0.000129,0.013297,0.000047,-0.000705,0.001175,-0.000510,-0.000055,0.012277,0.000412,-0.002206,-0.000454,-0.004409,0.009665,0.004213,9.098105,true,0.000000,4.615121,24.585900,2002-01-30,21.811765,0.005524,0.000000,8,1,2023,0.000000,0.000000,0.000000,false,0.000000,-0.020710,-0.005416,17.000000,21.811765,0.177994,ATL,0.000000,0.000000,0.000000,0.000000,0.000000,0.000000,0.000000,0.000000,0.000000,0.040000,0.458333,1.823529,0.203125,-0.572384,2026,0.781765,0.065000,0.902500,0.179671,-0.513529,0.000000,0.000000,0.000000,0.087011,3.000000
7,Jahmyr Gibbs,RB,DET,00-0039139,1.700000,2,4,1.386294,4,1.386294,0.154151,0.693147,0.010811,0.693147,5.400723,110.422500,1,-5,7,-5,0,-1.548255,2.397092,-1.548255,-0.000000,0.000000,0.000000,0.070226,0.000000,1.000000,2.484907,0.145455,0.377828,0.268182,0.000000,0.000000,0.000000,0.000000,0.000000,0.000000,1691.480000,1.468330,0.627084,0.554435,0.000000,0.006787,1.000000,0.000000,0.000000,0.000000,0.377828,0.161535,0.014295,0.002347,-0.001131,0.061593,4.489412,0.020903,0.411765,0.705882,0.039216,0.000000,0.000000,0.000000,0.020000,0.000000,4.000000,1.000000,0.000000,0.000000,0.000000,1.000000,-0.001623,0.000572,-0.002563,0.000502,0.010135,-0.001404,-0.004235,-0.000691,0.007180,-0.003394,0.000828,-0.000252,-0.000212,-0.006508,0.010326,-0.000920,-0.000085,0.000792,-0.000773,-0.001733,0.003358,-0.009310,-0.002026,-0.000231,0.000317,-0.002100,0.002358,-0.002888,0.000007,0.000220,-0.003388,0.001681,-0.000368,0.003884,0.000871,0.006071,0.004707,0.003967,-0.022117,0.000028,0.009885,0.000047,-0.000705,0.001175,-0.000608,-0.000055,0.012277,0.000412,-0.002206,-0.000454,-0.004409,0.009665,0.004039,8.868693,true,0.000000,4.615121,24.451745,2002-03-20,21.582353,-0.002782,0.000000,12,1,2023,0.000000,0.000000,0.000000,false,0.000000,-0.002579,0.011535,17.000000,21.582353,0.294358,DET,0.000000,0.000000,0.000000,0.000000,0.000000,0.000000,0.000000,0.000000,0.000000,0.000000,0.370370,2.176471,0.166667,5.764179,2026,0.670000,0.135000,0.785000,0.491574,2.230588,0.000000,0.000000,0.000000,0.154151,3.000000
8,Jonathan Taylor,RB,IND,00-0036223,7.600000,8,10,2.302585,10,2.302585,0.105361,0.223144,0.010811,0.223144,5.375879,110.422500,3,0,9,-1,1,1.616701,2.613722,1.616701,0.000000,0.000000,0.000000,0.107085,0.000000,1.000000,3.713572,0.254864,0.058824,0.000000,0.126665,0.000000,0.000000,0.000000,0.000000,0.000000,1488.400000,0.415502,0.600847,0.537657,0.003891,0.061086,1.000000,0.000000,0.000000,0.000000,0.058824,0.109786,-0.011778,-0.000050,0.006094,0.058138,5.244118,0.020401,0.411765,3.690336,0.168317,3.000000,0.000000,0.000000,0.062000,1.000000,0.000000,0.000000,1.000000,0.000000,4.000000,0.000000,0.000690,0.000561,0.003012,0.000502,0.010135,-0.001404,-0.006457,-0.000691,0.007180,-0.000036,0.000535,-0.000031,0.000507,0.002515,-0.006195,-0.000920,-0.000085,0.000792,-0.000773,-0.001733,0.000836,-0.001857,-0.005993,0.002024,0.000309,-0.001183,0.002358,-0.002888,0.000007,0.000220,0.000533,-0.000294,-0.000463,-0.000436,-0.000496,0.005708,0.005662,0.003852,-0.022117,0.000328,-0.001347,0.000017,-0.000705,0.001175,0.000428,0.002577,-0.004263,-0.000208,0.003513,-0.000454,0.009275,-0.006989,0.003891,8.673507,true,0.000000,4.615121,27.616701,1999-01-19,21.947059,-0.015208,0.000000,41,2,2020,0.000000,0.000000,0.000000,false,0.000000,-0.017145,-0.020534,17.000000,21.311765,0.331217,IND,0.000000,0.000000,0.000000,0.000000,0.000000,0.000000,0.000000,0.000000,0.000000,0.000000,0.666667,2.647059,0.060241,3.884623,2026,0.825882,-0.040000,0.935000,0.072405,-0.025294,0.000000,0.000000,0.000000,0.105361,6.000000
9,Christian McCaffrey,RB,SF,00-0033280,5.100000,5,8,2.079442,8,2.079442,0.182322,0.470004,0.016216,0.470004,5.364885,100.555833,4,-4,8,-3,-1,4.234086,17.927486,4.234086,0.000000,0.000000,0.000000,0.020707,0.000000,1.000000,2.079442,0.298893,0.195426,0.000000,0.153662,1.000000,7.887071,0.000000,0.000000,0.000000,1560.220000,0.787839,0.653626,0.529814,0.051661,0.004158,1.000000,0.000000,0.000000,0.000000,0.195426,0.233536,0.079374,-0.006269,-0.112787,-0.017579,0.767647,0.006127,0.705882,12.555882,0.248322,15.000000,4.000000,1.000000,0.074000,1.000000,0.000000,1.000000,0.000000,0.000000,5.000000,0.000000,0.002604,-0.000230,0.007622,0.000502,0.010135,-0.001404,-0.001249,-0.000691,0.007180,-0.004503,0.000997,0.000058,0.000199,0.002515,-0.009717,0.005695,0.014818,0.000792,-0.000773,-0.001733,0.001727,-0.004493,0.001988,0.003078,0.000210,-0.002144,0.002358,-0.002888,0.000007,0.000220,-0.001146,0.004430,-0.000133,-0.011643,0.022006,-0.002254,-0.000001,0.000563,-0.049969,0.001219,-0.008307,-0.000104,0.003239,-0.015322,0.000724,0.002577,-0.004263,0.000412,-0.002206,-0.000454,0.012696,-0.006989,0.006254,11.792222,true,0.000000,4.615121,30.234086,1996-06-07,30.133333,-0.023672,0.000000,8,1,2017,0.000000,0.000000,0.000000,false,0.000000,-0.022154,0.004290,17.000000,24.505882,0.244839,SF,0.000000,0.000000,0.000000,0.000000,0.000000,0.000000,0.000000,0.000000,0.000000,0.142857,0.769231,3.647059,0.277778,-3.682004,2026,0.831176,0.015000,0.920000,-0.074170,0.085000,0.000000,0.000000,0.000000,0.182322,9.000000
10,Amon-Ra St. Brown,WR,DET,00-0036963,7.200000,7,6,1.791759,6,1.791759,-0.060625,-0.154151,-0.005405,-0.154151,5.495969,97.810417,6,-3,4,3,-6,0.855578,0.732014,0.000000,0.000000,0.000000,0.000000,0.055237,0.000000,1.000000,4.718499,0.145455,0.377828,0.072621,0.135119,0.000000,0.000000,0.000000,0.000000,0.000000,1691.480000,1.468330,0.627084,0.554435,0.241818,0.015837,1.000000,0.000000,0.000000,0.145455,0.000000,0.316640,0.394062,0.002315,0.093315,-0.006479,-1.947059,0.014434,0.411765,0.460000,0.035294,4.000000,0.000000,1.000000,0.117000,0.000000,0.000000,0.000000,0.000000,0.000000,2.000000,0.000000,0.000134,0.000658,0.000164,0.000502,0.010135,-0.001404,-0.003331,-0.000691,0.007180,0.002712,-0.000461,-0.000252,-0.000212,0.000072,-0.007298,-0.000920,-0.000085,0.000792,-0.000773,-0.001733,0.003358,-0.009310,-0.002026,-0.000231,-0.000185,-0.001947,0.002358,-0.002888,0.000007,-0.000018,0.001256,0.007603,0.001007,0.003826,-0.017006,-0.001087,-0.003436,0.002477,-0.022117,0.000004,0.010226,0.000007,-0.000705,-0.015322,0.001785,-0.000055,-0.004263,-0.000208,-0.002206,-0.000454,0.002433,-0.006989,0.000404,4.071833,true,0.000000,3.806662,26.855578,1999-10-24,20.681250,-0.002782,0.000000,112,4,2021,2.647059,0.000000,0.000000,false,0.000000,-0.002579,0.011535,17.000000,19.058824,0.203704,DET,0.000000,0.000000,0.000000,0.000000,0.000000,0.000000,0.000000,0.000000,0.000000,0.366667,0.000000,2.058824,0.388889,-0.582656,2026,0.852353,0.040000,0.965000,-0.393614,-2.940846,0.000000,0.000000,0.000000,-0.060625,5.000000
11,A.J. Brown,WR,NE,00-0035676,13.500000,15,12,2.484907,12,2.484907,-0.127833,-0.223144,-0.016216,-0.223144,5.486783,96.512917,7,4,16,-1,5,3.171800,10.060316,0.000000,0.000000,2.000000,0.000000,0.042183,1.000000,1.000000,3.931826,0.271784,0.098990,0.184783,0.000000,0.000000,0.000000,0.000000,0.000000,0.000000,1640.360000,1.203308,0.605294,0.493347,0.375519,0.020202,1.000000,0.000000,0.000000,0.271784,0.000000,0.286562,0.374337,0.004274,0.011476,0.000000,-4.063333,0.009428,0.266667,-1.997949,0.102564,5.000000,4.000000,1.000000,0.125000,0.000000,0.000000,0.000000,1.000000,0.000000,5.000000,0.000000,0.001827,0.000176,0.000164,0.000502,0.001075,-0.001404,-0.002544,0.003267,0.007180,0.000561,-0.000864,0.000003,0.000417,-0.003702,0.010326,-0.000920,-0.000085,0.000792,-0.000773,-0.001733,0.002723,-0.007434,-0.005320,0.007980,-0.000462,-0.001873,0.002358,-0.002888,0.000007,-0.000225,0.001256,0.006455,0.000935,0.007355,-0.001515,-0.000406,-0.006113,0.001324,-0.008376,-0.000243,0.004374,-0.000003,0.003239,-0.015322,0.001982,-0.000055,-0.004263,-0.000208,0.003513,-0.000454,0.012696,-0.006989,-0.002205,0.629742,true,0.000000,4.543295,29.171800,1997-06-30,17.678571,-0.061853,0.000000,51,2,2019,26.470588,0.000000,0.000000,false,0.000000,0.013224,0.011405,15.000000,14.686667,0.190649,PHI,0.000000,0.000000,0.000000,0.000000,0.000000,0.000000,0.000000,0.000000,0.000000,0.238095,0.000000,0.866667,0.213115,2.360268,2026,0.906667,-0.070000,0.965000,-0.878250,-0.930551,0.000000,0.000000,0.000000,-0.127833,7.000000
12,De'Von Achane,RB,MIA,00-0039040,9.600000,9,18,2.890372,18,2.890372,0.387766,0.693147,0.048649,0.693147,5.343379,94.797500,6,-3,12,-3,0,-1.115674,1.244729,-1.115674,-0.000000,1.000000,0.000000,-0.001084,0.000000,1.000000,4.430817,0.530303,0.064815,0.000000,0.000000,1.000000,1.316429,0.000000,0.000000,1.000000,1269.480000,-0.719445,0.624035,0.516779,0.038961,0.324074,1.000000,0.000000,0.000000,0.000000,0.064815,0.187516,0.010825,-0.005738,-0.069015,-0.042540,3.128125,0.004642,0.312500,2.533824,0.137255,2.000000,0.000000,0.000000,0.053000,0.000000,0.000000,0.000000,1.000000,0.000000,0.000000,1.000000,-0.001307,0.000631,-0.001801,0.000502,0.005605,-0.001404,0.000065,-0.000691,0.007180,0.001925,0.002230,0.000525,0.000494,0.002515,0.010326,0.005695,0.002403,0.000792,-0.000773,0.007096,-0.001883,0.006177,-0.002487,0.004830,0.000236,0.003258,0.002358,-0.002888,0.000007,0.000220,0.000459,0.002673,-0.000381,-0.010686,0.013721,-0.004879,0.002985,0.000221,-0.012716,0.000212,0.001356,0.000027,-0.000705,0.001175,0.000206,-0.000055,-0.004263,-0.000208,0.003513,-0.000454,-0.004409,0.009665,0.003809,8.565338,true,0.000000,4.615121,24.884326,2001-10-13,20.175000,0.000000,0.000000,84,3,2023,0.000000,0.000000,0.000000,false,0.000000,0.006216,0.047916,16.000000,20.175000,0.223048,MIA,0.000000,0.000000,0.000000,0.000000,0.000000,0.000000,0.000000,0.000000,0.000000,0.074074,0.312500,1.375000,0.164179,3.393512,2026,0.753750,-0.147500,0.900000,-0.059706,-0.635588,0.000000,0.000000,0.000000,0.387766,3.000000
13,Ashton Jeanty,RB,LV,00-0040122,12.000000,12,14,2.639057,14,2.639057,0.087011,0.154151,0.010811,0.154151,5.362198,94.797500,5,-1,13,-1,0,-3.251198,10.570287,-3.251198,-0.000000,0.000000,0.000000,0.020666,0.000000,1.000000,1.791759,0.165236,0.216802,0.000000,0.144040,1.000000,0.000000,1.000000,0.000000,1.000000,1074.600000,-1.729761,0.688908,0.558084,0.008584,0.018970,1.000000,0.000000,0.000000,0.000000,0.216802,0.147596,-0.059578,0.006637,0.085254,0.098679,-0.983529,-0.003011,0.176471,0.000000,0.000000,0.000000,0.000000,0.000000,0.032000,0.000000,2.000000,1.000000,0.000000,0.000000,0.000000,1.000000,-0.002868,0.000150,-0.005563,0.000502,0.010135,-0.001404,-0.001246,-0.000691,0.007180,-0.005289,0.000425,-0.000212,0.000151,0.002515,-0.008462,0.005695,-0.000085,-0.018475,-0.000773,0.007096,-0.004303,0.013329,0.007323,-0.000722,0.000299,-0.001894,0.002358,-0.002888,0.000007,0.000220,-0.001409,0.001149,-0.000636,0.011614,-0.015480,0.009971,-0.002217,-0.001542,0.000165,-0.000042,0.013297,0.000047,-0.000705,0.001175,-0.000312,-0.000055,0.004007,0.000412,-0.002206,-0.000454,-0.004409,0.009665,-0.000993,2.229700,true,0.000000,4.615121,22.748802,2003-12-02,14.417647,0.000000,0.000000,6,1,2025,0.000000,0.000000,0.000000,false,0.000000,0.041588,0.088788,17.000000,14.417647,0.244798,LV,0.000000,0.000000,0.000000,0.000000,0.000000,0.000000,0.000000,0.000000,0.000000,0.000000,0.846154,1.588235,0.161290,-0.287009,2026,0.778824,0.135000,0.942500,-0.944827,-1.137059,0.000000,0.000000,0.000000,0.087011,1.000000
14,Chase Brown,RB,CIN,00-0038597,16.400000,16,19,2.944439,19,2.944439,0.109199,0.171850,0.016216,0.171850,5.326570,94.797500,7,2,15,1,1,0.447639,0.200380,0.447639,0.000000,0.000000,0.000000,0.009413,0.000000,1.000000,5.093750,0.067434,0.023256,0.000000,0.000000,1.000000,5.525962,0.000000,0.000000,0.000000,1583.160000,0.906766,0.664746,0.611055,0.037829,0.263566,1.000000,0.000000,0.000000,0.000000,0.023256,0.143238,0.013535,0.000911,0.010852,-0.098367,0.481176,0.001866,0.176471,0.686029,0.156863,2.000000,1.000000,0.000000,0.005000,0.000000,4.000000,0.000000,0.000000,0.000000,0.000000,1.000000,-0.000164,0.000685,0.000952,0.000502,0.010135,-0.001404,-0.000568,-0.000691,0.007180,0.003738,0.000558,-0.000410,0.000588,0.002515,0.010326,0.005695,0.010357,0.000792,-0.000773,-0.001733,0.002012,-0.005335,0.003669,-0.007842,0.000238,0.002237,0.002358,-0.002888,0.000007,0.000220,0.000970,0.000983,-0.000371,0.001296,-0.001397,-0.010749,-0.000364,-0.000419,0.000165,0.000026,-0.000350,0.000027,0.000281,0.001175,-0.000978,-0.000055,0.012277,-0.000208,-0.002206,-0.000454,-0.004409,0.009665,0.001230,5.162253,true,0.000000,4.615121,26.447639,2000-03-21,16.623529,0.050412,0.000000,163,5,2023,0.000000,0.000000,0.000000,false,0.000000,-0.012981,-0.061867,17.000000,16.623529,0.233546,CIN,0.000000,0.000000,0.000000,0.000000,0.000000,0.000000,0.000000,0.000000,0.000000,0.066667,0.650000,1.823529,0.146341,-1.288080,2026,0.665882,-0.085000,0.855000,-0.404758,-2.006176,0.000000,0.000000,0.000000,0.109199,3.000000
15,James Cook III,RB,BUF,00-0037248,13.500000,14,17,2.833213,17,2.833213,0.117783,0.194156,0.016216,0.194156,5.309931,91.809583,8,-1,14,0,-1,0.934976,0.874180,0.934976,0.000000,0.000000,0.000000,0.053829,0.000000,1.000000,4.143135,0.162698,0.031079,0.000000,0.000000,0.000000,0.000000,0.000000,0.000000,0.000000,1656.240000,1.285635,0.574554,0.479543,0.091270,0.197441,1.000000,0.000000,0.000000,0.000000,0.031079,0.081856,0.006069,0.000341,-0.024083,-0.073380,3.110588,0.007605,0.529412,1.107721,0.029412,1.000000,0.000000,0.000000,0.041000,0.000000,0.000000,0.000000,1.000000,0.000000,0.000000,1.000000,0.000192,0.000651,0.001811,0.000502,0.010135,-0.001404,-0.003246,-0.000691,0.007180,0.001139,0.000610,-0.000218,0.000570,0.002515,0.010326,-0.000920,-0.000085,0.000792,-0.000773,-0.001733,0.002920,-0.008017,-0.009968,0.009835,0.000127,0.001120,0.002358,-0.002888,0.000007,0.000220,0.000874,-0.001361,-0.000398,0.000268,0.005216,-0.008122,0.002963,0.000904,-0.033258,0.000069,0.010738,0.000037,-0.000705,0.001175,-0.000090,-0.000055,-0.004263,-0.000208,0.003513,-0.000454,-0.004409,0.009665,0.001879,6.018749,true,0.000000,4.615121,26.934976,1999-09-25,17.776471,-0.024587,0.000000,63,2,2022,0.000000,0.000000,0.000000,false,0.000000,0.002375,-0.044101,17.000000,17.776471,0.277962,BUF,0.000000,0.000000,0.000000,0.000000,0.000000,0.000000,0.000000,0.000000,0.000000,0.000000,0.372093,1.705882,0.038462,2.375727,2026,0.571765,-0.165000,0.740000,-0.453408,-2.806176,0.000000,0.000000,0.000000,0.117783,4.000000
16,Nico Collins,WR,HOU,00-0036554,23.400000,24,13,2.564949,13,2.564949,-0.390866,-0.613104,-0.059459,-0.613104,5.445996,86.646250,8,8,19,5,3,1.455168,2.117513,0.000000,0.000000,2.000000,0.000000,0.037210,0.000000,1.000000,4.488636,0.180000,0.286022,0.000000,0.130217,0.000000,0.000000,0.000000,0.000000,0.000000,1372.140000,-0.187225,0.655400,0.541872,0.301818,0.019355,1.000000,0.000000,0.000000,0.180000,0.000000,0.242421,0.365294,-0.003211,-0.056909,0.000921,-4.135333,0.008954,0.333333,-2.470000,0.223529,6.000000,1.000000,0.000000,0.100000,0.000000,0.000000,0.000000,1.000000,0.000000,1.000000,0.000000,0.000572,0.000586,0.000164,0.000502,0.001075,-0.001404,-0.002244,-0.000691,0.007180,0.002083,-0.002443,-0.000183,-0.000005,0.002515,-0.006659,-0.000920,-0.000085,0.000792,-0.000773,-0.001733,-0.000608,0.002409,0.002256,0.001457,-0.000309,-0.001888,0.002358,-0.002888,0.000007,-0.000075,0.001256,0.004770,0.000903,-0.006132,0.011429,-0.000309,-0.006204,0.001215,-0.014689,-0.000291,-0.006150,-0.000013,0.000281,0.001175,0.001365,-0.000055,-0.004263,-0.000208,0.003513,-0.000454,-0.000988,-0.006989,-0.001767,1.207123,true,0.000000,4.574711,27.455168,1999-03-19,17.550000,0.015308,0.000000,89,3,2021,14.928571,0.000000,0.000000,false,0.000000,-0.017239,0.027678,15.000000,15.080000,0.185676,HOU,0.000000,0.000000,0.000000,0.000000,0.000000,0.000000,0.000000,0.000000,0.000000,0.358974,0.000000,1.333333,0.240506,-0.090620,2026,0.772000,-0.110000,0.877500,1.535798,1.061801,0.000000,0.000000,0.000000,-0.390866,5.000000
17,Drake London,WR,ATL,00-0037238,12.900000,13,11,2.397895,11,2.397895,-0.090972,-0.167054,-0.010811,-0.167054,5.444054,77.273333,9,-4,11,2,-6,-0.893908,0.799072,-0.000000,-0.000000,5.000000,0.000000,0.059558,0.000000,1.000000,2.079442,0.271287,0.335430,0.200441,0.158180,0.000000,0.000000,0.000000,1.000000,0.000000,1317.820000,-0.468836,0.610023,0.514257,0.049505,0.000000,1.000000,0.000000,0.000000,0.271287,0.000000,0.297111,0.400930,-0.006270,-0.053763,0.000000,-4.297500,0.014077,0.333333,0.307353,0.088235,10.000000,0.000000,1.000000,0.117000,0.000000,0.000000,1.000000,0.000000,0.000000,0.000000,1.000000,-0.001145,0.000654,0.000164,0.000502,-0.012514,-0.001404,-0.003591,-0.000691,0.007180,-0.004503,-0.000643,0.000002,-0.000117,-0.004229,-0.010306,-0.000920,-0.000085,0.000792,0.003611,-0.001733,-0.001283,0.004403,-0.004605,0.005169,0.000214,-0.002214,0.002358,-0.002888,0.000007,-0.000225,0.001256,0.006858,0.001032,-0.011646,0.010834,-0.000406,-0.006409,0.002395,-0.014689,-0.000012,0.005620,-0.000054,-0.000705,-0.015322,0.001785,-0.000055,-0.004263,0.000412,-0.002206,-0.000454,-0.004409,0.009665,-0.000724,2.584587,true,0.000000,4.615121,25.106092,2001-07-24,16.825000,0.005524,0.000000,8,1,2022,0.000000,0.000000,0.000000,false,0.000000,-0.020710,-0.005416,12.000000,16.825000,0.208024,ATL,0.000000,0.000000,0.000000,0.000000,0.000000,0.000000,0.000000,0.000000,0.000000,0.360000,0.000000,1.333333,0.250000,0.988475,2026,0.906667,0.022500,0.980000,-0.421987,-0.521728,0.000000,0.000000,0.000000,-0.090972,4.000000
18,George Pickens,WR,DAL,00-0037247,18.400000,19,16,2.772589,16,2.772589,-0.109199,-0.171850,-0.016216,-0.171850,5.434680,74.994167,10,1,17,2,-1,-0.505133,0.255160,-0.000000,-0.000000,0.000000,0.000000,0.036529,0.000000,1.000000,3.951244,0.069193,0.043011,0.089505,0.128621,0.000000,0.000000,0.000000,0.000000,0.000000,1689.500000,1.458065,0.638355,0.566231,0.355848,0.047312,2.000000,0.000000,0.000000,0.069193,0.000000,0.225151,0.330208,0.000512,-0.016576,0.000000,-1.287647,0.017271,0.294118,5.427731,0.044118,3.000000,3.000000,0.000000,0.091000,0.000000,0.000000,0.000000,1.000000,0.000000,0.000000,1.000000,-0.000861,0.000683,0.000164,0.000502,0.010135,-0.001404,-0.002203,-0.000691,0.007180,0.000614,-0.000752,-0.000406,0.000543,-0.000496,-0.006450,-0.000920,-0.000085,0.000792,-0.000773,-0.001733,0.003333,-0.009238,-0.000321,-0.001817,-0.000421,-0.001415,-0.002680,-0.002888,0.000007,0.000107,0.001256,0.004110,0.000776,0.000576,0.003795,-0.000406,-0.002602,0.003131,-0.010976,0.000503,0.009459,0.000017,0.002253,0.001175,0.001143,-0.000055,-0.004263,-0.000208,0.003513,-0.000454,-0.004409,0.009665,0.000227,3.838642,true,2.197225,4.615121,25.494867,2001-03-04,17.170588,0.034416,0.000000,52,2,2022,10.411765,0.000000,0.000000,false,0.000000,-0.019691,-0.037530,17.000000,17.170588,0.184995,DAL,0.000000,0.000000,0.000000,0.000000,0.000000,0.000000,0.000000,0.000000,0.000000,0.315789,0.000000,1.411765,0.230769,1.122584,2026,0.811176,-0.117500,0.905000,0.901196,1.823860,0.000000,0.000000,0.000000,-0.109199,4.000000
19,Chris Olave,WR,NO,00-0037239,20.600000,21,20,2.995732,20,2.995732,-0.032790,-0.048790,-0.005405,-0.048790,5.344387,74.184167,11,2,18,3,-1,0.179329,0.032159,0.000000,0.000000,1.000000,0.000000,0.053026,0.000000,1.000000,2.397895,0.109244,0.167816,0.000000,0.315465,0.000000,0.000000,0.000000,0.000000,0.000000,1182.280000,-1.171516,0.654329,0.522503,0.174370,0.009195,1.000000,0.000000,0.000000,0.109244,0.000000,0.291790,0.417072,0.000364,0.023875,-0.004167,-5.966875,0.008902,0.312500,7.162500,0.191176,14.000000,1.000000,0.000000,0.023000,1.000000,0.000000,1.000000,0.000000,0.000000,0.000000,1.000000,-0.000361,0.000694,0.000164,0.000502,0.005605,-0.001404,-0.003198,-0.000691,0.007180,-0.003632,-0.000294,-0.000326,0.000261,0.002515,-0.030822,-0.000920,-0.000085,0.000792,-0.000773,-0.001733,-0.002966,0.009377,0.002094,0.004061,-0.000045,-0.002059,0.002358,-0.002888,0.000007,0.000041,0.001256,0.006654,0.001090,0.000309,-0.003862,-0.000844,-0.008521,0.001203,-0.012716,0.000677,-0.003336,-0.000094,0.000281,0.001175,-0.000534,0.002577,-0.004263,0.000412,-0.002206,-0.000454,-0.004409,0.009665,0.000417,4.090200,true,0.000000,4.158883,26.179329,2000-06-27,16.750000,-0.009312,0.000000,11,1,2022,16.909091,0.000000,0.000000,false,0.000000,0.007946,-0.001205,16.000000,16.750000,0.201493,NO,0.000000,0.000000,0.000000,0.000000,0.000000,0.000000,0.000000,0.000000,0.000000,0.437500,0.000000,0.937500,0.288462,3.659463,2026,0.843125,-0.022500,0.942500,0.439950,3.880037,0.000000,0.000000,0.000000,-0.032790,4.000000
20,Trey McBride,TE,ARI,00-0037744,28.900000,32,15,2.708050,15,2.708050,-0.518794,-0.757686,-0.091892,-0.700000,5.343053,67.584167,1,12,20,12,0,0.776181,0.602456,0.000000,0.000000,0.000000,0.000000,0.022542,0.000000,1.000000,4.007333,0.214171,0.471233,0.000000,0.000000,0.000000,0.000000,0.000000,1.000000,0.000000,1509.960000,0.527276,0.689753,0.629817,0.067633,0.000000,1.000000,0.000000,0.000000,0.214171,0.000000,0.278876,0.254655,0.000623,0.043618,0.000000,-0.965882,0.007260,0.411765,3.344853,0.132353,2.000000,0.000000,0.000000,0.068000,0.000000,0.000000,0.000000,1.000000,0.000000,0.000000,1.000000,0.000076,0.000665,0.000164,0.000502,0.010135,-0.001404,-0.001359,-0.000691,0.007180,0.000768,-0.003211,-0.000114,-0.000423,0.002515,0.010326,-0.000920,-0.000085,0.000792,0.003611,-0.001733,0.001103,-0.002649,0.007451,-0.010364,0.000176,-0.002214,0.002358,-0.002888,0.000007,-0.000131,0.001256,0.006161,0.000502,0.000776,-0.007599,-0.000406,-0.002194,0.000824,-0.022117,0.000293,0.001782,0.000027,-0.000705,0.001175,0.000576,-0.000055,-0.004263,-0.000208,0.003513,-0.000454,-0.004409,0.009665,0.002178,6.413452,true,0.000000,4.615121,26.776181,1999-11-22,18.582353,0.026810,0.000000,55,2,2022,0.000000,0.000000,0.000000,false,0.000000,0.013798,0.025602,17.000000,18.582353,0.208927,ARI,0.000000,0.000000,0.000000,0.000000,0.000000,0.000000,0.000000,0.000000,0.000000,0.375000,0.000000,2.000000,0.323810,1.299915,2026,0.913529,0.017500,0.965000,-0.328125,-0.426654,0.000000,0.000000,0.000000,-0.518794,4.000000
21,Tetairoa McMillan,WR,CAR,00-0040124,33.000000,35,28,3.332205,28,3.332205,-0.169076,-0.223144,-0.037838,-0.223144,5.315401,67.416667,12,14,37,-2,16,-2.591376,6.715228,-0.000000,-0.000000,0.000000,0.000000,0.048347,0.000000,1.000000,2.079442,0.158333,0.523913,0.097561,0.156438,0.000000,0.000000,0.000000,0.000000,0.000000,1245.260000,-0.845008,0.645166,0.510638,0.293750,0.021739,1.000000,0.000000,0.000000,0.158333,0.000000,0.257402,0.498715,-0.003287,-0.030915,0.000000,-4.017647,0.008954,0.058824,0.000000,0.000000,3.000000,2.000000,0.000000,0.025000,0.000000,2.000000,1.000000,0.000000,0.000000,0.000000,1.000000,-0.002386,0.000349,0.000164,0.000502,0.010135,-0.001404,-0.002915,-0.000691,0.007180,-0.004503,-0.001112,-0.000226,-0.000542,-0.000768,-0.010079,-0.000920,-0.000085,0.000792,-0.000773,-0.001733,-0.002184,0.007066,0.000709,0.005656,-0.000293,-0.001847,0.002358,-0.002888,0.000007,-0.000039,0.001256,0.005342,0.001386,-0.006269,0.006509,-0.000406,-0.006055,0.001215,0.011306,-0.000042,0.013297,0.000017,0.001267,0.001175,-0.000485,-0.000055,0.004007,0.000412,-0.002206,-0.000454,-0.004409,0.009665,-0.001888,1.047701,true,0.000000,4.382027,23.408624,2003-04-05,12.552941,-0.000042,0.000000,8,1,2025,13.500000,0.000000,0.000000,false,0.000000,-0.005250,-0.029628,17.000000,12.552941,0.196813,CAR,0.000000,0.000000,0.000000,0.000000,0.000000,0.000000,0.000000,0.000000,0.000000,0.323529,0.000000,0.882353,0.208333,1.805606,2026,0.871765,-0.025000,0.927500,-0.452091,2.188860,0.000000,0.000000,0.000000,-0.169076,1.000000
22,Omarion Hampton,RB,LAC,00-0040666,17.100000,18,23,3.135494,23,3.135494,0.164303,0.245122,0.027027,0.245122,5.178995,67.306250,10,-4,23,-5,1,-2.536619,6.434435,-2.536619,-0.000000,8.000000,0.000000,-0.003057,0.000000,1.000000,3.091042,0.292818,0.071584,0.121000,0.000000,0.000000,0.000000,0.000000,0.000000,0.000000,1410.420000,0.011230,0.650374,0.540837,0.049724,0.429501,1.000000,0.000000,0.000000,0.000000,0.071584,0.118049,-0.030456,0.001027,0.008720,0.009753,1.397778,-0.001063,0.333333,0.000000,0.470588,9.000000,0.000000,0.000000,0.016000,0.000000,2.000000,1.000000,0.000000,0.000000,0.000000,1.000000,-0.002346,0.000364,-0.004304,0.000502,-0.026103,-0.001404,0.000184,-0.000691,0.007180,-0.001737,0.000889,0.000045,0.000479,-0.001556,0.010326,-0.000920,-0.000085,0.000792,-0.000773,-0.001733,-0.000133,0.001005,0.001496,0.001596,0.000214,0.005039,0.002358,-0.002888,0.000007,0.000220,0.000376,0.000021,-0.000531,0.001504,-0.000993,0.000620,0.000796,-0.001093,-0.014689,-0.000042,-0.027645,-0.000044,-0.000705,0.001175,-0.000707,-0.000055,0.004007,0.000412,-0.002206,-0.000454,-0.004409,0.009665,0.000501,4.200339,true,0.000000,4.615121,23.463381,2003-03-16,15.077778,-0.058219,0.000000,22,1,2025,0.000000,0.000000,0.000000,false,0.000000,0.023027,0.031096,9.000000,15.077778,0.221076,LAC,0.000000,0.000000,0.000000,0.000000,0.000000,0.000000,0.000000,0.000000,0.000000,0.000000,0.380952,1.888889,0.025316,-1.163726,2026,0.634444,-0.267500,0.822500,-0.355138,0.932059,0.000000,0.000000,0.000000,0.164303,1.000000
23,Saquon Barkley,RB,PHI,00-0034844,19.900000,20,26,3.258097,26,3.258097,0.182322,0.262364,0.032432,0.262364,5.229167,67.306250,9,-3,24,-4,1,3.557837,12.658205,3.557837,0.000000,1.000000,0.000000,0.008326,0.000000,1.000000,0.693147,0.371739,0.024845,0.031818,0.000000,0.000000,0.000000,0.000000,0.000000,0.000000,1353.920000,-0.281682,0.604172,0.487805,0.034783,0.159420,1.000000,0.000000,0.000000,0.000000,0.024845,0.120534,-0.008068,-0.006090,-0.097577,0.033172,-0.804375,-0.005237,0.125000,-7.687500,0.203008,1.000000,0.000000,0.000000,0.074000,0.000000,0.000000,1.000000,0.000000,0.000000,7.000000,0.000000,0.002109,0.000042,0.006431,0.000502,0.005605,-0.001404,-0.000502,-0.000691,0.007180,-0.008293,0.000997,0.000205,0.000584,0.001445,0.010326,-0.000920,-0.000085,0.000792,-0.000773,-0.001733,-0.000835,0.003078,-0.005490,0.008725,0.000245,0.000478,0.002358,-0.002888,0.000007,0.000220,0.000951,0.000116,-0.000449,-0.011320,0.019127,0.003082,-0.001990,-0.002055,0.005040,-0.000815,-0.004365,0.000037,-0.000705,0.001175,0.000724,-0.000055,-0.004263,0.000412,-0.002206,-0.000454,0.019538,-0.006989,0.000394,4.059046,true,0.000000,4.615121,29.557837,1997-02-09,24.112500,-0.073593,0.000000,2,1,2018,0.000000,0.000000,0.000000,false,0.000000,-0.004209,0.047117,16.000000,14.518750,0.232458,PHI,0.000000,0.000000,0.000000,0.000000,0.000000,0.000000,0.000000,0.000000,0.000000,0.047619,0.454545,2.062500,0.131148,-3.049255,2026,0.783125,-0.110000,0.885000,0.682578,0.085000,0.000000,0.000000,0.000000,0.182322,8.000000
24,Kenneth Walker III,RB,KC,00-0038134,22.500000,22,30,3.401197,30,3.401197,0.223144,0.310155,0.043243,0.310155,5.133206,67.306250,11,-2,25,-3,1,-0.135524,0.018367,-0.135524,-0.000000,0.000000,0.000000,-0.067801,1.000000,1.000000,3.713572,0.318182,0.702273,0.120548,0.136243,0.000000,0.000000,0.000000,0.000000,0.000000,1397.380000,-0.056373,0.640985,0.555556,0.063636,0.100000,1.000000,0.000000,0.000000,0.000000,0.702273,0.082586,-0.024211,0.003426,0.013704,-0.029857,0.480588,-0.013054,0.117647,-5.184492,0.147059,8.000000,3.000000,0.000000,0.048000,0.000000,0.000000,0.000000,1.000000,0.000000,1.000000,0.000000,-0.000591,0.000695,-0.000075,0.000502,0.010135,-0.001404,0.004088,0.003267,0.007180,-0.000036,0.001242,0.000096,-0.000945,-0.001541,-0.007444,-0.000920,-0.000085,0.000792,-0.000773,-0.001733,-0.000295,0.001483,0.000076,-0.000382,0.000185,-0.000526,0.002358,-0.002888,0.000007,0.000220,-0.007376,-0.001333,-0.000508,0.005827,-0.001937,-0.003545,-0.000365,-0.003856,0.005736,-0.000563,0.000503,-0.000034,0.002253,0.001175,0.000082,-0.000055,-0.004263,-0.000208,0.003513,-0.000454,-0.000988,-0.006989,-0.001658,1.351183,true,0.000000,4.615121,25.864476,2000-10-20,16.472727,0.015475,0.000000,41,2,2022,0.000000,0.000000,0.000000,false,0.000000,0.003136,-0.044404,17.000000,11.288235,0.156331,SEA,0.000000,0.000000,0.000000,0.000000,0.000000,0.000000,0.000000,0.000000,0.000000,0.000000,0.266667,0.764706,0.046154,-1.663456,2026,0.468824,-0.007500,0.567500,-0.164896,-0.790000,0.000000,0.000000,0.000000,0.223144,4.000000
25,Jeremiyah Love,RB,ARI,LOV121782,22.600000,23,35,3.555348,35,3.555348,0.310155,0.419854,0.064865,0.419854,5.089973,67.306250,12,-2,26,-3,1,-4.746064,22.525127,-4.746064,-0.000000,0.000000,0.988889,-0.224132,0.000000,0.000000,1.098612,0.214171,0.471233,0.299790,0.000000,0.000000,0.000000,0.000000,1.000000,0.000000,1509.960000,0.527276,0.689753,0.629817,0.095008,0.424658,1.000000,1.000000,0.000000,0.000000,0.471233,0.000000,0.000000,0.000000,0.000000,0.000000,0.000000,0.000000,0.000000,0.000000,0.000000,0.000000,0.000000,0.000000,0.000000,0.000000,0.000000,1.000000,0.000000,1.000000,0.000000,0.000000,-0.003961,-0.000467,-0.008196,0.000502,0.010135,0.013746,0.013516,-0.000691,-0.052461,-0.007184,0.001764,-0.000114,-0.000423,-0.007572,0.010326,-0.000920,-0.000085,0.000792,0.003611,-0.001733,0.001103,-0.002649,0.007451,-0.010364,0.000120,0.004957,0.002358,0.025501,0.000007,0.000220,-0.004536,-0.004486,-0.000420,-0.000346,0.000657,-0.000406,-0.000973,-0.000848,0.016877,-0.000042,0.013297,0.000047,-0.000705,0.001175,-0.001102,-0.000055,-0.004263,0.000412,-0.002206,0.018670,-0.004409,-0.006989,-0.002682,-0.000000,false,0.000000,4.615121,21.253936,2005-05-31,0.000000,0.026810,0.000000,3,1,2026,0.000000,0.000000,0.000000,true,0.000000,0.013798,0.025602,0.000000,0.000000,0.000000,,0.000000,0.000000,0.000000,0.000000,0.000000,0.000000,1.000000,4.503507,0.677788,0.000000,0.000000,0.000000,0.000000,0.000000,2026,0.000000,0.000000,0.000000,-0.259983,-0.390000,0.000000,0.000000,0.000000,0.310155,0.000000
26,Derrick Henry,RB,BAL,00-0032764,16.400000,17,39,3.663562,39,3.663562,0.595983,0.830348,0.118919,0.700000,5.064172,66.947083,13,-9,22,-5,-4,6.657084,44.316770,6.657084,0.000000,0.000000,0.000000,0.119338,0.000000,1.000000,3.806662,0.276543,0.126233,0.000000,0.134206,0.000000,0.000000,0.000000,0.000000,1.000000,1329.820000,-0.406624,0.558346,0.444079,0.093827,0.049310,1.000000,0.000000,0.000000,0.000000,0.126233,0.048805,0.002329,-0.001197,-0.032381,-0.014597,3.703529,0.016271,0.294118,-3.347059,0.078788,0.000000,0.000000,0.000000,0.054000,0.000000,0.000000,0.000000,1.000000,0.000000,4.000000,0.000000,0.004375,-0.001592,0.011890,0.000502,0.010135,-0.001404,-0.007196,-0.000691,0.007180,0.000219,0.003480,0.000012,0.000355,0.002515,-0.007179,-0.000920,-0.000085,0.000792,-0.000773,0.007096,-0.001134,0.003963,-0.012419,0.014602,0.000122,-0.001382,0.002358,-0.002888,0.000007,0.000220,-0.000295,-0.002622,-0.000412,-0.002504,0.006787,-0.001941,0.003713,0.002900,-0.010976,-0.000379,0.006442,0.000047,-0.000705,0.001175,0.000230,-0.000055,-0.004263,-0.000208,0.003513,-0.000454,0.009275,-0.006989,0.003028,7.535071,true,0.000000,4.615121,32.657084,1994-01-04,24.162500,0.000000,0.000000,45,2,2016,0.000000,0.000000,0.000000,false,0.000000,0.024384,-0.015686,17.000000,16.441176,0.343470,BAL,0.000000,0.000000,0.000000,0.000000,0.000000,0.000000,0.000000,0.000000,0.000000,0.000000,0.843750,2.470588,0.035714,0.951711,2026,0.545294,0.025000,0.667500,0.076419,-0.222353,0.000000,0.000000,0.000000,0.595983,10.000000
27,Josh Allen,QB,BUF,00-0034857,28.100000,29,25,3.218876,25,3.218876,-0.108214,-0.148420,-0.021622,-0.148420,5.757770,63.581875,1,2,27,2,0,4.280630,18.323791,0.000000,4.280630,1.000000,0.000000,0.078334,0.000000,1.000000,1.945910,0.162698,0.031079,0.000000,0.000000,0.000000,0.000000,0.000000,0.000000,0.000000,1656.240000,1.285635,0.574554,0.479543,0.000000,0.000000,1.000000,0.000000,0.000000,0.000000,0.000000,0.000000,0.000000,0.000000,0.000000,0.009938,18.588750,0.076055,0.562500,-0.482500,0.052632,0.000000,0.000000,0.000000,0.197000,0.000000,0.000000,1.000000,0.000000,0.000000,5.000000,0.000000,0.002638,-0.000250,0.000164,-0.004201,0.005605,-0.001404,-0.004724,-0.000691,0.007180,-0.004868,-0.000746,-0.000218,0.000570,0.002515,0.010326,-0.000920,-0.000085,0.000792,-0.000773,-0.001733,0.002920,-0.008017,-0.009968,0.009835,0.000317,-0.002214,0.002358,-0.002888,0.000007,0.000220,0.001256,-0.004486,-0.000420,-0.000346,0.000657,0.000639,0.022544,0.016674,-0.036391,-0.000091,0.008718,0.000047,-0.000705,0.001175,0.003758,-0.000055,-0.004263,0.000412,-0.002206,-0.000454,0.012696,-0.006989,0.000725,4.495477,true,0.000000,4.615121,30.280630,1996-05-21,24.753750,-0.024587,0.000000,7,1,2018,0.000000,0.000000,0.000000,false,0.000000,0.002375,-0.044101,16.000000,22.788750,0.504635,BUF,0.000000,0.000000,0.000000,0.000000,0.000000,36.187500,0.000000,0.000000,0.000000,0.000000,0.395349,1.375000,0.000000,5.978736,2026,0.921765,-0.215000,1.000000,-0.316451,-1.719669,0.000000,0.000000,0.000000,-0.108214,8.000000
28,Brock Bowers,TE,LV,00-0039338,35.900000,37,21,3.044522,21,3.044522,-0.416160,-0.566395,-0.086486,-0.566395,5.274939,59.953333,2,9,28,9,0,-2.281999,5.207518,-0.000000,-0.000000,5.000000,0.000000,0.051981,0.000000,1.000000,2.564949,0.165236,0.216802,0.007299,0.000000,1.000000,0.000000,1.000000,0.000000,1.000000,1074.600000,-1.729761,0.688908,0.558084,0.150215,0.000000,1.000000,0.000000,0.000000,0.165236,0.000000,0.233783,0.253670,0.000602,-0.001498,-0.007719,0.566667,0.021716,0.166667,-0.769608,0.147059,6.000000,0.000000,0.000000,0.018000,0.000000,3.000000,1.000000,0.000000,0.000000,1.000000,0.000000,-0.002160,0.000427,0.000164,0.000502,-0.012514,-0.001404,-0.003134,-0.000691,0.007180,-0.003176,-0.002595,-0.000212,0.000151,0.002270,0.010326,0.005695,-0.000085,-0.018475,-0.000773,0.007096,-0.004303,0.013329,0.007323,-0.000722,0.000005,-0.002214,0.002358,-0.002888,0.000007,-0.000051,0.001256,0.004440,0.000498,0.000739,0.000941,-0.001217,-0.000256,0.004155,0.001094,-0.000120,0.000503,-0.000013,-0.000705,0.001175,-0.000658,-0.000055,0.008142,0.000412,-0.002206,-0.000454,-0.000988,-0.006989,-0.000123,3.377022,true,0.000000,4.615121,23.718001,2002-12-13,15.452941,0.000000,0.000000,13,1,2024,0.000000,0.000000,0.000000,false,0.000000,0.041588,0.088788,12.000000,14.683333,0.238365,LV,0.000000,0.000000,0.000000,0.000000,0.000000,0.000000,0.000000,0.000000,0.000000,0.419355,0.000000,1.500000,0.290323,1.421309,2026,0.859167,0.245000,0.982500,-0.232831,-0.715772,0.000000,0.000000,0.000000,-0.416160,2.000000
29,DeVonta Smith,WR,PHI,00-0036912,28.200000,30,24,3.178054,24,3.178054,-0.162519,-0.223144,-0.032432,-0.223144,5.312351,59.843333,13,1,36,-6,7,1.797399,3.230643,0.000000,0.000000,0.000000,0.000000,-0.029537,0.000000,1.000000,2.302585,0.371739,0.024845,0.274578,0.227670,0.000000,0.000000,0.000000,0.000000,0.000000,1353.920000,-0.281682,0.604172,0.487805,0.032609,0.000000,1.000000,0.000000,0.000000,0.371739,0.000000,0.245765,0.336118,-0.002890,-0.021789,0.000000,-3.679412,-0.013025,0.117647,-3.467873,0.058824,4.000000,2.000000,0.000000,0.098000,0.000000,0.000000,1.000000,0.000000,0.000000,1.000000,0.000000,0.000822,0.000529,0.000164,0.000502,0.010135,-0.001404,0.001781,-0.000691,0.007180,-0.003893,-0.001072,0.000205,0.000584,-0.006724,-0.019370,-0.000920,-0.000085,0.000792,-0.000773,-0.001733,-0.000835,0.003078,-0.005490,0.008725,0.000249,-0.002214,0.002358,-0.002888,0.000007,-0.000389,0.001256,0.004897,0.000797,-0.005554,0.004782,-0.000406,-0.005627,-0.003849,0.005736,-0.000391,0.008179,0.000007,0.001267,0.001175,0.001316,-0.000055,-0.004263,0.000412,-0.002206,-0.000454,-0.000988,-0.006989,-0.002820,-0.181598,true,0.000000,4.394449,27.797399,1998-11-14,15.338462,-0.073593,0.000000,10,1,2021,26.312500,0.000000,0.000000,false,0.000000,-0.004209,0.047117,17.000000,11.870588,0.118930,PHI,0.000000,0.000000,0.000000,0.000000,0.000000,0.000000,0.000000,0.000000,0.000000,0.380952,0.000000,0.705882,0.196721,-0.396961,2026,0.844118,-0.285000,0.970000,2.345833,3.698860,0.000000,0.000000,0.000000,-0.162519,5.000000
30,Lamar Jackson,QB,BAL,00-0034796,55.600000,56,32,3.465736,32,3.465736,-0.451985,-0.559616,-0.129730,-0.559616,5.712139,57.017500,2,26,33,23,3,3.648186,13.309262,0.000000,3.648186,4.000000,0.000000,0.020502,0.000000,1.000000,3.465736,0.276543,0.126233,0.000000,0.000000,0.000000,0.000000,0.000000,0.000000,1.000000,1329.820000,-0.406624,0.558346,0.444079,0.000000,0.047337,1.000000,0.000000,0.000000,0.000000,0.000000,0.000000,0.000000,0.000000,0.000000,-0.035754,13.435385,-0.019094,0.461538,-8.788778,0.127820,4.000000,3.000000,0.000000,0.231000,0.000000,0.000000,1.000000,0.000000,0.000000,6.000000,0.000000,0.002175,0.000009,0.000164,-0.003506,-0.007984,-0.001404,-0.001236,-0.000691,0.007180,-0.000713,-0.002810,0.000012,0.000355,0.002515,0.010326,-0.000920,-0.000085,0.000792,-0.000773,0.007096,-0.001134,0.003963,-0.012419,0.014602,0.000317,-0.001415,0.002358,-0.002888,0.000007,0.000220,0.001256,-0.004486,-0.000420,-0.000346,0.000657,-0.004165,0.016024,-0.005247,-0.026830,-0.000925,0.002177,0.000007,0.002253,0.001175,0.004597,-0.000055,-0.004263,0.000412,-0.002206,-0.000454,0.016117,-0.006989,-0.003612,-1.227153,true,0.000000,4.615121,29.648186,1997-01-07,27.712000,0.000000,0.000000,32,1,2018,0.000000,0.000000,4.000000,false,0.000000,0.024384,-0.015686,13.000000,16.527692,0.446803,BAL,0.000000,0.000000,0.000000,0.000000,0.000000,26.846154,0.000000,0.000000,0.000000,0.000000,0.031250,0.384615,0.000000,0.384618,2026,0.922308,-0.072500,1.000000,0.067355,2.019154,0.000000,0.000000,0.000000,-0.451985,8.000000
31,Breece Hall,RB,NYJ,00-0038120,30.100000,33,41,3.713572,41,3.713572,0.170626,0.217065,0.043243,0.217065,5.028048,55.784583,14,2,32,1,1,-0.746064,0.556612,-0.746064,-0.000000,1.000000,0.000000,-0.060403,0.000000,1.000000,3.583519,0.241870,0.256579,0.000000,0.000000,0.000000,0.000000,0.000000,1.000000,0.000000,1143.360000,-1.373289,0.609082,0.518987,0.083333,0.164474,1.000000,0.000000,0.000000,0.000000,0.256579,0.105852,-0.008289,-0.006288,-0.112812,0.059203,-0.695000,-0.015327,0.125000,-2.077500,0.176471,5.000000,0.000000,1.000000,0.048000,0.000000,0.000000,0.000000,1.000000,0.000000,2.000000,0.000000,-0.001037,0.000667,-0.001150,0.000502,0.005605,-0.001404,0.003642,-0.000691,0.007180,-0.000391,0.000927,-0.000058,0.000061,0.002515,0.010326,-0.000920,-0.000085,0.000792,0.003611,-0.001733,-0.003449,0.010806,-0.004748,0.004533,0.000144,0.000563,0.002358,-0.002888,0.000007,0.000220,-0.001898,-0.000444,-0.000450,-0.011677,0.022011,0.005820,-0.001852,-0.004380,0.005040,-0.000251,-0.002056,-0.000003,-0.000705,-0.015322,0.000082,-0.000055,-0.004263,-0.000208,0.003513,-0.000454,0.002433,-0.006989,0.000559,4.276590,true,0.000000,4.615121,25.253936,2001-05-31,17.088235,-0.012828,0.000000,36,2,2022,0.000000,0.000000,0.000000,false,0.000000,0.032800,0.003272,16.000000,12.978750,0.163729,NYJ,0.000000,0.000000,0.000000,0.000000,0.000000,0.000000,0.000000,0.000000,0.000000,0.083333,0.333333,1.187500,0.147541,-1.873115,2026,0.643750,0.005000,0.775000,-0.564204,-1.109118,0.000000,0.000000,0.000000,0.170626,4.000000
32,Kyren Williams,RB,LAR,00-0037840,32.800000,34,42,3.737670,42,3.737670,0.167054,0.211309,0.043243,0.211309,4.993108,55.784583,15,2,45,-11,13,0.015058,0.000227,0.015058,0.000000,0.000000,0.000000,0.072108,1.000000,1.000000,5.099866,0.025818,0.019355,0.000000,0.000000,0.000000,0.000000,0.000000,0.000000,0.000000,1800.180000,2.031863,0.630326,0.555449,0.024096,0.331183,1.000000,0.000000,0.000000,0.000000,0.019355,0.080772,0.020987,-0.000898,0.011237,-0.052735,1.420588,0.009562,0.176471,-1.518015,0.220588,2.000000,0.000000,0.000000,0.039000,0.000000,0.000000,0.000000,0.000000,0.000000,2.000000,0.000000,-0.000481,0.000696,0.000191,0.000502,0.010135,-0.001404,-0.004348,0.003267,0.007180,0.003754,0.000906,-0.000494,0.000596,0.002515,0.010326,-0.000920,-0.000085,0.000792,-0.000773,-0.001733,0.004708,-0.013300,-0.001535,-0.000368,0.000267,0.003378,0.002358,-0.002888,0.000007,0.000220,0.001018,-0.001402,-0.000344,-0.001965,-0.001470,-0.005951,0.000825,0.001355,0.000165,-0.000195,-0.005894,0.000027,-0.000705,0.001175,-0.000140,-0.000055,-0.004263,-0.000208,-0.002206,-0.000454,0.002433,-0.006989,0.002535,6.884925,true,0.000000,4.442651,26.015058,2000-08-26,21.250000,0.006798,0.000000,164,5,2022,0.000000,0.000000,0.000000,false,0.000000,0.000000,0.000000,17.000000,15.488235,0.296240,LA,0.000000,0.000000,0.000000,0.000000,0.000000,0.000000,0.000000,0.000000,0.000000,0.000000,0.529412,2.352941,0.091743,-0.230298,2026,0.682941,-0.092500,0.810000,0.417180,0.283529,0.000000,0.000000,0.000000,0.167054,4.000000
33,Drake Maye,QB,NE,00-0039851,63.300000,65,33,3.496508,33,3.496508,-0.556288,-0.677880,-0.172973,-0.677880,5.698388,54.280833,3,32,48,17,15,-1.994524,3.978127,-0.000000,-1.994524,0.000000,0.000000,-0.005798,0.000000,1.000000,1.098612,0.271784,0.098990,0.000000,0.126960,0.000000,0.000000,0.000000,0.000000,0.000000,1640.360000,1.203308,0.605294,0.493347,0.000000,0.000000,1.000000,0.000000,0.000000,0.000000,0.000000,0.001307,-0.001364,-0.000395,-0.005556,-0.013105,17.012941,-0.010483,0.529412,7.077376,0.117647,2.000000,0.000000,0.000000,0.036000,0.000000,3.000000,1.000000,0.000000,0.000000,0.000000,1.000000,-0.001950,0.000490,0.000164,0.002693,0.010135,-0.001404,0.000350,-0.000691,0.007180,-0.007184,-0.003436,0.000003,0.000417,0.002515,-0.006234,-0.000920,-0.000085,0.000792,-0.000773,-0.001733,0.002723,-0.007434,-0.005320,0.007980,0.000317,-0.002214,0.002358,-0.002888,0.000007,0.000220,0.001256,-0.004436,-0.000425,-0.001059,0.001709,-0.001784,0.020550,-0.003264,-0.033258,0.000668,0.003062,0.000027,-0.000705,0.001175,-0.000214,-0.000055,0.008142,0.000412,-0.002206,-0.000454,-0.004409,0.009665,-0.000380,3.038580,true,0.000000,4.615121,24.005476,2002-08-30,20.703529,-0.061853,0.000000,3,1,2024,0.000000,0.000000,2.000000,false,0.000000,0.013224,0.011405,17.000000,20.703529,0.420502,NE,0.000000,0.000000,0.000000,0.000000,0.000000,26.470588,0.000000,0.000000,0.000000,0.000000,0.137931,0.882353,0.000000,0.171716,2026,0.957647,-0.082500,1.000000,-0.331884,-0.865846,0.000000,0.000000,0.000000,-0.556288,2.000000
34,Zay Flowers,WR,BAL,00-0039064,25.300000,25,29,3.367296,29,3.367296,0.108214,0.148420,0.021622,0.148420,5.288574,52.838333,14,-9,21,4,-13,-0.028747,0.000826,-0.000000,-0.000000,0.000000,0.000000,-0.000501,0.000000,1.000000,3.091042,0.276543,0.126233,0.000000,0.157732,0.000000,0.000000,0.000000,0.000000,1.000000,1329.820000,-0.406624,0.558346,0.444079,0.113580,0.000000,1.000000,0.000000,0.000000,0.276543,0.000000,0.298817,0.366496,0.000191,0.032314,-0.009630,-1.410588,-0.001548,0.235294,1.988235,0.019608,3.000000,0.000000,1.000000,0.016000,0.000000,4.000000,1.000000,0.000000,0.000000,0.000000,1.000000,-0.000513,0.000696,0.000164,0.000502,0.010135,-0.001404,0.000030,-0.000691,0.007180,-0.001737,0.000552,0.000012,0.000355,0.002515,-0.010248,-0.000920,-0.000085,0.000792,-0.000773,0.007096,-0.001134,0.003963,-0.012419,0.014602,0.000081,-0.002214,0.002358,-0.002888,0.000007,-0.000233,0.001256,0.006923,0.000907,-0.000001,-0.005459,-0.001418,-0.002757,-0.001205,-0.005405,0.000157,0.011591,0.000017,-0.000705,-0.015322,-0.000707,-0.000055,0.012277,0.000412,-0.002206,-0.000454,-0.004409,0.009665,-0.000458,2.934605,true,0.000000,4.615121,25.971253,2000-09-11,14.311765,0.000000,0.000000,22,1,2023,26.846154,0.000000,0.000000,false,0.000000,0.024384,-0.015686,17.000000,14.311765,0.147965,BAL,0.000000,0.000000,0.000000,0.000000,0.000000,0.000000,0.000000,0.000000,0.000000,0.151515,0.000000,0.705882,0.214286,1.281417,2026,0.864706,-0.022500,0.950000,-0.357697,3.967978,0.000000,0.000000,0.000000,0.108214,3.000000
35,Tee Higgins,WR,CIN,00-0036410,27.100000,26,31,3.433987,31,3.433987,0.130053,0.175891,0.027027,0.175891,5.244103,52.838333,16,-9,29,-3,-6,1.619439,2.622582,0.000000,0.000000,2.000000,0.000000,0.163443,0.000000,1.000000,3.496508,0.067434,0.023256,0.000000,0.140065,1.000000,5.525962,0.000000,0.000000,0.000000,1583.160000,0.906766,0.664746,0.611055,0.442434,0.020672,2.000000,0.000000,5.525962,0.067434,0.000000,0.182648,0.343316,0.001216,0.020269,0.000000,-1.825333,0.063822,0.200000,-4.401667,0.188119,10.000000,5.000000,0.000000,0.103000,0.000000,0.000000,0.000000,1.000000,0.000000,1.000000,0.000000,0.000692,0.000560,0.000164,0.000502,0.001075,-0.001404,-0.009856,-0.000691,0.007180,-0.000629,0.000684,-0.000410,0.000588,0.002515,-0.007943,0.005695,0.010357,0.000792,-0.000773,-0.001733,0.002012,-0.005335,0.003669,-0.007842,-0.000601,-0.001865,-0.002680,-0.002888,-0.000891,0.000109,0.001256,0.002488,0.000823,0.001845,-0.003179,-0.000406,-0.003282,0.013855,-0.002063,-0.000485,-0.003070,-0.000054,0.004225,0.001175,0.001439,-0.000055,-0.004263,-0.000208,0.003513,-0.000454,-0.000988,-0.006989,-0.000427,2.976095,true,3.135494,4.615121,27.619439,1999-01-18,18.508333,0.050412,0.000000,33,2,2020,5.125000,0.000000,0.000000,false,0.000000,-0.012981,-0.061867,15.000000,14.106667,0.311909,CIN,0.000000,0.000000,0.000000,0.000000,0.000000,0.000000,0.000000,0.000000,0.000000,0.244444,0.000000,1.066667,0.195122,5.495281,2026,0.808667,-0.130000,0.910000,0.806040,0.237096,0.000000,0.000000,0.000000,0.130053,6.000000
36,Rashee Rice,WR,KC,00-0039067,27.400000,27,22,3.091042,22,3.091042,-0.145182,-0.204794,-0.027027,-0.204794,5.277433,52.838333,15,-9,34,-7,-2,0.360027,0.129620,0.000000,0.000000,9.000000,0.000000,0.091374,0.000000,1.000000,4.007333,0.318182,0.702273,0.000000,0.133912,0.000000,0.000000,0.000000,0.000000,0.000000,1397.380000,-0.056373,0.640985,0.555556,0.209091,0.027273,1.000000,0.000000,0.000000,0.318182,0.000000,0.290331,0.148329,0.009002,0.067637,-0.002355,0.805000,0.023866,0.500000,-2.870833,0.470588,22.000000,0.000000,0.000000,0.007000,0.000000,4.000000,0.000000,1.000000,0.000000,1.000000,0.000000,-0.000228,0.000689,0.000164,0.000502,-0.030633,-0.001404,-0.005510,-0.000691,0.007180,0.000768,-0.000968,0.000096,-0.000945,0.002515,-0.007140,-0.000920,-0.000085,0.000792,-0.000773,-0.001733,-0.000295,0.001483,0.000076,-0.000382,-0.000117,-0.001754,0.002358,-0.002888,0.000007,-0.000301,0.001256,0.006599,0.000117,0.015876,-0.012145,-0.000653,0.000046,0.004650,-0.030472,-0.000331,-0.027645,-0.000175,-0.000705,0.001175,-0.000929,-0.000055,0.012277,-0.000208,0.003513,-0.000454,-0.000988,-0.006989,0.002179,6.414479,true,0.000000,4.317488,26.360027,2000-04-22,21.633333,0.015475,0.000000,55,2,2023,30.142857,0.000000,0.000000,false,0.000000,0.003136,-0.044404,8.000000,18.762500,0.239840,KC,0.000000,0.000000,0.000000,0.000000,0.000000,0.000000,0.000000,0.000000,0.000000,0.142857,0.095238,2.750000,0.234568,-1.848436,2026,0.748750,0.072500,0.855000,-0.902195,0.901801,0.000000,0.000000,0.000000,-0.145182,3.000000
37,Ladd McConkey,WR,LAC,00-0039915,36.500000,39,34,3.526361,34,3.526361,-0.107631,-0.137201,-0.027027,-0.137201,5.223658,52.838333,17,2,39,0,2,-1.167693,1.363508,-0.000000,-0.000000,1.000000,0.000000,0.050539,0.000000,1.000000,3.526361,0.292818,0.071584,0.000000,0.148634,0.000000,0.000000,0.000000,0.000000,0.000000,1410.420000,0.011230,0.650374,0.540837,0.261510,0.013015,1.000000,0.000000,0.000000,0.292818,0.000000,0.210840,0.265680,-0.004037,-0.037941,0.000000,-3.207500,0.008181,0.187500,-3.750000,0.058824,5.000000,0.000000,0.000000,0.010000,0.000000,3.000000,0.000000,1.000000,0.000000,1.000000,0.000000,-0.001345,0.000625,0.000164,0.000502,0.005605,-0.001404,-0.003048,-0.000691,0.007180,-0.000547,-0.000743,0.000045,0.000479,0.002515,-0.009061,-0.000920,-0.000085,0.000792,-0.000773,-0.001733,-0.000133,0.001005,0.001496,0.001596,-0.000226,-0.001995,0.002358,-0.002888,0.000007,-0.000260,0.001256,0.003564,0.000542,-0.007621,0.007839,-0.000406,-0.005030,0.001036,-0.000879,-0.000419,0.008179,-0.000003,-0.000705,0.001175,-0.000855,-0.000055,0.008142,-0.000208,0.003513,-0.000454,-0.000988,-0.006989,-0.002286,0.523292,true,0.000000,4.127134,24.832307,2001-11-01,15.056250,-0.058219,0.000000,34,2,2024,31.125000,0.000000,0.000000,false,0.000000,0.023027,0.031096,16.000000,11.306250,0.199005,LAC,0.000000,0.000000,0.000000,0.000000,0.000000,0.000000,0.000000,0.000000,0.000000,0.279070,0.000000,0.937500,0.189873,0.927181,2026,0.775000,-0.050000,0.905000,-1.024756,-1.632022,0.000000,0.000000,0.000000,-0.107631,2.000000
38,Jaylen Waddle,WR,DEN,00-0036613,41.100000,43,36,3.583519,36,3.583519,-0.141651,-0.177681,-0.037838,-0.177681,5.219192,52.838333,18,5,42,1,4,1.767283,3.123288,0.000000,0.000000,1.000000,0.000000,0.036986,1.000000,1.000000,1.791759,0.000000,0.000000,0.000000,0.000000,0.000000,0.000000,0.000000,0.000000,0.000000,1494.540000,0.447334,0.625945,0.564054,0.605085,0.037281,1.000000,0.000000,0.000000,0.000000,0.000000,0.232943,0.435779,0.002049,0.018093,0.006013,-3.031250,0.010401,0.125000,2.159167,0.082353,5.000000,0.000000,0.000000,0.111000,0.000000,0.000000,1.000000,0.000000,0.000000,4.000000,0.000000,0.000800,0.000534,0.000164,0.000502,0.005605,-0.001404,-0.002230,0.003267,0.007180,-0.005289,-0.000947,-0.000546,0.000640,0.002515,0.010326,-0.000920,-0.000085,0.000792,-0.000773,-0.001733,0.000912,-0.002083,-0.002198,-0.001524,-0.000938,-0.001585,0.002358,-0.002888,0.000007,0.000220,0.001256,0.004408,0.001158,0.003346,-0.002767,0.000227,-0.004807,0.001548,0.005040,0.000174,0.006132,-0.000003,-0.000705,0.001175,0.001637,-0.000055,-0.004263,0.000412,-0.002206,-0.000454,0.009275,-0.006989,-0.001494,1.567656,true,0.000000,3.401197,27.767283,1998-11-25,15.487500,0.013948,0.000000,6,1,2021,20.941176,0.000000,0.000000,false,0.000000,-0.031055,-0.002697,16.000000,12.132500,0.185452,MIA,0.000000,0.000000,0.000000,0.000000,0.000000,0.000000,0.000000,0.000000,0.000000,0.296296,0.000000,0.687500,0.164179,1.670635,2026,0.776250,-0.165000,0.895000,-0.981711,-0.120257,0.000000,0.000000,0.000000,-0.141651,5.000000
39,Garrett Wilson,WR,NYJ,00-0037740,27.400000,28,27,3.295837,27,3.295837,-0.026668,-0.036368,-0.005405,-0.036368,5.206040,50.779167,19,-11,35,-7,-4,0.110883,0.012295,0.000000,0.000000,10.000000,0.000000,0.092740,0.000000,1.000000,2.302585,0.241870,0.256579,0.040268,0.201849,0.000000,0.000000,0.000000,1.000000,0.000000,1143.360000,-1.373289,0.609082,0.518987,0.258130,0.017544,1.000000,0.000000,0.000000,0.241870,0.000000,0.353893,0.583743,-0.011488,-0.045238,0.000000,-3.778571,0.019374,0.428571,-0.603361,0.147059,11.000000,0.000000,0.000000,0.116000,0.000000,0.000000,1.000000,0.000000,0.000000,1.000000,0.000000,-0.000411,0.000695,0.000164,0.000502,-0.035163,-0.001404,-0.005592,-0.000691,0.007180,-0.003893,-0.000257,-0.000058,0.000061,0.001160,-0.016002,-0.000920,-0.000085,0.000792,0.003611,-0.001733,-0.003449,0.010806,-0.004748,0.004533,-0.000219,-0.001918,0.002358,-0.002888,0.000007,-0.000176,0.001256,0.009025,0.001694,-0.021048,0.009220,-0.000406,-0.005753,0.003615,-0.023708,-0.000103,0.000503,-0.000064,-0.000705,0.001175,0.001760,-0.000055,-0.004263,0.000412,-0.002206,-0.000454,-0.000988,-0.006989,-0.000729,2.577619,true,0.000000,4.615121,26.110883,2000-07-22,14.817647,-0.012828,0.000000,10,1,2022,0.000000,0.000000,0.000000,false,0.000000,0.032800,0.003272,7.000000,14.214286,0.241206,NYJ,0.000000,0.000000,0.000000,0.000000,0.000000,0.000000,0.000000,0.000000,0.000000,0.083333,0.000000,0.714286,0.081967,1.952592,2026,0.870000,-0.192500,0.980000,-1.018735,3.762390,0.000000,0.000000,0.000000,-0.026668,4.000000
40,Jalen Hurts,QB,PHI,00-0036389,93.700000,97,56,4.025352,56,4.025352,-0.483174,-0.549359,-0.221622,-0.549359,5.576038,44.610000,4,57,121,-24,81,2.068446,4.278470,0.000000,2.068446,1.000000,0.000000,0.065296,0.000000,1.000000,3.970292,0.371739,0.024845,0.000000,0.133622,0.000000,0.000000,0.000000,0.000000,0.000000,1353.920000,-0.281682,0.604172,0.487805,0.000000,0.016563,1.000000,0.000000,0.000000,0.000000,0.000000,0.000000,0.000000,0.000000,0.000000,-0.023817,14.878750,0.027246,0.437500,-2.191750,0.089109,2.000000,0.000000,0.000000,0.227000,0.000000,0.000000,0.000000,1.000000,0.000000,3.000000,0.000000,0.001021,0.000475,0.000164,-0.001771,0.005605,-0.001404,-0.003937,-0.000691,0.007180,0.000666,-0.002997,0.000205,0.000584,0.002515,-0.007103,-0.000920,-0.000085,0.000792,-0.000773,-0.001733,-0.000835,0.003078,-0.005490,0.008725,0.000317,-0.001935,0.002358,-0.002888,0.000007,0.000220,0.001256,-0.004486,-0.000420,-0.000346,0.000657,-0.002910,0.017850,0.005429,-0.024554,-0.000263,0.005544,0.000027,-0.000705,0.001175,0.004498,-0.000055,-0.004263,-0.000208,0.003513,-0.000454,0.005854,-0.006989,-0.000130,3.368231,true,0.000000,4.615121,28.068446,1998-08-07,25.202667,-0.073593,0.000000,53,2,2020,0.000000,0.000000,2.000000,false,0.000000,-0.004209,0.047117,16.000000,18.816250,0.491596,PHI,0.000000,0.000000,0.000000,0.000000,0.000000,26.312500,0.000000,0.000000,0.000000,0.000000,0.363636,0.937500,0.000000,2.075693,2026,0.976250,-0.077500,1.000000,1.393168,1.667096,0.000000,0.000000,0.000000,-0.483174,6.000000
41,Terry McLaurin,WR,WAS,00-0035659,36.400000,38,43,3.761200,43,3.761200,0.099091,0.123614,0.027027,0.123614,5.125002,43.060417,21,-3,38,0,-3,4.962355,24.624963,0.000000,0.000000,7.000000,0.000000,0.009152,0.000000,1.000000,4.330733,0.523148,0.322314,0.164242,0.162077,1.000000,3.775714,0.000000,0.000000,0.000000,1272.060000,-0.706069,0.576938,0.471616,0.162037,0.002066,1.000000,0.000000,3.775714,0.523148,0.000000,0.232346,0.402274,0.005383,0.068843,0.000000,-3.453000,0.001577,0.100000,-4.332941,0.085470,7.000000,7.000000,0.000000,0.104000,0.000000,0.000000,0.000000,1.000000,0.000000,1.000000,0.000000,0.003136,-0.000576,0.000164,0.000502,-0.021573,-0.001404,-0.000552,-0.000691,0.007180,0.001652,0.000498,0.000510,-0.000087,-0.003011,-0.010814,0.005695,0.007050,0.000792,-0.000773,-0.001733,-0.001851,0.006082,-0.009608,0.010901,-0.000019,-0.002180,0.002358,-0.002888,-0.000606,-0.000637,0.001256,0.004385,0.001037,0.009355,-0.012374,-0.000406,-0.005341,-0.000485,0.007407,-0.000478,0.005861,-0.000023,0.006197,0.001175,0.001464,-0.000055,-0.004263,-0.000208,0.003513,-0.000454,-0.000988,-0.006989,-0.001512,1.544178,true,0.000000,4.615121,30.962355,1995-09-15,15.752941,0.010056,0.000000,76,3,2019,39.714286,0.000000,0.000000,false,0.000000,0.000177,0.005925,10.000000,11.420000,0.157618,WAS,0.000000,0.000000,0.000000,0.000000,0.000000,0.000000,0.000000,0.000000,0.000000,0.200000,0.000000,0.800000,0.156863,0.144226,2026,0.704000,0.092500,0.847500,0.490054,1.317978,0.000000,0.000000,0.000000,0.099091,7.000000
42,Emeka Egbuka,WR,TB,00-0040129,45.200000,45,37,3.610918,37,3.610918,-0.157186,-0.195745,-0.043243,-0.195745,5.204853,43.060417,20,3,44,1,2,-2.117728,4.484770,-0.000000,-0.000000,0.000000,0.000000,0.035489,0.000000,1.000000,2.944439,0.303142,0.300847,0.071287,0.156021,0.000000,0.000000,0.000000,0.000000,0.000000,1385.400000,-0.118481,0.637000,0.534057,0.216266,0.021186,1.000000,0.000000,0.000000,0.303142,0.000000,0.235646,0.373323,-0.003471,-0.094492,-0.004820,-6.237647,-0.001911,0.235294,0.000000,0.000000,2.000000,1.000000,0.000000,0.016000,0.000000,2.000000,1.000000,0.000000,0.000000,0.000000,1.000000,-0.002040,0.000464,0.000164,0.000502,0.010135,-0.001404,-0.002140,-0.000691,0.007180,-0.002138,-0.001040,0.000066,-0.000039,0.000117,-0.010024,-0.000920,-0.000085,0.000792,-0.000773,-0.001733,-0.000444,0.001923,-0.000526,0.002508,-0.000132,-0.001857,0.002358,-0.002888,0.000007,-0.000277,0.001256,0.004511,0.000932,-0.006602,0.018543,-0.000913,-0.008864,-0.001289,-0.005405,-0.000042,0.013297,0.000027,0.000281,0.001175,-0.000707,-0.000055,0.004007,0.000412,-0.002206,-0.000454,-0.004409,0.009665,-0.001885,1.052178,true,0.000000,3.583519,23.882272,2002-10-14,11.511765,0.011567,0.000000,19,1,2025,22.470588,0.000000,0.000000,false,0.000000,-0.006073,0.007863,17.000000,11.511765,0.183955,TB,0.000000,0.000000,0.000000,0.000000,0.000000,0.000000,0.000000,0.000000,0.000000,0.289474,0.045455,0.941176,0.197368,0.458908,2026,0.776471,-0.255000,0.922500,0.069777,-3.944081,0.000000,0.000000,0.000000,-0.157186,1.000000
43,Luther Burden III,WR,CHI,00-0040735,46.100000,46,46,3.828641,46,3.828641,0.000000,0.000000,0.000000,0.000000,5.100599,43.060417,22,3,50,-4,7,-3.278576,10.749063,-0.000000,-0.000000,2.000000,0.000000,-0.054643,0.000000,1.000000,3.663562,0.302632,0.039604,0.080093,0.154039,0.000000,0.000000,0.000000,0.000000,0.000000,1519.840000,0.578497,0.592891,0.513018,0.187970,0.000000,1.000000,0.000000,0.000000,0.302632,0.000000,0.130502,0.119750,0.010530,0.147382,0.010843,0.140000,-0.018120,0.066667,0.000000,0.117647,2.000000,0.000000,0.000000,0.010000,0.000000,2.000000,0.000000,1.000000,0.000000,0.000000,1.000000,-0.002888,0.000141,0.000164,0.000502,0.001075,-0.001404,0.003295,-0.000691,0.007180,-0.000172,-0.000097,0.000065,0.000551,-0.000180,-0.009766,-0.000920,-0.000085,0.000792,-0.000773,-0.001733,0.001226,-0.003011,-0.007196,0.005336,-0.000073,-0.002214,0.002358,-0.002888,0.000007,-0.000276,0.001256,0.000497,0.000013,0.018629,-0.027240,0.000734,-0.000795,-0.005023,0.010564,-0.000042,0.003062,0.000027,-0.000705,0.001175,-0.000855,-0.000055,0.004007,-0.000208,0.003513,-0.000454,-0.004409,0.009665,-0.003504,-1.084610,true,0.000000,2.302585,22.721424,2003-12-12,8.526667,-0.018797,0.000000,39,2,2025,22.529412,0.000000,0.000000,false,0.000000,-0.027812,-0.027593,15.000000,8.526667,0.093823,CHI,0.000000,0.000000,0.000000,0.000000,0.000000,0.000000,0.000000,0.000000,0.000000,0.022727,0.000000,0.266667,0.056338,0.458921,2026,0.396667,0.320000,0.605000,-1.291399,-3.948199,0.000000,0.000000,0.000000,0.000000,1.000000
44,Mike Evans,WR,SF,00-0031408,49.300000,53,50,3.912023,50,3.912023,-0.048790,-0.058269,-0.016216,-0.058269,5.053033,43.060417,23,9,56,-3,12,7.029432,49.412913,0.000000,0.000000,9.000000,0.000000,0.063798,1.000000,1.000000,1.945910,0.298893,0.195426,0.094545,0.196562,1.000000,7.887071,0.000000,0.000000,0.000000,1560.220000,0.787839,0.653626,0.529814,0.169742,0.006237,1.000000,0.000000,7.887071,0.298893,0.000000,0.243446,0.350817,-0.003018,0.005608,0.000000,-8.235000,-0.000036,0.000000,-6.571429,0.106599,15.000000,8.000000,1.000000,0.047000,0.000000,0.000000,1.000000,0.000000,0.000000,9.000000,0.000000,0.004647,-0.001855,0.000164,0.000502,-0.030633,-0.001404,-0.003847,0.003267,0.007180,-0.004868,-0.000390,0.000058,0.000199,-0.000666,-0.015312,0.005695,0.014818,0.000792,-0.000773,-0.001733,0.001727,-0.004493,0.001988,0.003078,-0.000035,-0.002109,0.002358,-0.002888,-0.001274,-0.000270,0.001256,0.004809,0.000850,-0.005785,-0.000404,-0.000406,-0.011391,-0.000857,0.016877,-0.000703,0.004023,-0.000104,0.007183,-0.015322,0.000058,-0.000055,-0.004263,0.000412,-0.002206,-0.000454,0.026380,-0.006989,-0.001684,1.317010,true,0.000000,3.931826,33.029432,1993-08-21,19.006250,-0.023672,0.000000,7,1,2014,16.333333,0.000000,0.000000,false,0.000000,-0.022154,0.004290,8.000000,10.600000,0.212264,TB,0.000000,0.000000,0.000000,0.000000,0.000000,0.000000,0.000000,0.000000,0.000000,0.184211,0.000000,1.125000,0.118421,-0.574647,2026,0.656250,0.042500,0.780000,-0.545102,-1.039375,0.000000,0.000000,0.000000,-0.048790,12.000000
45,Josh Jacobs,RB,GB,00-0035700,28.400000,31,45,3.806662,45,3.806662,0.293761,0.372675,0.075676,0.372675,4.963057,41.198333,17,-14,31,0,-14,2.553046,6.518043,2.553046,0.000000,2.000000,0.000000,0.130148,0.000000,1.000000,3.178054,0.369565,0.310976,0.000000,0.000000,0.000000,0.000000,0.000000,0.000000,0.000000,1420.000000,0.060896,0.611620,0.483193,0.036957,0.054878,1.000000,0.000000,0.000000,0.000000,0.310976,0.101539,-0.040164,-0.004379,-0.055736,-0.107828,2.228667,0.017850,0.266667,-1.434510,0.102564,5.000000,0.000000,0.000000,0.047000,0.000000,0.000000,1.000000,0.000000,0.000000,3.000000,0.000000,0.001375,0.000359,0.004661,0.000502,0.001075,-0.001404,-0.007848,-0.000691,0.007180,-0.001500,0.001666,0.000200,-0.000062,0.002515,0.010326,-0.000920,-0.000085,0.000792,-0.000773,-0.001733,-0.000014,0.000653,-0.004364,0.009345,0.000240,-0.001288,0.002358,-0.002888,0.000007,0.000220,-0.002566,-0.000609,-0.000566,-0.008238,0.011207,-0.011744,0.001847,0.003264,-0.008376,-0.000187,0.004374,-0.000003,-0.000705,0.001175,0.000058,-0.000055,-0.004263,0.000412,-0.002206,-0.000454,0.005854,-0.006989,0.002992,7.488042,true,0.000000,4.615121,28.553046,1998-02-11,19.311765,-0.015640,0.000000,24,1,2019,0.000000,0.000000,0.000000,false,0.000000,-0.012732,-0.019027,15.000000,15.806667,0.354281,GB,0.000000,0.000000,0.000000,0.000000,0.000000,0.000000,0.000000,0.000000,0.000000,0.040000,0.740741,2.400000,0.086957,1.249715,2026,0.590667,-0.257500,0.797500,-0.243720,0.821765,0.000000,0.000000,0.000000,0.293761,7.000000
46,Travis Etienne Jr.,RB,NO,00-0036973,39.500000,41,48,3.871201,48,3.871201,0.128617,0.157629,0.037838,0.157629,4.975720,41.198333,16,-5,51,-10,5,1.597536,2.552121,1.597536,0.000000,0.000000,0.000000,0.083075,1.000000,1.000000,3.218876,0.109244,0.167816,0.041975,0.000000,0.000000,0.000000,0.000000,0.000000,0.000000,1182.280000,-1.171516,0.654329,0.522503,0.159664,0.645977,1.000000,0.000000,0.000000,0.000000,0.167816,0.097634,-0.016504,-0.000450,0.025784,0.009210,1.483529,0.009157,0.176471,6.255294,0.029412,3.000000,3.000000,0.000000,0.040000,0.000000,0.000000,1.000000,0.000000,0.000000,2.000000,0.000000,0.000676,0.000564,0.002978,0.000502,0.010135,-0.001404,-0.005010,0.003267,0.007180,-0.001388,0.000675,-0.000326,0.000261,0.001103,0.010326,-0.000920,-0.000085,0.000792,-0.000773,-0.001733,-0.002966,0.009377,0.002094,0.004061,-0.000014,0.008694,0.002358,-0.002888,0.000007,0.000220,-0.000807,-0.000758,-0.000480,-0.001157,-0.004223,0.000563,0.000904,0.001261,0.000165,0.000586,0.010738,0.000017,0.002253,0.001175,-0.000115,-0.000055,-0.004263,0.000412,-0.002206,-0.000454,0.002433,-0.006989,0.002535,6.884630,true,0.000000,4.615121,27.597536,1999-01-26,16.611765,-0.009312,0.000000,25,1,2021,0.000000,0.000000,0.000000,false,0.000000,0.007946,-0.001205,17.000000,14.935294,0.307208,JAX,0.000000,0.000000,0.000000,0.000000,0.000000,0.000000,0.000000,0.000000,0.000000,0.023810,0.352941,2.117647,0.114943,0.938698,2026,0.601176,0.040000,0.695000,0.663408,-0.223824,0.000000,0.000000,0.000000,0.128617,5.000000
47,Javonte Williams,RB,DAL,00-0036997,35.800000,36,47,3.850148,47,3.850148,0.214410,0.266629,0.059459,0.266629,4.948201,39.991667,18,-11,46,-10,-1,0.351814,0.123773,0.351814,0.000000,1.000000,0.000000,0.097120,0.000000,1.000000,3.555348,0.069193,0.043011,0.000000,0.000000,0.000000,0.000000,0.000000,0.000000,0.000000,1689.500000,1.458065,0.638355,0.566231,0.037891,0.238710,1.000000,0.000000,0.000000,0.000000,0.043011,0.085971,-0.014886,-0.004436,-0.045924,-0.058364,1.236875,0.010395,0.187500,5.886765,0.176471,1.000000,0.000000,0.000000,0.027000,0.000000,0.000000,0.000000,1.000000,0.000000,0.000000,1.000000,-0.000234,0.000689,0.000784,0.000502,0.005605,-0.001404,-0.005856,-0.000691,0.007180,-0.000468,0.001190,-0.000406,0.000543,0.002515,0.010326,-0.000920,-0.000085,0.000792,-0.000773,-0.001733,0.003333,-0.009238,-0.000321,-0.001817,0.000238,0.001817,0.002358,-0.002888,0.000007,0.000220,0.000728,-0.001203,-0.000474,-0.008341,0.009350,-0.006543,0.000592,0.001547,-0.000879,0.000549,-0.002056,0.000037,-0.000705,0.001175,-0.000436,-0.000055,-0.004263,-0.000208,0.003513,-0.000454,-0.004409,0.009665,0.002650,7.036792,true,0.000000,4.615121,26.351814,2000-04-25,15.175000,0.034416,0.000000,35,2,2021,0.000000,0.000000,0.000000,false,0.000000,-0.019691,-0.037530,16.000000,15.175000,0.321252,DAL,0.000000,0.000000,0.000000,0.000000,0.000000,0.000000,0.000000,0.000000,0.000000,0.017544,0.606061,2.500000,0.115385,-1.633901,2026,0.690000,-0.240000,0.827500,0.541055,1.599706,0.000000,0.000000,0.000000,0.214410,5.000000
48,Joe Burrow,QB,CIN,00-0036442,47.600000,49,44,3.784190,44,3.784190,-0.088553,-0.107631,-0.027027,-0.107631,5.559301,37.375417,5,1,30,19,-18,3.724846,13.874478,0.000000,3.724846,9.000000,0.000000,0.079426,0.000000,1.000000,0.000000,0.067434,0.023256,0.000000,0.000000,0.000000,0.000000,0.000000,0.000000,0.000000,1583.160000,0.906766,0.664746,0.611055,0.000000,0.054264,1.000000,0.000000,0.000000,0.000000,0.000000,0.000000,0.000000,0.000000,0.000000,0.005902,15.757500,-0.048945,0.500000,-5.123088,0.237624,9.000000,0.000000,0.000000,0.245000,0.000000,0.000000,1.000000,0.000000,0.000000,1.000000,0.000000,0.002231,-0.000021,0.000164,-0.003590,-0.030633,-0.001404,-0.004790,-0.000691,0.007180,-0.010188,-0.000628,-0.000410,0.000588,0.002515,0.010326,-0.000920,-0.000085,0.000792,-0.000773,-0.001733,0.002012,-0.005335,0.003669,-0.007842,0.000317,-0.001298,0.002358,-0.002888,0.000007,0.000220,0.001256,-0.004486,-0.000420,-0.000346,0.000657,0.000215,0.018962,-0.012125,-0.030472,-0.000557,-0.007376,-0.000044,-0.000705,0.001175,0.004942,-0.000055,-0.004263,0.000412,-0.002206,-0.000454,-0.000988,-0.006989,-0.002528,0.203851,true,0.000000,4.615121,29.724846,1996-12-10,21.930588,0.050412,0.000000,1,1,2020,0.000000,0.000000,9.000000,false,0.000000,-0.012981,-0.061867,8.000000,16.807500,0.505727,CIN,0.000000,0.000000,0.000000,0.000000,0.000000,5.125000,0.000000,0.000000,0.000000,0.000000,0.050000,0.166667,0.000000,0.000000,2026,0.877500,0.105000,1.000000,0.204518,0.429154,0.000000,0.000000,0.000000,-0.088553,6.000000
49,Colston Loveland,TE,CHI,00-0040126,47.300000,48,38,3.637586,38,3.637586,-0.189242,-0.233615,-0.054054,-0.233615,5.086042,36.204167,3,-1,49,-1,0,-3.604381,12.991559,-0.000000,-0.000000,1.000000,0.000000,0.031665,0.000000,1.000000,2.302585,0.302632,0.039604,0.000000,0.163151,0.000000,0.000000,0.000000,0.000000,0.000000,1519.840000,0.578497,0.592891,0.513018,0.090226,0.000000,1.000000,0.000000,0.000000,0.302632,0.000000,0.166091,0.179807,0.013688,0.190642,0.003157,-0.670000,0.014460,0.187500,0.000000,0.058824,2.000000,0.000000,0.000000,0.024000,0.000000,2.000000,1.000000,0.000000,0.000000,0.000000,1.000000,-0.003127,0.000025,0.000164,0.000502,0.005605,-0.001404,-0.001909,-0.000691,0.007180,-0.003893,-0.001233,0.000065,0.000551,0.002515,-0.010954,-0.000920,-0.000085,0.000792,-0.000773,-0.001733,0.001226,-0.003011,-0.007196,0.005336,0.000130,-0.002214,0.002358,-0.002888,0.000007,-0.000276,0.001256,0.001855,0.000231,0.024319,-0.035428,-0.000074,-0.001820,0.002483,-0.000879,-0.000042,0.008179,0.000027,-0.000705,0.001175,-0.000510,-0.000055,0.004007,0.000412,-0.002206,-0.000454,-0.004409,0.009665,-0.002106,0.760051,true,0.000000,4.615121,22.395619,2004-04-09,10.318750,-0.018797,0.000000,10,1,2025,22.529412,0.000000,0.000000,false,0.000000,-0.027812,-0.027593,16.000000,10.318750,0.218050,CHI,0.000000,0.000000,0.000000,0.000000,0.000000,0.000000,0.000000,0.000000,0.000000,0.136364,0.000000,1.000000,0.211268,0.891692,2026,0.645000,0.397500,0.842500,-0.567087,-1.269890,0.000000,0.000000,0.000000,-0.189242,1.000000
50,Davante Adams,WR,LAR,00-0031381,40.600000,42,49,3.891820,49,3.891820,0.126294,0.154151,0.037838,0.154151,5.052668,36.095000,24,-8,41,1,-9,7.686516,59.082530,0.000000,0.000000,3.000000,0.000000,0.228384,1.000000,1.000000,3.970292,0.025818,0.019355,0.000000,0.131073,0.000000,0.000000,0.000000,0.000000,0.000000,1800.180000,2.031863,0.630326,0.555449,0.409639,0.027957,2.000000,0.000000,0.000000,0.025818,0.000000,0.251455,0.379713,-0.005822,-0.058380,0.000000,-3.512857,0.074384,0.357143,-1.314286,0.106599,11.000000,8.000000,1.000000,0.079000,0.000000,0.000000,0.000000,1.000000,0.000000,5.000000,0.000000,0.005128,-0.002354,0.000164,0.000502,-0.003454,-0.001404,-0.013772,0.003267,0.007180,0.000666,0.000661,-0.000494,0.000596,0.002515,-0.006770,-0.000920,-0.000085,0.000792,-0.000773,-0.001733,0.004708,-0.013300,-0.001535,-0.000368,-0.000533,-0.001742,-0.002680,-0.002888,0.000007,0.000178,0.001256,0.005114,0.000955,-0.010838,0.011708,-0.000406,-0.005417,0.016289,-0.016944,-0.000174,0.004023,-0.000064,0.007183,-0.015322,0.000847,-0.000055,-0.004263,-0.000208,0.003513,-0.000454,0.012696,-0.006989,0.002288,6.558817,true,3.688879,4.615121,33.686516,1992-12-24,25.600000,0.006798,0.000000,53,2,2014,0.058824,0.000000,0.000000,false,0.000000,0.000000,0.000000,14.000000,15.921429,0.376851,LA,0.000000,0.000000,0.000000,0.000000,0.000000,0.000000,0.000000,0.000000,0.000000,0.528302,0.000000,2.285714,0.293578,2.557043,2026,0.714286,-0.245000,0.867500,-0.376244,-0.890846,0.000000,0.000000,0.000000,0.126294,12.000000
51,Cam Skattebo,RB,NYG,00-0040715,37.400000,40,54,3.988984,54,3.988984,0.246860,0.300105,0.075676,0.300105,4.845290,33.125417,19,-11,47,-7,-4,-1.430527,2.046408,-1.430527,-0.000000,9.000000,0.000000,0.104763,0.000000,1.000000,4.653960,0.357002,0.043053,0.001972,0.000000,0.000000,0.000000,0.000000,0.000000,1.000000,1389.820000,-0.095566,0.591587,0.498035,0.132150,0.577299,1.000000,0.000000,0.000000,0.000000,0.043053,0.129163,-0.006593,0.002895,0.006243,0.032525,2.431250,0.020122,0.250000,0.000000,0.529412,9.000000,0.000000,0.000000,0.005000,0.000000,2.000000,0.000000,0.000000,0.000000,0.000000,1.000000,-0.001537,0.000590,-0.002356,0.000502,-0.030633,-0.001404,-0.006317,-0.000691,0.007180,0.002535,0.001385,0.000175,0.000543,0.002449,0.010326,-0.000920,-0.000085,0.000792,-0.000773,0.007096,-0.000389,0.001761,-0.007393,0.007350,0.000043,0.007535,0.002358,-0.002888,0.000007,0.000220,0.000727,0.000446,-0.000444,0.004871,-0.000524,0.003014,0.002103,0.003788,-0.006798,-0.000042,-0.032762,-0.000044,-0.000705,0.001175,-0.000978,-0.000055,0.004007,-0.000208,-0.002206,-0.000454,-0.004409,0.009665,0.003686,8.402704,true,0.000000,4.615121,24.569473,2002-02-05,15.962500,-0.038264,-0.004484,105,4,2025,0.000000,0.000000,0.000000,false,0.000000,0.011476,-0.031517,8.000000,15.962500,0.328896,NYG,0.000000,0.000000,0.000000,0.000000,0.000000,0.000000,0.000000,0.000000,0.000000,0.000000,0.322581,2.125000,0.058824,0.684542,2026,0.522500,0.055000,0.685000,0.169014,1.210000,0.000000,0.000000,0.000000,0.246860,1.000000
52,Malik Nabers,WR,NYG,00-0039337,43.500000,44,40,3.688879,40,3.688879,-0.076961,-0.095310,-0.021622,-0.095310,5.052501,30.805833,25,-8,43,1,-9,-2.903491,8.430259,-0.000000,-0.000000,13.000000,0.000000,0.061691,0.000000,1.000000,1.791759,0.357002,0.043053,0.339303,0.160544,0.000000,0.000000,0.000000,0.000000,1.000000,1389.820000,-0.095566,0.591587,0.498035,0.226824,0.000000,1.000000,0.000000,0.000000,0.357002,0.000000,0.270833,0.487069,0.000000,0.000000,0.000000,-8.562500,0.008720,0.250000,-3.965000,0.441176,18.000000,1.000000,0.000000,0.029000,0.000000,3.000000,1.000000,0.000000,0.000000,1.000000,0.000000,-0.002614,0.000260,0.000164,0.000502,-0.048752,-0.001404,-0.003720,-0.000691,0.007180,-0.005289,-0.000559,0.000175,0.000543,-0.008901,-0.010614,-0.000920,-0.000085,0.000792,-0.000773,0.007096,-0.000389,0.001761,-0.007393,0.007350,-0.000154,-0.002214,0.002358,-0.002888,0.000007,-0.000365,0.001256,0.005854,0.001344,-0.000346,0.000657,-0.000406,-0.011805,0.001161,-0.006798,-0.000441,-0.025086,-0.000135,0.000281,0.001175,-0.000386,-0.000055,0.008142,0.000412,-0.002206,-0.000454,-0.000988,-0.006989,0.000438,4.117054,true,0.000000,4.615121,23.096509,2003-07-28,18.240000,-0.038264,-0.004484,6,1,2024,34.785714,0.000000,0.000000,false,0.000000,0.011476,-0.031517,4.000000,14.275000,0.210158,NYG,0.000000,0.000000,0.000000,0.000000,0.000000,0.000000,0.000000,0.000000,0.000000,0.133333,0.000000,1.000000,0.058824,0.213270,2026,0.795000,0.000000,0.795000,1.086040,3.459154,0.000000,0.000000,0.000000,-0.076961,2.000000
53,Caleb Williams,QB,CHI,00-0039918,108.000000,112,66,4.189655,66,4.189655,-0.473288,-0.528844,-0.248649,-0.528844,5.538503,30.362500,6,59,124,-12,71,-1.214237,1.474371,-0.000000,-1.214237,0.000000,0.000000,-0.011441,0.000000,1.000000,0.000000,0.302632,0.039604,0.000000,0.000000,0.000000,0.000000,0.000000,0.000000,0.000000,1519.840000,0.578497,0.592891,0.513018,0.000000,0.003960,1.000000,0.000000,0.000000,0.000000,0.000000,0.003460,-0.000674,-0.000097,0.000000,-0.037478,15.834706,0.001688,0.411765,3.743529,0.000000,0.000000,0.000000,0.000000,0.039000,0.000000,3.000000,1.000000,0.000000,0.000000,0.000000,1.000000,-0.001379,0.000620,0.000164,0.001836,0.010135,-0.001404,0.000690,-0.000691,0.007180,-0.010188,-0.002938,0.000065,0.000551,0.002515,0.010326,-0.000920,-0.000085,0.000792,-0.000773,-0.001733,0.001226,-0.003011,-0.007196,0.005336,0.000317,-0.002148,0.002358,-0.002888,0.000007,0.000220,0.001256,-0.004354,-0.000423,-0.000521,0.000657,-0.004347,0.019060,-0.000459,-0.022117,0.000334,0.013297,0.000047,-0.000705,0.001175,-0.000140,-0.000055,0.008142,0.000412,-0.002206,-0.000454,-0.004409,0.009665,0.000473,4.163861,true,0.000000,4.615121,24.785763,2001-11-18,18.716471,-0.018797,0.000000,1,1,2024,0.000000,0.000000,0.000000,false,0.000000,-0.027812,-0.027593,17.000000,18.716471,0.414860,CHI,0.000000,0.000000,0.000000,0.000000,0.000000,22.529412,0.000000,0.000000,0.000000,0.022727,0.071429,0.470588,0.014085,1.198919,2026,0.990588,0.040000,1.000000,-0.854098,-1.447022,0.000000,0.000000,0.000000,-0.473288,2.000000
54,Tyler Warren,TE,IND,00-0040128,54.200000,54,53,3.970292,53,3.970292,-0.015748,-0.018692,-0.005405,-0.018692,5.031665,28.681250,4,0,54,0,0,-1.726215,2.979818,-0.000000,-0.000000,0.000000,0.000000,-0.027234,0.000000,1.000000,2.639057,0.254864,0.058824,0.000000,0.000000,0.000000,0.000000,0.000000,0.000000,0.000000,1488.400000,0.415502,0.600847,0.537657,0.052529,0.000000,1.000000,0.000000,0.000000,0.254864,0.000000,0.214844,0.149417,-0.000591,-0.003590,-0.000074,-1.484706,-0.015456,0.000000,0.000000,0.000000,2.000000,0.000000,0.000000,0.019000,0.000000,2.000000,1.000000,0.000000,0.000000,0.000000,1.000000,-0.001754,0.000542,0.000164,0.000502,0.010135,-0.001404,0.001642,-0.000691,0.007180,-0.002973,-0.000191,-0.000031,0.000507,0.002515,0.010326,-0.000920,-0.000085,0.000792,-0.000773,-0.001733,0.000836,-0.001857,-0.005993,0.002024,0.000208,-0.002214,0.002358,-0.002888,0.000007,-0.000198,0.001256,0.003717,0.000121,-0.001412,0.001337,-0.000414,-0.002851,-0.004409,0.016877,-0.000042,0.013297,0.000027,-0.000705,0.001175,-0.000633,-0.000055,0.004007,0.000412,-0.002206,-0.000454,-0.004409,0.009665,-0.000732,2.573539,true,0.000000,4.615121,24.273785,2002-05-24,11.088235,-0.015208,0.000000,14,1,2025,12.615385,0.000000,0.000000,false,0.000000,-0.017145,-0.020534,17.000000,11.088235,0.159151,IND,0.000000,0.000000,0.000000,0.000000,0.000000,0.000000,0.000000,0.000000,0.000000,0.178571,0.083333,1.588235,0.277108,-3.758413,2026,0.838235,0.037500,0.917500,0.200872,-0.731949,0.000000,0.000000,0.000000,-0.015748,1.000000
55,TreVeyon Henderson,RB,NE,00-0040734,57.800000,59,61,4.110874,61,4.110874,0.028573,0.033336,0.010811,0.033336,4.838821,21.637083,20,4,72,-13,17,-2.139630,4.578018,-2.139630,-0.000000,0.000000,0.000000,0.066847,0.000000,1.000000,3.637586,0.271784,0.098990,0.003656,0.125905,0.000000,0.000000,0.000000,0.000000,0.000000,1640.360000,1.203308,0.605294,0.493347,0.082988,0.309091,1.000000,0.000000,0.000000,0.000000,0.098990,0.083926,-0.000393,-0.003366,-0.065274,0.076530,2.074706,0.012536,0.176471,0.000000,0.000000,0.000000,0.000000,0.000000,0.010000,0.000000,2.000000,0.000000,1.000000,0.000000,0.000000,1.000000,-0.002056,0.000459,-0.003605,0.000502,0.010135,-0.001404,-0.004031,-0.000691,0.007180,-0.000243,0.000075,0.000003,0.000417,0.002392,-0.006096,-0.000920,-0.000085,0.000792,-0.000773,-0.001733,0.002723,-0.007434,-0.005320,0.007980,0.000145,0.003005,0.002358,-0.002888,0.000007,0.000220,0.000039,-0.001281,-0.000422,-0.006411,0.013013,0.007642,0.001652,0.002040,0.000165,-0.000042,0.013297,0.000047,-0.000705,0.001175,-0.000855,-0.000055,0.004007,-0.000208,0.003513,-0.000454,-0.004409,0.009665,0.001165,5.076498,true,0.000000,2.564949,23.860370,2002-10-22,12.129412,-0.061853,0.000000,38,2,2025,0.000000,0.000000,0.000000,false,0.000000,0.013224,0.011405,17.000000,12.129412,0.290980,NE,0.000000,0.000000,0.000000,0.000000,0.000000,0.000000,0.000000,0.000000,0.000000,0.027778,0.275862,1.470588,0.060606,1.904483,2026,0.458824,0.040000,0.780000,-0.256522,-1.913529,0.000000,0.000000,0.000000,0.028573,1.000000
56,Jameson Williams,WR,DET,00-0037240,48.700000,51,52,3.951244,52,3.951244,0.016261,0.019418,0.005405,0.019418,5.021624,13.886250,27,-5,52,-1,-4,-0.565366,0.319639,-0.000000,-0.000000,0.000000,0.000000,0.042530,0.000000,1.000000,2.484907,0.145455,0.377828,0.072621,0.135119,0.000000,0.000000,0.000000,0.000000,0.000000,1691.480000,1.468330,0.627084,0.554435,0.369091,0.009050,2.000000,0.000000,0.000000,0.145455,0.000000,0.186200,0.321235,0.004344,0.013021,-0.000789,-1.584118,0.016392,0.176471,-1.211373,0.264706,3.000000,0.000000,0.000000,0.096000,0.000000,0.000000,1.000000,0.000000,0.000000,1.000000,0.000000,-0.000905,0.000679,0.000164,0.000502,0.010135,-0.001404,-0.002565,-0.000691,0.007180,-0.003394,0.000001,-0.000252,-0.000212,0.000072,-0.007298,-0.000920,-0.000085,0.000792,-0.000773,-0.001733,0.003358,-0.009310,-0.002026,-0.000231,-0.000449,-0.002062,-0.002680,-0.002888,0.000007,-0.000018,0.001256,0.002623,0.000743,0.007481,-0.001807,-0.000489,-0.002977,0.002928,0.000165,-0.000164,-0.009733,0.000017,-0.000705,0.001175,0.001266,-0.000055,-0.004263,0.000412,-0.002206,-0.000454,-0.000988,-0.006989,0.000203,3.806955,true,3.806662,4.615121,25.434634,2001-03-26,14.146667,-0.002782,0.000000,12,1,2022,2.647059,0.000000,0.000000,false,0.000000,-0.002579,0.011535,17.000000,12.935294,0.190996,DET,0.000000,0.000000,0.000000,0.000000,0.000000,0.000000,0.000000,0.000000,0.000000,0.133333,0.000000,0.588235,0.100000,3.302748,2026,0.901765,0.007500,0.960000,-0.393614,-2.940846,0.000000,0.000000,0.000000,0.016261,4.000000
57,Rome Odunze,WR,CHI,00-0039919,54.200000,55,59,4.077537,59,4.077537,0.059719,0.070204,0.021622,0.070204,4.964321,13.886250,30,-2,57,-2,0,-1.753593,3.075090,-0.000000,-0.000000,5.000000,0.000000,0.097940,0.000000,1.000000,2.197225,0.302632,0.039604,0.080093,0.154039,0.000000,0.000000,0.000000,0.000000,0.000000,1519.840000,0.578497,0.592891,0.513018,0.131579,0.011881,2.000000,0.000000,0.000000,0.302632,0.000000,0.236349,0.373639,-0.004441,-0.022674,0.000000,-6.378333,0.018244,0.166667,3.651471,0.147059,6.000000,0.000000,0.000000,0.022000,0.000000,3.000000,1.000000,0.000000,0.000000,0.000000,1.000000,-0.001774,0.000537,0.000164,0.000502,-0.012514,-0.001404,-0.005906,-0.000691,0.007180,-0.004181,0.000261,0.000065,0.000551,-0.000180,-0.009766,-0.000920,-0.000085,0.000792,-0.000773,-0.001733,0.001226,-0.003011,-0.007196,0.005336,0.000044,-0.002014,-0.002680,-0.002888,0.000007,-0.000276,0.001256,0.004538,0.000933,-0.008349,0.004949,-0.000406,-0.009042,0.003355,0.001094,0.000324,0.000503,-0.000013,-0.000705,0.001175,-0.000559,-0.000055,0.008142,0.000412,-0.002206,-0.000454,-0.004409,0.009665,0.000004,3.544374,true,2.302585,4.615121,24.246407,2002-06-03,12.175000,-0.018797,0.000000,9,1,2024,22.529412,0.000000,0.000000,false,0.000000,-0.027812,-0.027593,12.000000,12.175000,0.246407,CHI,0.000000,0.000000,0.000000,0.000000,0.000000,0.000000,0.000000,0.000000,0.000000,0.250000,0.000000,1.083333,0.183099,1.292714,2026,0.880833,-0.120000,0.977500,-1.291399,-3.948199,0.000000,0.000000,0.000000,0.059719,2.000000
58,Christian Watson,WR,GB,00-0038124,60.500000,63,58,4.060443,58,4.060443,-0.070952,-0.082692,-0.027027,-0.082692,4.983526,13.886250,28,5,60,3,2,1.307324,1.709095,0.000000,0.000000,7.000000,0.000000,0.123437,0.000000,1.000000,3.526361,0.369565,0.310976,0.012915,0.000000,0.000000,0.000000,0.000000,0.000000,0.000000,1420.000000,0.060896,0.611620,0.483193,0.169565,0.048780,1.000000,0.000000,0.000000,0.369565,0.000000,0.203075,0.359594,0.012746,0.063255,0.002222,-1.909000,0.058720,0.300000,5.718571,0.308824,13.000000,0.000000,1.000000,0.076000,0.000000,0.000000,0.000000,1.000000,0.000000,0.000000,1.000000,0.000464,0.000607,0.000164,0.000502,-0.021573,-0.001404,-0.007443,-0.000691,0.007180,-0.000547,-0.000523,0.000200,-0.000062,0.002081,0.010326,-0.000920,-0.000085,0.000792,-0.000773,-0.001733,-0.000014,0.000653,-0.004364,0.009345,-0.000035,-0.001391,0.002358,-0.002888,0.000007,-0.000386,0.001256,0.003267,0.000882,0.022621,-0.011316,-0.000172,-0.003388,0.012680,-0.011533,0.000532,-0.013571,-0.000084,-0.000705,-0.015322,0.000773,-0.000055,-0.004263,-0.000208,0.003513,-0.000454,-0.004409,0.009665,0.000760,4.542097,true,0.000000,3.135494,27.307324,1999-05-12,13.240000,-0.015640,0.000000,34,2,2022,13.266667,0.000000,0.000000,false,0.000000,-0.012732,-0.019027,10.000000,13.240000,0.271903,GB,0.000000,0.000000,0.000000,0.000000,0.000000,0.000000,0.000000,0.000000,0.000000,0.200000,0.000000,0.600000,0.086957,3.444392,2026,0.677000,-0.085000,0.792500,-0.026347,-0.942316,0.000000,0.000000,0.000000,-0.070952,4.000000
59,Carnell Tate,WR,TEN,TAT143045,62.100000,64,64,4.158883,64,4.158883,0.000000,0.000000,0.000000,0.000000,4.975112,13.886250,29,5,61,3,2,-4.384668,19.225314,-0.000000,-0.000000,0.000000,0.985185,-0.148466,0.000000,0.000000,1.386294,0.280943,0.000000,0.276134,0.000000,0.000000,0.000000,0.000000,0.000000,1.000000,1115.640000,-1.516997,0.660697,0.573844,0.414538,0.029101,1.000000,1.000000,0.000000,0.280943,0.000000,0.000000,0.000000,0.000000,0.000000,0.000000,0.000000,0.000000,0.000000,0.000000,0.000000,0.000000,0.000000,0.000000,0.000000,0.000000,0.000000,1.000000,0.000000,0.000000,0.000000,0.000000,-0.003697,-0.000297,0.000164,0.000502,0.010135,0.013690,0.008953,-0.000691,-0.052461,-0.006398,-0.000097,0.000021,0.000640,-0.006776,0.010326,-0.000920,-0.000085,0.000792,-0.000773,0.007096,-0.003794,0.011823,0.003057,-0.002840,-0.000543,-0.001723,0.002358,0.025501,0.000007,-0.000240,0.001256,-0.004486,-0.000420,-0.000346,0.000657,-0.000406,-0.000973,-0.000848,0.016877,-0.000042,0.013297,0.000047,-0.000705,0.001175,-0.001102,-0.000055,-0.004263,0.000412,-0.002206,-0.000454,-0.004409,-0.006989,-0.002682,-0.000000,false,0.000000,3.332205,21.615332,2005-01-19,0.000000,0.058196,0.016166,4,1,2026,9.352941,0.000000,0.000000,true,0.000000,0.021608,-0.008104,0.000000,0.000000,0.000000,,0.000000,0.000000,0.000000,0.000000,0.000000,0.000000,1.000000,4.215824,0.276781,0.000000,0.000000,0.000000,0.000000,0.000000,2026,0.000000,0.000000,0.000000,1.243756,0.823860,0.000000,0.000000,0.000000,0.000000,0.000000
60,DJ Moore,WR,BUF,00-0034827,64.900000,67,51,3.931826,51,3.931826,-0.232932,-0.272867,-0.086486,-0.272867,5.049984,13.886250,26,7,64,3,4,3.382615,11.442082,0.000000,0.000000,0.000000,0.000000,0.118696,1.000000,1.000000,3.178054,0.162698,0.031079,0.008052,0.143322,0.000000,0.000000,0.000000,0.000000,0.000000,1656.240000,1.285635,0.574554,0.479543,0.426587,0.001828,1.000000,0.000000,0.000000,0.162698,0.000000,0.161340,0.215365,-0.001493,-0.003440,-0.020471,-1.969412,0.021577,0.235294,-3.877647,0.015038,2.000000,1.000000,0.000000,0.108000,0.000000,0.000000,1.000000,0.000000,0.000000,2.000000,0.000000,0.001981,0.000105,0.000164,0.000502,0.010135,-0.001404,-0.007158,0.003267,0.007180,-0.001500,-0.001495,-0.000218,0.000570,0.002244,-0.008368,-0.000920,-0.000085,0.000792,-0.000773,-0.001733,0.002920,-0.008017,-0.009968,0.009835,-0.000568,-0.002184,0.002358,-0.002888,0.000007,-0.000047,0.001256,0.001674,0.000360,-0.003037,0.001309,-0.002558,-0.003464,0.004123,-0.005405,-0.000432,0.011989,0.000027,0.000281,0.001175,0.001562,-0.000055,-0.004263,0.000412,-0.002206,-0.000454,0.002433,-0.006989,-0.001983,0.923320,true,0.000000,3.688879,29.382615,1997-04-14,16.852941,-0.024587,0.000000,24,1,2018,36.187500,0.000000,0.000000,false,0.000000,0.002375,-0.044101,17.000000,10.128235,0.267162,CHI,0.000000,0.000000,0.000000,0.000000,0.000000,0.000000,0.000000,0.000000,0.000000,0.295455,0.000000,0.705882,0.154930,2.387528,2026,0.848235,0.055000,0.930000,-0.521849,-1.191728,0.000000,0.000000,0.000000,-0.232932,8.000000
61,Marvin Harrison Jr.,WR,ARI,00-0039849,64.700000,66,65,4.174387,65,4.174387,-0.013245,-0.015267,-0.005405,-0.015267,4.924586,13.569167,31,5,63,3,2,-1.942505,3.773326,-0.000000,-0.000000,5.000000,0.000000,0.039327,0.000000,1.000000,1.386294,0.214171,0.471233,0.107184,0.139471,0.000000,0.000000,0.000000,1.000000,0.000000,1509.960000,0.527276,0.689753,0.629817,0.233494,0.000000,1.000000,0.000000,0.000000,0.214171,0.000000,0.180546,0.338355,-0.005878,-0.059858,0.000000,-3.993333,0.006372,0.083333,-0.908824,0.147059,8.000000,0.000000,0.000000,0.035000,0.000000,3.000000,1.000000,0.000000,0.000000,1.000000,0.000000,-0.001912,0.000501,0.000164,0.000502,-0.012514,-0.001404,-0.002371,-0.000691,0.007180,-0.006398,-0.000176,-0.000114,-0.000423,-0.001091,-0.007866,-0.000920,-0.000085,0.000792,0.003611,-0.001733,0.001103,-0.002649,0.007451,-0.010364,-0.000168,-0.002214,0.002358,-0.002888,0.000007,-0.000131,0.001256,0.002407,0.000805,-0.010938,0.011988,-0.000406,-0.006024,0.000620,0.008985,-0.000134,0.000503,-0.000034,-0.000705,0.001175,-0.000238,-0.000055,0.008142,0.000412,-0.002206,-0.000454,-0.000988,-0.006989,-0.000864,2.399424,true,0.000000,2.890372,24.057495,2002-08-11,11.558824,0.026810,0.000000,4,1,2024,0.000000,0.000000,0.000000,false,0.000000,0.013798,0.025602,12.000000,10.650000,0.187793,ARI,0.000000,0.000000,0.000000,0.000000,0.000000,0.000000,0.000000,0.000000,0.000000,0.270833,0.000000,0.916667,0.104762,-0.029278,2026,0.712500,-0.315000,0.932500,0.072961,-0.850846,0.000000,0.000000,0.000000,-0.013245,2.000000
62,Harold Fannin Jr.,TE,CLE,00-0040663,69.100000,69,71,4.262680,71,4.262680,0.025001,0.028573,0.010811,0.028573,4.923067,12.693750,5,7,62,7,0,-3.883641,15.082670,-0.000000,-0.000000,1.000000,0.000000,0.038937,0.000000,1.000000,4.204693,0.179048,0.081340,0.023109,0.134810,0.000000,0.000000,0.000000,1.000000,1.000000,1082.480000,-1.688909,0.683153,0.556734,0.020952,0.000000,1.000000,0.000000,0.000000,0.179048,0.000000,0.218434,0.201867,0.006943,0.104086,0.008264,-1.470000,0.003575,0.062500,0.000000,0.058824,3.000000,3.000000,0.000000,0.006000,0.000000,2.000000,0.000000,1.000000,0.000000,0.000000,1.000000,-0.003331,-0.000083,0.000164,0.000502,0.005605,-0.001404,-0.002348,-0.000691,0.007180,0.001307,0.000053,-0.000185,0.000457,0.001738,-0.007258,-0.000920,-0.000085,0.000792,0.003611,0.007096,-0.004206,0.013040,0.006453,-0.000540,0.000273,-0.002214,0.002358,-0.002888,0.000007,-0.000073,0.001256,0.003854,0.000311,0.012165,-0.019045,0.000463,-0.002832,-0.000025,0.010958,-0.000042,0.008179,0.000017,0.002253,0.001175,-0.000954,-0.000055,0.004007,-0.000208,0.003513,-0.000454,-0.004409,0.009665,0.000391,4.055885,true,0.000000,4.615121,22.116359,2004-07-20,11.650000,0.000000,0.000000,67,3,2025,0.000000,0.000000,0.000000,false,0.000000,0.014484,0.038544,16.000000,11.650000,0.225322,CLE,0.000000,0.000000,0.000000,0.000000,0.000000,0.000000,0.000000,0.000000,0.000000,0.120000,0.041667,0.750000,0.192982,2.380872,2026,0.759375,0.027500,0.920000,0.984678,1.970993,0.000000,0.000000,0.000000,0.025001,1.000000
63,DK Metcalf,WR,PIT,00-0035640,56.800000,58,72,4.276666,72,4.276666,0.187212,0.216223,0.075676,0.216223,4.923173,12.051667,32,-5,58,0,-5,2.714579,7.368939,0.000000,0.000000,2.000000,0.000000,0.075893,0.000000,1.000000,4.158883,0.503650,0.339066,0.215953,0.179052,0.000000,0.000000,0.000000,1.000000,1.000000,1405.980000,-0.011788,0.645173,0.573822,0.049270,0.000000,1.000000,0.000000,0.000000,0.503650,0.000000,0.224114,0.383731,0.001708,0.023711,0.005556,-2.372000,0.020884,0.133333,-0.266667,0.042735,4.000000,0.000000,0.000000,0.118000,0.000000,0.000000,0.000000,1.000000,0.000000,5.000000,0.000000,0.001493,0.000315,0.000164,0.000502,0.001075,-0.001404,-0.004576,-0.000691,0.007180,0.001182,0.001027,0.000471,-0.000125,-0.004751,-0.013028,-0.000920,-0.000085,0.000792,0.003611,0.007096,-0.000188,0.001168,0.000710,-0.002837,0.000215,-0.002214,0.002358,-0.002888,0.000007,-0.000605,0.001256,0.004071,0.000969,0.002731,-0.003831,0.000178,-0.003973,0.003963,0.004251,-0.000069,0.009579,0.000007,-0.000705,0.001175,0.001809,-0.000055,-0.004263,-0.000208,0.003513,-0.000454,0.012696,-0.006989,0.000825,4.627746,true,0.000000,2.564949,28.714579,1997-12-14,17.081250,0.018398,-0.023609,64,2,2019,0.000000,0.000000,0.000000,false,0.000000,-0.012890,-0.002149,15.000000,12.480000,0.224359,PIT,0.000000,0.000000,0.000000,0.000000,0.000000,0.000000,0.000000,0.000000,0.000000,0.294118,0.000000,0.933333,0.166667,1.743965,2026,0.872667,-0.042500,0.947500,-0.919358,-1.980846,0.000000,0.000000,0.000000,0.187212,7.000000
64,Alec Pierce,WR,IND,00-0037664,59.700000,61,74,4.304065,74,4.304065,0.168137,0.193191,0.070270,0.193191,4.885531,12.051667,34,-3,59,2,-5,0.332649,0.110655,0.000000,0.000000,2.000000,0.000000,0.047933,0.000000,1.000000,3.970292,0.254864,0.058824,0.043290,0.125088,0.000000,0.000000,0.000000,0.000000,0.000000,1488.400000,0.415502,0.600847,0.537657,0.196498,0.011312,1.000000,0.000000,0.000000,0.254864,0.000000,0.176019,0.415170,-0.001024,-0.013547,0.000000,-3.614000,0.023006,0.133333,2.132500,0.058824,5.000000,0.000000,1.000000,0.095000,0.000000,0.000000,0.000000,1.000000,0.000000,0.000000,1.000000,-0.000248,0.000690,0.000164,0.000502,0.001075,-0.001404,-0.002890,-0.000691,0.007180,0.000666,0.000912,-0.000031,0.000507,0.001059,-0.005990,-0.000920,-0.000085,0.000792,-0.000773,-0.001733,0.000836,-0.001857,-0.005993,0.002024,-0.000091,-0.002023,0.002358,-0.002888,0.000007,-0.000198,0.001256,0.002234,0.001083,-0.002192,0.003222,-0.000406,-0.005545,0.004452,0.004251,0.000172,0.008179,-0.000003,-0.000705,-0.015322,0.001242,-0.000055,-0.004263,-0.000208,0.003513,-0.000454,-0.004409,0.009665,0.000708,4.473748,true,0.000000,3.332205,26.332649,2000-05-02,12.220000,-0.015208,0.000000,53,2,2022,12.615385,0.000000,0.000000,false,0.000000,-0.017145,-0.020534,15.000000,12.220000,0.196399,IND,0.000000,0.000000,0.000000,0.000000,0.000000,0.000000,0.000000,0.000000,0.000000,0.357143,0.000000,0.600000,0.108434,2.763539,2026,0.859333,0.130000,0.972500,0.089016,0.238566,0.000000,0.000000,0.000000,0.168137,4.000000
65,Courtland Sutton,WR,DEN,00-0034348,72.100000,72,73,4.290459,73,4.290459,0.012121,0.013793,0.005405,0.013793,4.892869,12.051667,33,7,70,2,5,4.893908,23.950338,0.000000,0.000000,0.000000,0.000000,0.042704,0.000000,1.000000,3.688879,0.000000,0.000000,0.216450,0.000000,0.000000,0.000000,0.000000,0.000000,0.000000,1494.540000,0.447334,0.625945,0.564054,0.394915,0.037281,2.000000,0.000000,0.000000,0.000000,0.000000,0.210675,0.357198,0.000321,0.015834,0.000000,-4.367059,0.008029,0.176471,-2.095221,0.142857,0.000000,0.000000,0.000000,0.082000,0.000000,0.000000,0.000000,1.000000,0.000000,1.000000,0.000000,0.003086,-0.000541,0.000164,0.000502,0.010135,-0.001404,-0.002575,-0.000691,0.007180,-0.000103,-0.000024,-0.000546,0.000640,-0.004768,0.010326,-0.000920,-0.000085,0.000792,-0.000773,-0.001733,0.000912,-0.002083,-0.002198,-0.001524,-0.000502,-0.001585,-0.002680,-0.002888,0.000007,0.000220,0.001256,0.003558,0.000873,0.000232,-0.002340,-0.000406,-0.006497,0.001001,0.000165,-0.000253,0.000868,0.000047,-0.000705,0.001175,0.000921,-0.000055,-0.004263,-0.000208,0.003513,-0.000454,-0.000988,-0.006989,0.001201,5.124681,true,3.401197,4.615121,30.893908,1995-10-10,15.018750,0.013948,0.000000,40,2,2018,20.941176,0.000000,0.000000,false,0.000000,-0.031055,-0.002697,17.000000,12.923529,0.191170,DEN,0.000000,0.000000,0.000000,0.000000,0.000000,0.000000,0.000000,0.000000,0.000000,0.388889,0.000000,1.176471,0.224719,0.409895,2026,0.853529,0.007500,0.945000,-0.981711,-0.120257,0.000000,0.000000,0.000000,0.012121,8.000000
66,Quinshon Judkins,RB,CLE,00-0040784,49.200000,52,60,4.094345,60,4.094345,0.121361,0.143101,0.043243,0.143101,4.838636,11.986250,21,-14,67,-15,1,-3.158111,9.973664,-3.158111,-0.000000,3.000000,0.000000,0.023217,0.000000,1.000000,3.583519,0.179048,0.081340,0.000000,0.000000,0.000000,0.000000,0.000000,1.000000,1.000000,1082.480000,-1.688909,0.683153,0.556734,0.083810,0.220096,1.000000,0.000000,0.000000,0.000000,0.081340,0.082773,-0.008044,0.005843,0.061678,-0.046317,-1.510714,-0.006194,0.142857,0.000000,0.176471,3.000000,0.000000,0.000000,0.010000,0.000000,2.000000,0.000000,1.000000,0.000000,0.000000,1.000000,-0.002800,0.000181,-0.005399,0.000502,-0.003454,-0.001404,-0.001400,-0.000691,0.007180,-0.000391,0.000631,-0.000185,0.000457,0.002515,0.010326,-0.000920,-0.000085,0.000792,0.003611,0.007096,-0.004206,0.013040,0.006453,-0.000540,0.000143,0.001502,0.002358,-0.002888,0.000007,0.000220,0.000256,-0.001326,-0.000449,0.010184,-0.011017,-0.005276,-0.002884,-0.002275,0.003349,-0.000042,-0.002056,0.000017,-0.000705,0.001175,-0.000855,-0.000055,0.004007,-0.000208,0.003513,-0.000454,-0.004409,0.009665,0.001112,5.007137,true,0.000000,4.564348,22.841889,2003-10-29,12.128571,0.000000,0.000000,36,2,2025,0.000000,0.000000,0.000000,false,0.000000,0.014484,0.038544,14.000000,12.128571,0.247350,CLE,0.000000,0.000000,0.000000,0.000000,0.000000,0.000000,0.000000,0.000000,0.000000,0.000000,0.500000,1.428571,0.017544,-1.062600,2026,0.505000,0.040000,0.630000,0.772405,-0.962059,0.000000,0.000000,0.000000,0.121361,1.000000
67,David Montgomery,RB,HOU,00-0035685,56.100000,57,63,4.143135,63,4.143135,0.085767,0.100083,0.032432,0.100083,4.833961,11.986250,22,-10,71,-14,4,3.234771,10.463742,3.234771,0.000000,0.000000,0.000000,0.087394,1.000000,1.000000,4.290459,0.180000,0.286022,0.043678,0.000000,0.000000,0.000000,0.000000,0.000000,0.000000,1372.140000,-0.187225,0.655400,0.541872,0.078182,0.550538,1.000000,0.000000,0.000000,0.000000,0.286022,0.054271,0.002059,-0.001940,-0.024095,-0.044864,1.634118,0.010271,0.058824,-6.018319,0.102564,5.000000,0.000000,0.000000,0.027000,0.000000,0.000000,0.000000,1.000000,0.000000,5.000000,0.000000,0.001873,0.000156,0.005862,0.000502,0.010135,-0.001404,-0.005270,0.003267,0.007180,0.001542,0.000418,-0.000183,-0.000005,0.001046,0.010326,-0.000920,-0.000085,0.000792,-0.000773,-0.001733,-0.000608,0.002409,0.002256,0.001457,0.000155,0.007083,0.002358,-0.002888,0.000007,0.000220,-0.002260,-0.002414,-0.000413,-0.003842,0.005218,-0.005123,0.001095,0.001518,0.011306,-0.000647,0.004374,-0.000003,-0.000705,0.001175,-0.000436,-0.000055,-0.004263,-0.000208,0.003513,-0.000454,0.012696,-0.006989,-0.000485,2.899358,true,0.000000,4.465908,29.234771,1997-06-07,17.653333,0.015308,0.000000,73,3,2019,0.000000,0.000000,0.000000,false,0.000000,-0.017239,0.027678,17.000000,9.818824,0.311526,DET,0.000000,0.000000,0.000000,0.000000,0.000000,0.000000,0.000000,0.000000,0.000000,0.000000,0.629630,1.588235,0.022222,-1.411589,2026,0.370588,-0.060000,0.482500,0.084516,2.300882,0.000000,0.000000,0.000000,0.085767,7.000000
68,Tucker Kraft,TE,GB,00-0038996,73.000000,76,69,4.234107,69,4.234107,-0.084899,-0.096627,-0.037838,-0.096627,4.885233,9.697917,6,8,75,1,7,-0.173854,0.030225,-0.000000,-0.000000,9.000000,0.000000,0.120782,0.000000,1.000000,4.356709,0.369565,0.310976,0.000000,0.000000,0.000000,0.000000,0.000000,0.000000,0.000000,1420.000000,0.060896,0.611620,0.483193,0.084783,0.000000,1.000000,0.000000,0.000000,0.369565,0.000000,0.189611,0.096428,-0.000974,0.009239,-0.005000,4.566250,0.075504,0.250000,5.044118,0.313725,11.000000,0.000000,0.000000,0.006000,0.000000,4.000000,0.000000,1.000000,0.000000,0.000000,1.000000,-0.000619,0.000694,0.000164,0.000502,-0.030633,-0.001404,-0.007283,-0.000691,0.007180,0.001723,-0.000607,0.000200,-0.000062,0.002515,0.010326,-0.000920,-0.000085,0.000792,-0.000773,-0.001733,-0.000014,0.000653,-0.004364,0.009345,0.000141,-0.002214,0.002358,-0.002888,0.000007,-0.000386,0.001256,0.002753,-0.000071,-0.002102,-0.001091,-0.000931,0.004804,0.016547,-0.006798,0.000464,-0.013997,-0.000064,-0.000705,0.001175,-0.000954,-0.000055,0.012277,-0.000208,0.003513,-0.000454,-0.004409,0.009665,0.002597,6.966438,true,0.000000,4.615121,25.826146,2000-11-03,14.650000,-0.015640,0.000000,78,3,2023,13.266667,0.000000,0.000000,false,0.000000,-0.012732,-0.019027,8.000000,14.650000,0.307167,GB,0.000000,0.000000,0.000000,0.000000,0.000000,0.000000,0.000000,0.000000,0.000000,0.080000,0.000000,1.500000,0.173913,3.298125,2026,0.860000,-0.110000,0.927500,-0.457398,-0.283125,0.000000,0.000000,0.000000,-0.084899,3.000000
69,Justin Herbert,QB,LAC,00-0036355,79.800000,82,67,4.204693,67,4.204693,-0.177983,-0.202027,-0.081081,-0.202027,5.530519,8.832083,7,13,69,13,0,2.479124,6.146055,0.000000,2.479124,1.000000,0.000000,-0.021950,0.000000,1.000000,1.791759,0.292818,0.071584,0.000000,0.000000,0.000000,0.000000,0.000000,0.000000,0.000000,1410.420000,0.011230,0.650374,0.540837,0.000000,0.036876,1.000000,0.000000,0.000000,0.000000,0.000000,0.000000,0.000000,0.000000,0.000000,-0.007552,14.817500,-0.024848,0.312500,1.141765,0.059406,3.000000,0.000000,0.000000,0.234000,0.000000,0.000000,1.000000,0.000000,0.000000,4.000000,0.000000,0.001321,0.000378,0.000164,-0.002222,0.005605,-0.001404,0.001324,-0.000691,0.007180,-0.005289,-0.001165,0.000045,0.000479,0.002515,0.010326,-0.000920,-0.000085,0.000792,-0.000773,-0.001733,-0.000133,0.001005,0.001496,0.001596,0.000317,-0.001592,0.002358,-0.002888,0.000007,0.000220,0.001256,-0.004486,-0.000420,-0.000346,0.000657,-0.001200,0.017773,-0.006573,-0.012716,0.000072,0.008129,0.000017,-0.000705,0.001175,0.004671,-0.000055,-0.004263,0.000412,-0.002206,-0.000454,0.009275,-0.006989,-0.000058,3.462894,true,0.000000,4.615121,28.479124,1998-03-10,22.515294,-0.058219,0.000000,6,1,2020,0.000000,0.000000,3.000000,false,0.000000,0.023027,0.031096,16.000000,17.930000,0.404350,LAC,0.000000,0.000000,0.000000,0.000000,0.000000,31.125000,0.000000,0.000000,0.000000,0.000000,0.190476,0.437500,0.000000,-0.665349,2026,0.968125,0.000000,1.000000,-0.429808,-1.269081,0.000000,0.000000,0.000000,-0.177983,6.000000
70,Brian Thomas Jr.,WR,JAX,00-0039893,84.200000,86,77,4.343805,77,4.343805,-0.098440,-0.110542,-0.048649,-0.110542,4.852637,8.058333,35,16,86,0,16,-2.101300,4.415464,-0.000000,-0.000000,3.000000,0.000000,-0.018783,0.000000,1.000000,3.135494,0.221477,0.548454,0.000000,0.131840,0.000000,0.000000,0.000000,0.000000,0.000000,1570.240000,0.839785,0.629713,0.551341,0.362416,0.024742,2.000000,0.000000,0.000000,0.221477,0.000000,0.193113,0.315735,-0.004918,-0.059774,-0.000937,-6.539286,-0.016508,0.071429,-6.791597,0.088235,5.000000,0.000000,0.000000,0.014000,0.000000,3.000000,1.000000,0.000000,0.000000,1.000000,0.000000,-0.002028,0.000468,0.000164,0.000502,-0.003454,-0.001404,0.001133,-0.000691,0.007180,-0.001616,-0.000688,-0.000099,-0.000597,0.002515,-0.006870,-0.000920,-0.000085,0.000792,-0.000773,-0.001733,0.001852,-0.004861,-0.001628,0.000184,-0.000435,-0.001797,-0.002680,-0.002888,0.000007,-0.000143,0.001256,0.002887,0.000723,-0.009209,0.011972,-0.000504,-0.009245,-0.004652,0.010113,-0.000725,0.005620,-0.000003,-0.000705,0.001175,-0.000756,-0.000055,0.008142,0.000412,-0.002206,-0.000454,-0.000988,-0.006989,-0.000923,2.321164,true,2.302585,2.639057,23.898700,2002-10-08,16.705882,0.019526,0.000000,23,1,2024,21.117647,0.000000,0.000000,false,0.000000,-0.001611,0.003145,14.000000,9.914286,0.129683,JAX,0.000000,0.000000,0.000000,0.000000,0.000000,0.000000,0.000000,0.000000,0.000000,0.166667,0.000000,0.571429,0.080460,-0.375333,2026,0.776429,-0.137500,0.890000,1.300781,-3.630846,0.000000,0.000000,0.000000,-0.098440,2.000000
71,Bucky Irving,RB,TB,00-0039361,46.200000,47,57,4.043051,57,4.043051,0.161641,0.192904,0.054054,0.192904,4.820371,7.090833,23,-24,55,-8,-16,-1.964408,3.858899,-1.964408,-0.000000,7.000000,0.000000,-0.050847,0.000000,1.000000,4.828314,0.303142,0.300847,0.280098,0.000000,0.000000,0.000000,0.000000,0.000000,0.000000,1385.400000,-0.118481,0.637000,0.534057,0.020333,0.190678,1.000000,0.000000,0.000000,0.000000,0.300847,0.107122,-0.021593,-0.004157,-0.061278,-0.015503,-1.388000,-0.013279,0.100000,-0.526471,0.205882,13.000000,1.000000,0.000000,0.005000,0.000000,3.000000,0.000000,0.000000,0.000000,1.000000,0.000000,-0.001928,0.000496,-0.003296,0.000502,-0.021573,-0.001404,0.003066,-0.000691,0.007180,0.003012,0.000873,0.000066,-0.000039,-0.006909,0.010326,-0.000920,-0.000085,0.000792,-0.000773,-0.001733,-0.000444,0.001923,-0.000526,0.002508,0.000275,0.001006,0.002358,-0.002888,0.000007,0.000220,-0.002442,-0.000396,-0.000498,-0.007837,0.012256,-0.002036,-0.002728,-0.003908,0.007407,-0.000095,-0.004615,-0.000084,0.000281,0.001175,-0.000978,-0.000055,0.008142,-0.000208,-0.002206,-0.000454,-0.000988,-0.006989,0.002255,6.515429,true,0.000000,4.025352,24.035592,2002-08-19,14.376471,0.011567,0.000000,125,4,2024,0.000000,0.000000,0.000000,false,0.000000,-0.006073,0.007863,10.000000,13.850000,0.173285,TB,0.000000,0.000000,0.000000,0.000000,0.000000,0.000000,0.000000,0.000000,0.000000,0.000000,0.000000,1.000000,0.052632,0.413528,2026,0.616000,-0.122500,0.710000,-0.159429,0.835882,0.000000,0.000000,0.000000,0.161641,2.000000
72,D'Andre Swift,RB,CHI,00-0036275,47.700000,50,62,4.127134,62,4.127134,0.182322,0.215111,0.064865,0.215111,4.802226,7.090833,24,-22,66,-16,-6,1.630390,2.658172,1.630390,0.000000,1.000000,0.000000,0.038335,0.000000,1.000000,3.555348,0.302632,0.039604,0.000000,0.000000,0.000000,0.000000,0.000000,0.000000,0.000000,1519.840000,0.578497,0.592891,0.513018,0.058271,0.348515,1.000000,0.000000,0.000000,0.000000,0.039604,0.093538,-0.007279,-0.004039,-0.073900,-0.013375,1.534375,0.004391,0.312500,1.669853,0.118812,10.000000,9.000000,1.000000,0.031000,0.000000,0.000000,0.000000,1.000000,0.000000,4.000000,0.000000,0.000700,0.000558,0.003036,0.000502,0.005605,-0.001404,-0.002312,-0.000691,0.007180,-0.000468,0.000997,0.000065,0.000551,0.002515,0.010326,-0.000920,-0.000085,0.000792,-0.000773,-0.001733,0.001226,-0.003011,-0.007196,0.005336,0.000196,0.003671,0.002358,-0.002888,0.000007,0.000220,0.000769,-0.000915,-0.000447,-0.007625,0.014646,-0.001812,0.000969,0.000163,-0.012716,0.000125,0.002960,-0.000054,0.008169,-0.015322,-0.000337,-0.000055,-0.004263,-0.000208,0.003513,-0.000454,0.009275,-0.006989,0.002851,7.301899,true,0.000000,4.094345,27.630390,1999-01-14,16.069231,-0.018797,0.000000,35,2,2020,0.000000,0.000000,0.000000,false,0.000000,-0.027812,-0.027593,16.000000,14.287500,0.262467,CHI,0.000000,0.000000,0.000000,0.000000,0.000000,0.000000,0.000000,0.000000,0.000000,0.000000,0.500000,1.562500,0.014085,0.607075,2026,0.578750,-0.092500,0.675000,-0.529879,1.652647,0.000000,0.000000,0.000000,0.182322,6.000000
73,Bhayshul Tuten,RB,JAX,00-0040719,60.400000,62,68,4.219508,68,4.219508,0.080043,0.092373,0.032432,0.092373,4.736047,7.090833,25,-11,73,-11,0,-2.454483,6.024488,-2.454483,-0.000000,2.000000,0.000000,0.249908,0.000000,1.000000,4.644391,0.221477,0.548454,0.263079,0.000000,0.000000,0.000000,0.000000,0.000000,0.000000,1570.240000,0.839785,0.629713,0.551341,0.020134,0.053608,1.000000,0.000000,0.000000,0.000000,0.548454,0.029744,0.002004,-0.000885,-0.008179,0.007348,1.149333,0.039656,0.000000,0.000000,0.117647,2.000000,0.000000,0.000000,0.005000,0.000000,2.000000,0.000000,0.000000,0.000000,0.000000,1.000000,-0.002286,0.000385,-0.004159,0.000502,0.001075,-0.001404,-0.015070,-0.000691,0.007180,0.002509,0.000383,-0.000099,-0.000597,-0.006337,0.010326,-0.000920,-0.000085,0.000792,-0.000773,-0.001733,0.001852,-0.004861,-0.001628,0.000184,0.000275,-0.001309,0.002358,-0.002888,0.000007,0.000220,-0.005486,-0.003350,-0.000413,-0.001941,0.002206,0.000367,0.000481,0.008288,0.016877,-0.000042,0.003062,0.000027,-0.000705,0.001175,-0.000978,-0.000055,0.004007,-0.000208,-0.002206,-0.000454,-0.004409,0.009665,-0.003212,-0.698761,true,0.000000,4.521789,23.545517,2003-02-14,5.906667,0.019526,0.000000,104,4,2025,0.000000,0.000000,0.000000,false,0.000000,-0.001611,0.003145,15.000000,5.906667,0.474041,JAX,0.000000,0.000000,0.000000,0.000000,0.000000,0.000000,0.000000,0.000000,0.000000,0.000000,0.235294,0.733333,0.022989,2.124076,2026,0.211333,0.010000,0.292500,-0.135900,-0.497941,0.000000,0.000000,0.000000,0.080043,1.000000
74,Jaylen Warren,RB,PIT,00-0037228,65.100000,68,70,4.248495,70,4.248495,0.025318,0.028988,0.010811,0.028988,4.733172,7.090833,26,-6,74,-6,0,1.832991,3.359856,1.832991,0.000000,1.000000,0.000000,-0.003036,0.000000,1.000000,5.598422,0.503650,0.339066,0.515024,0.127360,0.000000,0.000000,0.000000,1.000000,1.000000,1405.980000,-0.011788,0.645173,0.573822,0.003650,0.068796,1.000000,0.000000,0.000000,0.000000,0.339066,0.095787,-0.046190,-0.004606,-0.065578,-0.077929,1.931875,-0.001259,0.062500,5.295417,0.058824,5.000000,0.000000,0.000000,0.021000,0.000000,0.000000,0.000000,0.000000,0.000000,0.000000,1.000000,0.000848,0.000522,0.003393,0.000502,0.005605,-0.001404,0.000183,-0.000691,0.007180,0.005117,0.000055,0.000471,-0.000125,-0.014814,-0.006286,-0.000920,-0.000085,0.000792,0.003611,0.007096,-0.000188,0.001168,0.000710,-0.002837,0.000309,-0.001053,0.002358,-0.002888,0.000007,0.000220,-0.002912,-0.000829,-0.000588,-0.008646,0.013070,-0.008600,0.001471,-0.001138,0.010958,0.000489,0.008179,-0.000003,-0.000705,0.001175,-0.000584,-0.000055,-0.004263,-0.000208,-0.002206,-0.000454,-0.004409,0.009665,0.002684,7.081678,true,0.000000,2.484907,27.832991,1998-11-01,13.568750,0.018398,-0.023609,,,2022,0.000000,0.000000,0.000000,false,0.000000,-0.012890,-0.002149,16.000000,13.568750,0.221096,PIT,0.000000,0.000000,0.000000,0.000000,0.000000,0.000000,0.000000,0.000000,0.000000,0.000000,0.482759,1.687500,0.064103,-2.297528,2026,0.507500,-0.182500,0.662500,-0.015623,0.643235,0.000000,0.000000,0.000000,0.025318,4.000000
75,Kyle Pitts Sr.,TE,ATL,00-0036970,84.400000,87,79,4.369448,79,4.369448,-0.086075,-0.096460,-0.043243,-0.096460,4.863663,5.422917,7,12,87,0,12,-0.097194,0.009447,-0.000000,-0.000000,0.000000,0.000000,-0.044070,0.000000,1.000000,1.386294,0.271287,0.335430,0.053942,0.000000,0.000000,0.000000,0.000000,1.000000,0.000000,1317.820000,-0.468836,0.610023,0.514257,0.017822,0.000000,1.000000,0.000000,0.000000,0.271287,0.000000,0.226821,0.215906,0.004886,0.060042,0.000000,-1.590000,-0.015456,0.058824,4.682353,0.082353,2.000000,0.000000,0.000000,0.059000,0.000000,0.000000,1.000000,0.000000,0.000000,0.000000,1.000000,-0.000563,0.000695,0.000164,0.000502,0.010135,-0.001404,0.002657,-0.000691,0.007180,-0.006398,-0.000614,0.000002,-0.000117,0.000700,0.010326,-0.000920,-0.000085,0.000792,0.003611,-0.001733,-0.001283,0.004403,-0.004605,0.005169,0.000280,-0.002214,0.002358,-0.002888,0.000007,-0.000225,0.001256,0.004174,0.000362,0.008458,-0.010708,-0.000406,-0.002984,-0.004409,0.011306,0.000428,0.006132,0.000027,-0.000705,0.001175,0.000354,-0.000055,-0.004263,0.000412,-0.002206,-0.000454,-0.004409,0.009665,0.001212,5.138368,true,0.000000,4.615121,25.902806,2000-10-06,12.400000,0.005524,0.000000,4,1,2021,0.000000,0.000000,0.000000,false,0.000000,-0.020710,-0.005416,17.000000,12.400000,0.142315,ATL,0.000000,0.000000,0.000000,0.000000,0.000000,0.000000,0.000000,0.000000,0.000000,0.160000,0.000000,0.764706,0.203125,0.116705,2026,0.880000,0.132500,0.947500,0.611045,0.472463,0.000000,0.000000,0.000000,-0.086075,5.000000
76,Tony Pollard,RB,TEN,00-0035261,72.300000,73,81,4.394449,81,4.394449,0.092019,0.103990,0.043243,0.103990,4.661880,2.031250,28,-3,77,-4,1,3.338809,11.147646,3.338809,0.000000,0.000000,0.000000,-0.062668,0.000000,1.000000,4.852030,0.280943,0.000000,0.252055,0.135592,0.000000,0.000000,0.000000,0.000000,1.000000,1115.640000,-1.516997,0.660697,0.573844,0.102161,0.227513,1.000000,0.000000,0.000000,0.000000,0.000000,0.075954,0.000967,-0.001924,-0.024553,0.028822,-1.278824,-0.014841,0.058824,-1.614338,0.051282,5.000000,0.000000,0.000000,0.028000,0.000000,0.000000,0.000000,0.000000,0.000000,3.000000,0.000000,0.001949,0.000120,0.006045,0.000502,0.010135,-0.001404,0.003779,-0.000691,0.007180,0.003077,0.000455,0.000021,0.000640,-0.005966,-0.007360,-0.000920,-0.000085,0.000792,-0.000773,0.007096,-0.003794,0.011823,0.003057,-0.002840,0.000105,0.001628,0.002358,-0.002888,0.000007,0.000220,0.001256,-0.001586,-0.000417,-0.003813,0.005305,0.002625,-0.002590,-0.004268,0.011306,-0.000205,0.008835,-0.000003,-0.000705,0.001175,-0.000411,-0.000055,-0.004263,-0.000208,-0.002206,-0.000454,0.005854,-0.006989,0.001129,5.029168,true,0.000000,4.025352,29.338809,1997-04-30,15.550000,0.058196,0.016166,128,4,2019,0.000000,0.000000,0.000000,false,0.000000,0.021608,-0.008104,17.000000,10.929412,0.161464,TEN,0.000000,0.000000,0.000000,0.000000,0.000000,0.000000,0.000000,0.000000,0.000000,0.000000,0.333333,0.764706,0.019608,-0.151250,2026,0.624706,-0.335000,0.887500,0.290744,2.927647,0.000000,0.000000,0.000000,0.092019,7.000000
77,Jadarian Price,RB,SEA,PRI206342,73.000000,75,75,4.317488,75,4.317488,0.000000,0.000000,0.000000,0.000000,4.696396,2.031250,27,-2,78,-3,1,-3.103354,9.630805,-3.103354,-0.000000,0.000000,0.881481,-0.224132,0.000000,0.000000,3.465736,0.076628,0.445525,0.254065,0.000000,0.000000,0.000000,0.000000,0.000000,0.000000,1561.000000,0.791882,0.632415,0.503861,0.051724,0.410506,1.000000,1.000000,0.000000,0.000000,0.445525,0.000000,0.000000,0.000000,0.000000,0.000000,0.000000,0.000000,0.000000,0.000000,0.000000,0.000000,0.000000,0.000000,0.000000,0.000000,0.000000,1.000000,0.000000,1.000000,0.000000,0.000000,-0.002760,0.000199,-0.005302,0.000502,0.010135,0.012101,0.013516,-0.000691,-0.052461,-0.000713,-0.000097,-0.000391,-0.000365,-0.006033,0.010326,-0.000920,-0.000085,0.000792,-0.000773,-0.001733,0.001737,-0.004522,-0.001219,0.006567,0.000209,0.004718,0.002358,0.025501,0.000007,0.000220,-0.004220,-0.004486,-0.000420,-0.000346,0.000657,-0.000406,-0.000973,-0.000848,0.016877,-0.000042,0.013297,0.000047,-0.000705,0.001175,-0.001102,-0.000055,-0.004263,0.000412,-0.002206,0.018670,-0.004409,-0.006989,-0.002682,-0.000000,false,0.000000,4.442651,22.896646,2003-10-09,0.000000,0.016319,0.000000,32,1,2026,0.000000,0.000000,0.000000,true,0.000000,-0.013156,0.036960,0.000000,0.000000,0.000000,,0.000000,0.000000,0.000000,0.000000,0.000000,0.000000,1.000000,2.136383,0.460269,0.000000,0.000000,0.000000,0.000000,0.000000,2026,0.000000,0.000000,0.000000,0.415450,0.277647,0.000000,0.000000,0.000000,0.000000,0.000000
78,Chuba Hubbard,RB,CAR,00-0036555,79.100000,81,83,4.418841,83,4.418841,0.021740,0.024391,0.010811,0.024391,4.622393,2.031250,29,3,82,-1,4,1.225188,1.501086,1.225188,0.000000,2.000000,0.000000,-0.032745,0.000000,1.000000,4.836282,0.158333,0.523913,0.024845,0.000000,0.000000,0.000000,0.000000,0.000000,0.000000,1245.260000,-0.845008,0.645166,0.510638,0.006250,0.043478,1.000000,0.000000,0.000000,0.000000,0.523913,0.088233,-0.042715,-0.002558,-0.046809,-0.050820,-0.713333,-0.009388,0.066667,-7.746667,0.117647,5.000000,3.000000,0.000000,0.032000,0.000000,0.000000,0.000000,0.000000,0.000000,1.000000,0.000000,0.000404,0.000618,0.002322,0.000502,0.001075,-0.001404,0.001975,-0.000691,0.007180,0.003034,0.000034,-0.000226,-0.000542,0.001679,0.010326,-0.000920,-0.000085,0.000792,-0.000773,-0.001733,-0.002184,0.007066,0.000709,0.005656,0.000304,-0.001480,0.002358,-0.002888,0.000007,0.000220,-0.005184,-0.001117,-0.000575,-0.004956,0.009518,-0.005750,-0.001875,-0.003011,0.010564,-0.000821,0.003062,-0.000003,0.002253,0.001175,-0.000312,-0.000055,-0.004263,-0.000208,-0.002206,-0.000454,-0.000988,-0.006989,-0.000745,2.556091,true,0.000000,3.761200,27.225188,1999-06-11,16.106667,-0.000042,0.000000,126,4,2021,0.000000,0.000000,0.000000,false,0.000000,-0.005250,-0.029628,15.000000,8.360000,0.191388,CAR,0.000000,0.000000,0.000000,0.000000,0.000000,0.000000,0.000000,0.000000,0.000000,0.000000,0.142857,0.933333,0.083333,-1.189719,2026,0.458000,-0.220000,0.655000,-0.721713,-0.987353,0.000000,0.000000,0.000000,0.021740,5.000000
79,Michael Pittman Jr.,WR,PIT,00-0036252,70.700000,70,84,4.430817,84,4.430817,0.161268,0.182322,0.075676,0.182322,4.846850,0.000000,36,-9,65,5,-14,2.906229,8.446165,0.000000,0.000000,0.000000,0.000000,0.059044,1.000000,1.000000,3.526361,0.503650,0.339066,0.000000,0.179052,0.000000,0.000000,0.000000,1.000000,1.000000,1405.980000,-0.011788,0.645173,0.573822,0.229927,0.004914,2.000000,0.000000,0.000000,0.503650,0.000000,0.206487,0.213101,-0.005126,-0.106005,0.000000,-1.622941,0.014640,0.235294,1.543382,0.059406,4.000000,0.000000,0.000000,0.058000,0.000000,0.000000,0.000000,1.000000,0.000000,2.000000,0.000000,0.001633,0.000260,0.000164,0.000502,0.010135,-0.001404,-0.003560,0.003267,0.007180,-0.000547,0.000871,0.000471,-0.000125,0.002515,-0.013028,-0.000920,-0.000085,0.000792,0.003611,0.007096,-0.000188,0.001168,0.000710,-0.002837,-0.000160,-0.002131,-0.002680,-0.002888,0.000007,-0.000605,0.001256,0.003398,0.000352,-0.009583,0.020722,-0.000406,-0.003026,0.002525,-0.005405,0.000113,0.008129,0.000007,-0.000705,0.001175,0.000329,-0.000055,-0.004263,-0.000208,0.003513,-0.000454,0.002433,-0.006989,0.000838,4.645141,true,2.564949,4.615121,28.906229,1997-10-05,15.762500,0.018398,-0.023609,34,2,2020,0.000000,0.000000,0.000000,false,0.000000,-0.012890,-0.002149,17.000000,11.905882,0.207510,IND,0.000000,0.000000,0.000000,0.000000,0.000000,0.000000,0.000000,0.000000,0.000000,0.250000,0.000000,1.058824,0.216867,0.573709,2026,0.855294,0.055000,0.920000,-0.919358,-1.980846,0.000000,0.000000,0.000000,0.161268,6.000000
80,Rhamondre Stevenson,RB,NE,00-0036875,70.900000,71,82,4.406719,82,4.406719,0.127339,0.144039,0.059459,0.144039,4.597153,0.000000,31,-9,76,-5,-4,2.520192,6.351366,2.520192,0.000000,3.000000,0.000000,0.077881,0.000000,1.000000,4.787492,0.271784,0.098990,0.003656,0.125905,0.000000,0.000000,0.000000,0.000000,0.000000,1640.360000,1.203308,0.605294,0.493347,0.093361,0.410101,2.000000,0.000000,0.000000,0.000000,0.098990,0.098428,0.048287,0.001717,0.020394,-0.049261,2.440714,0.021383,0.214286,1.044762,0.176471,6.000000,0.000000,0.000000,0.035000,0.000000,0.000000,0.000000,0.000000,0.000000,3.000000,0.000000,0.001351,0.000368,0.004603,0.000502,-0.003454,-0.001404,-0.004696,-0.000691,0.007180,0.002900,0.000667,0.000003,0.000417,0.002392,-0.006096,-0.000920,-0.000085,0.000792,-0.000773,-0.001733,0.002723,-0.007434,-0.005320,0.007980,0.000123,0.004711,-0.002680,-0.002888,0.000007,0.000220,0.000039,-0.000728,-0.000245,0.002748,-0.003203,-0.005586,0.002115,0.004078,-0.003416,0.000062,-0.002056,-0.000013,-0.000705,0.001175,-0.000238,-0.000055,-0.004263,-0.000208,-0.002206,-0.000454,0.005854,-0.006989,0.002562,6.919715,true,2.564949,4.615121,28.520192,1998-02-23,14.652941,-0.061853,0.000000,120,4,2021,0.000000,0.000000,0.000000,false,0.000000,0.013224,0.011405,14.000000,12.771429,0.302013,NE,0.000000,0.000000,0.000000,0.000000,0.000000,0.000000,0.000000,0.000000,0.000000,0.055556,0.413793,1.642857,0.090909,1.043171,2026,0.593571,0.057500,0.762500,-0.256522,-1.913529,0.000000,0.000000,0.000000,0.127339,5.000000
81,Sam LaPorta,TE,DET,00-0039065,72.900000,74,86,4.454347,86,4.454347,0.133531,0.150282,0.064865,0.150282,4.773349,0.000000,8,-7,68,6,-13,-0.365503,0.133593,-0.000000,-0.000000,8.000000,0.000000,-0.018003,0.000000,1.000000,3.526361,0.145455,0.377828,0.018416,0.000000,0.000000,0.000000,0.000000,0.000000,0.000000,1691.480000,1.468330,0.627084,0.554435,0.040000,0.000000,1.000000,0.000000,0.000000,0.145455,0.000000,0.184695,0.172334,-0.001408,0.003573,0.000000,1.556667,0.003396,0.222222,0.965278,0.176471,9.000000,0.000000,0.000000,0.011000,0.000000,4.000000,0.000000,1.000000,0.000000,2.000000,0.000000,-0.000759,0.000689,0.000164,0.000502,-0.026103,-0.001404,0.001086,-0.000691,0.007180,-0.000547,0.000704,-0.000252,-0.000212,0.001896,0.010326,-0.000920,-0.000085,0.000792,-0.000773,-0.001733,0.003358,-0.009310,-0.002026,-0.000231,0.000234,-0.002214,0.002358,-0.002888,0.000007,-0.000018,0.001256,0.002566,0.000204,-0.002883,-0.000019,-0.000406,0.000997,-0.000066,-0.004167,0.000054,-0.002056,-0.000044,-0.000705,0.001175,-0.000830,-0.000055,0.012277,-0.000208,0.003513,-0.000454,0.002433,-0.006989,0.001015,4.878114,true,0.000000,4.615121,25.634497,2001-01-12,14.076471,-0.002782,0.000000,34,2,2023,2.647059,0.000000,0.000000,false,0.000000,-0.002579,0.011535,9.000000,11.877778,0.168382,DET,0.000000,0.000000,0.000000,0.000000,0.000000,0.000000,0.000000,0.000000,0.000000,0.033333,0.000000,0.666667,0.066667,0.864079,2026,0.906667,0.040000,0.967500,-0.364457,-1.006654,0.000000,0.000000,0.000000,0.133531,3.000000
82,Parker Washington,WR,JAX,00-0038606,73.500000,77,90,4.499810,90,4.499810,0.139262,0.156004,0.070270,0.156004,4.789755,0.000000,40,-5,79,-2,-3,-1.550992,2.405578,-0.000000,-0.000000,1.000000,0.000000,0.013959,0.000000,1.000000,5.220356,0.221477,0.548454,0.000000,0.131840,0.000000,0.000000,0.000000,0.000000,0.000000,1570.240000,0.839785,0.629713,0.551341,0.355705,0.016495,1.000000,0.000000,0.000000,0.221477,0.000000,0.180054,0.242584,0.008818,0.118840,-0.012859,-2.818125,0.000597,0.062500,4.082212,0.313725,2.000000,0.000000,0.000000,0.004000,0.000000,4.000000,0.000000,0.000000,0.000000,0.000000,1.000000,-0.001625,0.000572,0.000164,0.000502,0.005605,-0.001404,-0.000842,-0.000691,0.007180,0.004084,0.000739,-0.000099,-0.000597,0.002515,-0.006870,-0.000920,-0.000085,0.000792,-0.000773,-0.001733,0.001852,-0.004861,-0.001628,0.000184,-0.000421,-0.001936,0.002358,-0.002888,0.000007,-0.000143,0.001256,0.002388,0.000458,0.015543,-0.021837,-0.001758,-0.004538,-0.000711,0.010958,0.000368,-0.013997,0.000027,-0.000705,0.001175,-0.001003,-0.000055,0.012277,-0.000208,-0.002206,-0.000454,-0.004409,0.009665,0.000761,4.543335,true,0.000000,2.302585,24.449008,2002-03-21,11.543750,0.019526,0.000000,185,6,2023,21.117647,0.000000,0.000000,false,0.000000,-0.001611,0.003145,16.000000,11.543750,0.162426,JAX,0.000000,0.000000,0.000000,0.000000,0.000000,0.000000,0.000000,0.000000,0.000000,0.190476,0.029412,1.133333,0.183908,-0.329408,2026,0.613750,0.125000,0.870000,1.300781,-3.630846,0.000000,0.000000,0.000000,0.139262,3.000000
83,Rico Dowdle,RB,PIT,00-0036139,78.600000,79,87,4.465908,87,4.465908,0.086075,0.096460,0.043243,0.096460,4.586032,0.000000,32,-4,80,-1,-3,2.216290,4.911942,2.216290,0.000000,0.000000,0.000000,-0.029958,1.000000,1.000000,5.598422,0.503650,0.339066,0.001980,0.127360,0.000000,0.000000,0.000000,1.000000,1.000000,1405.980000,-0.011788,0.645173,0.573822,0.085766,0.587224,2.000000,0.000000,0.000000,0.000000,0.339066,0.110274,-0.036592,0.005035,0.092073,-0.026570,0.196471,-0.008034,0.176471,0.361029,0.238806,0.000000,0.000000,0.000000,0.020000,0.000000,0.000000,0.000000,0.000000,0.000000,0.000000,1.000000,0.001129,0.000442,0.004068,0.000502,0.010135,-0.001404,0.001806,0.003267,0.007180,0.005117,0.000420,0.000471,-0.000125,0.002449,-0.006286,-0.000920,-0.000085,0.000792,0.003611,0.007096,-0.000188,0.001168,0.000710,-0.002837,0.000139,0.007702,-0.002680,-0.002888,0.000007,0.000220,-0.002912,-0.000276,-0.000553,0.008726,-0.016771,-0.003200,-0.000724,-0.002699,0.000165,-0.000006,-0.007479,0.000047,-0.000705,0.001175,-0.000608,-0.000055,-0.004263,-0.000208,-0.002206,-0.000454,-0.004409,0.009665,0.002701,7.103904,true,2.484907,4.615121,28.216290,1998-06-14,12.723529,0.018398,-0.023609,,,2020,0.000000,0.000000,0.000000,false,0.000000,-0.012890,-0.002149,17.000000,12.723529,0.194175,CAR,0.000000,0.000000,0.000000,0.000000,0.000000,0.000000,0.000000,0.000000,0.000000,0.029412,0.642857,1.117647,0.069444,-0.895051,2026,0.560588,0.230000,0.802500,-0.015623,0.643235,0.000000,0.000000,0.000000,0.086075,6.000000
84,Chris Godwin Jr.,WR,TB,00-0033921,78.900000,80,80,4.382027,80,4.382027,0.000000,0.000000,0.000000,0.000000,4.819737,0.000000,37,-4,81,-1,-3,4.510609,20.345595,0.000000,0.000000,8.000000,0.000000,-0.003888,0.000000,1.000000,4.430817,0.303142,0.300847,0.071287,0.156021,0.000000,0.000000,0.000000,0.000000,0.000000,1385.400000,-0.118481,0.637000,0.534057,0.356747,0.025424,2.000000,0.000000,0.000000,0.303142,0.000000,0.179110,0.167305,-0.003133,-0.019807,0.000000,-2.085556,-0.009207,0.111111,-10.463492,0.201342,20.000000,0.000000,0.000000,0.079000,0.000000,0.000000,0.000000,1.000000,0.000000,6.000000,0.000000,0.002806,-0.000355,0.000164,0.000502,-0.026103,-0.001404,0.000234,-0.000691,0.007180,0.001925,-0.000097,0.000066,-0.000039,0.000117,-0.010024,-0.000920,-0.000085,0.000792,-0.000773,-0.001733,-0.000444,0.001923,-0.000526,0.002508,-0.000423,-0.001785,-0.002680,-0.002888,0.000007,-0.000277,0.001256,0.002352,0.000186,-0.005992,0.004407,-0.000406,-0.003611,-0.002970,0.006355,-0.001093,-0.004220,-0.000155,-0.000705,0.001175,0.000847,-0.000055,-0.004263,-0.000208,0.003513,-0.000454,0.016117,-0.006989,-0.001337,1.775622,true,3.583519,4.077537,30.510609,1996-02-27,19.721429,0.011567,0.000000,84,3,2017,22.470588,0.000000,0.000000,false,0.000000,-0.006073,0.007863,9.000000,9.222222,0.144578,TB,0.000000,0.000000,0.000000,0.000000,0.000000,0.000000,0.000000,0.000000,0.000000,0.105263,0.000000,0.888889,0.105263,-1.139409,2026,0.708889,0.122500,0.832500,0.069777,-3.944081,0.000000,0.000000,0.000000,0.000000,9.000000
85,Michael Wilson,WR,ARI,00-0038559,81.800000,83,91,4.510860,91,4.510860,0.082521,0.092019,0.043243,0.092019,4.796274,0.000000,39,-2,83,0,-2,0.521561,0.272025,0.000000,0.000000,0.000000,0.000000,0.041924,0.000000,1.000000,4.543295,0.214171,0.471233,0.107184,0.139471,0.000000,0.000000,0.000000,1.000000,0.000000,1509.960000,0.527276,0.689753,0.629817,0.148148,0.000000,2.000000,0.000000,0.000000,0.214171,0.000000,0.192215,0.323259,0.012096,0.134399,0.000000,-4.325882,0.007133,0.235294,5.195221,0.098039,1.000000,1.000000,0.000000,0.006000,0.000000,4.000000,0.000000,1.000000,0.000000,0.000000,1.000000,-0.000110,0.000682,0.000164,0.000502,0.010135,-0.001404,-0.002528,-0.000691,0.007180,0.002233,0.000398,-0.000114,-0.000423,-0.001091,-0.007866,-0.000920,-0.000085,0.000792,0.003611,-0.001733,0.001103,-0.002649,0.007451,-0.010364,0.000009,-0.002214,-0.002680,-0.002888,0.000007,-0.000131,0.001256,0.002853,0.000750,0.021450,-0.024782,-0.000406,-0.006445,0.000795,-0.005405,0.000479,0.004768,0.000037,0.000281,0.001175,-0.000954,-0.000055,0.012277,-0.000208,0.003513,-0.000454,-0.004409,0.009665,0.001878,6.017457,true,2.890372,4.615121,26.521561,2000-02-23,12.976471,0.026810,0.000000,94,3,2023,0.000000,0.000000,0.000000,false,0.000000,0.013798,0.025602,17.000000,12.976471,0.190390,ARI,0.000000,0.000000,0.000000,0.000000,0.000000,0.000000,0.000000,0.000000,0.000000,0.208333,0.000000,1.000000,0.161905,1.881512,2026,0.813529,0.107500,0.937500,0.072961,-0.850846,0.000000,0.000000,0.000000,0.082521,3.000000
86,Jordyn Tyson,WR,NO,TYS405541,83.700000,84,85,4.442651,85,4.442651,0.010582,0.011834,0.005405,0.011834,4.817535,0.000000,38,-2,84,0,-2,-3.946612,15.575746,-0.000000,-0.000000,0.000000,0.970370,-0.148466,0.000000,0.000000,2.079442,0.109244,0.167816,0.000000,0.140884,0.000000,0.000000,0.000000,0.000000,0.000000,1182.280000,-1.171516,0.654329,0.522503,0.502101,0.011494,2.000000,1.000000,0.000000,0.109244,0.000000,0.000000,0.000000,0.000000,0.000000,0.000000,0.000000,0.000000,0.000000,0.000000,0.000000,0.000000,0.000000,0.000000,0.000000,0.000000,0.000000,1.000000,0.000000,0.000000,0.000000,0.000000,-0.003377,-0.000108,0.000164,0.000502,0.010135,0.013463,0.008953,-0.000691,-0.052461,-0.004503,-0.000033,-0.000326,0.000261,0.002515,-0.008050,-0.000920,-0.000085,0.000792,-0.000773,-0.001733,-0.002966,0.009377,0.002094,0.004061,-0.000725,-0.002020,-0.002680,0.025501,0.000007,0.000041,0.001256,-0.004486,-0.000420,-0.000346,0.000657,-0.000406,-0.000973,-0.000848,0.016877,-0.000042,0.013297,0.000047,-0.000705,0.001175,-0.001102,-0.000055,-0.004263,0.000412,-0.002206,-0.000454,-0.004409,-0.006989,-0.002682,-0.000000,false,4.158883,4.615121,22.053388,2004-08-12,0.000000,-0.009312,0.000000,8,1,2026,16.909091,0.000000,0.000000,true,0.000000,0.007946,-0.001205,0.000000,0.000000,0.000000,,0.000000,0.000000,0.000000,0.000000,0.000000,0.000000,1.000000,3.522677,0.268851,0.000000,0.000000,0.000000,0.000000,0.000000,2026,0.000000,0.000000,0.000000,0.439950,3.880037,0.000000,0.000000,0.000000,0.010582,0.000000
87,Josh Downs,WR,IND,00-0038997,85.000000,88,95,4.553877,95,4.553877,0.068993,0.076540,0.037838,0.076540,4.772267,0.000000,41,1,99,-11,12,-0.945927,0.894779,-0.000000,-0.000000,1.000000,0.000000,0.024944,0.000000,1.000000,4.369448,0.254864,0.058824,0.043290,0.125088,0.000000,0.000000,0.000000,0.000000,0.000000,1488.400000,0.415502,0.600847,0.537657,0.188716,0.006787,2.000000,0.000000,0.000000,0.254864,0.000000,0.174591,0.172332,0.000524,0.028453,0.008929,-2.558125,-0.003978,0.000000,-4.364286,0.078431,7.000000,0.000000,0.000000,0.006000,0.000000,4.000000,0.000000,1.000000,0.000000,1.000000,0.000000,-0.001183,0.000649,0.000164,0.000502,0.005605,-0.001404,-0.001504,-0.000691,0.007180,0.001758,0.000317,-0.000031,0.000507,0.001059,-0.005990,-0.000920,-0.000085,0.000792,-0.000773,-0.001733,0.000836,-0.001857,-0.005993,0.002024,-0.000075,-0.002100,-0.002680,-0.002888,0.000007,-0.000198,0.001256,0.002180,0.000204,0.000598,-0.004728,0.000533,-0.004209,-0.001765,0.016877,-0.000481,0.006473,-0.000023,-0.000705,0.001175,-0.000954,-0.000055,0.012277,-0.000208,0.003513,-0.000454,-0.000988,-0.006989,-0.001279,1.851350,true,3.332205,4.615121,25.054073,2001-08-12,13.014286,-0.015208,0.000000,79,3,2023,12.615385,0.000000,0.000000,false,0.000000,-0.017145,-0.020534,16.000000,8.650000,0.173410,IND,0.000000,0.000000,0.000000,0.000000,0.000000,0.000000,0.000000,0.000000,0.000000,0.107143,0.000000,0.937500,0.180723,-0.374070,2026,0.586875,0.135000,0.707500,0.089016,0.238566,0.000000,0.000000,0.000000,0.068993,3.000000
88,Jayden Daniels,QB,WAS,00-0039910,85.500000,90,55,4.007333,55,4.007333,-0.430783,-0.492476,-0.189189,-0.492476,5.520584,0.000000,8,2,119,-29,31,-0.297057,0.088243,-0.000000,-0.297057,10.000000,0.000000,-0.041281,0.000000,1.000000,0.693147,0.523148,0.322314,0.000000,0.128084,0.000000,0.000000,0.000000,0.000000,0.000000,1272.060000,-0.706069,0.576938,0.471616,0.000000,0.103306,1.000000,0.000000,0.000000,0.000000,0.000000,0.000000,0.000000,0.000000,0.000000,-0.008295,11.354286,-0.014462,0.285714,-4.604874,0.294118,11.000000,1.000000,0.000000,0.037000,0.000000,3.000000,1.000000,0.000000,0.000000,1.000000,0.000000,-0.000709,0.000691,0.000164,0.000828,-0.035163,-0.001404,0.002489,-0.000691,0.007180,-0.008293,-0.002682,0.000510,-0.000087,0.002515,-0.006380,-0.000920,-0.000085,0.000792,-0.000773,-0.001733,-0.001851,0.006082,-0.009608,0.010901,0.000317,-0.000470,0.002358,-0.002888,0.000007,0.000220,0.001256,-0.004486,-0.000420,-0.000346,0.000657,-0.001278,0.013392,-0.004180,-0.010180,-0.000505,-0.012292,-0.000064,0.000281,0.001175,-0.000189,-0.000055,0.008142,0.000412,-0.002206,-0.000454,-0.000988,-0.006989,-0.002088,0.784304,true,0.000000,4.615121,25.702943,2000-12-18,20.930588,0.010056,0.000000,2,1,2024,0.000000,0.000000,11.000000,false,0.000000,0.000177,0.005925,7.000000,16.325714,0.385019,WAS,0.000000,0.000000,0.000000,0.000000,0.000000,39.714286,0.000000,0.000000,0.000000,0.000000,0.081081,0.428571,0.000000,0.358839,2026,0.902857,-0.170000,1.000000,0.518289,0.888566,0.000000,0.000000,0.000000,-0.430783,2.000000
89,RJ Harvey,RB,DEN,00-0040730,89.800000,92,89,4.488636,89,4.488636,-0.029853,-0.033152,-0.016216,-0.033152,4.603276,0.000000,30,3,89,3,0,-0.428474,0.183590,-0.428474,-0.000000,0.000000,0.000000,0.124367,0.000000,1.000000,4.094345,0.000000,0.000000,0.000000,0.147750,0.000000,0.000000,0.000000,0.000000,0.000000,1494.540000,0.447334,0.625945,0.564054,0.100000,0.456140,1.000000,0.000000,0.000000,0.000000,0.000000,0.102084,-0.011001,0.003573,0.033211,0.196878,1.767059,0.026314,0.235294,0.000000,0.000000,0.000000,0.000000,0.000000,0.007000,0.000000,2.000000,0.000000,1.000000,0.000000,0.000000,1.000000,-0.000805,0.000686,-0.000591,0.000502,0.010135,-0.001404,-0.007500,-0.000691,0.007180,0.001005,-0.000276,-0.000546,0.000640,0.002515,-0.008945,-0.000920,-0.000085,0.000792,-0.000773,-0.001733,0.000912,-0.002083,-0.002198,-0.001524,0.000109,0.005489,0.002358,-0.002888,0.000007,0.000220,0.001256,-0.000588,-0.000460,0.006092,-0.005629,0.020296,0.001263,0.005214,-0.005405,-0.000042,0.013297,0.000047,-0.000705,0.001175,-0.000929,-0.000055,0.004007,-0.000208,0.003513,-0.000454,-0.004409,0.009665,0.002336,6.621503,true,0.000000,1.609438,25.571526,2001-02-04,12.152941,0.013948,0.000000,60,2,2025,0.000000,0.000000,0.000000,false,0.000000,-0.031055,-0.002697,17.000000,12.152941,0.348500,DEN,0.000000,0.000000,0.000000,0.000000,0.000000,0.000000,0.000000,0.000000,0.000000,0.027778,0.476190,1.529412,0.123596,2.574359,2026,0.421176,0.290000,0.655000,-0.359291,-1.645882,0.000000,0.000000,0.000000,-0.029853,1.000000
90,Travis Kelce,TE,KC,00-0030506,95.700000,98,100,4.605170,100,4.605170,0.018349,0.020203,0.010811,0.020203,4.761299,0.000000,9,8,91,7,1,10.906229,118.945823,0.000000,0.000000,0.000000,0.000000,-0.031105,0.000000,1.000000,4.143135,0.318182,0.702273,0.000000,0.000000,0.000000,0.000000,0.000000,0.000000,0.000000,1397.380000,-0.056373,0.640985,0.555556,0.069091,0.000000,1.000000,0.000000,0.000000,0.318182,0.000000,0.199956,0.195465,0.004393,0.081700,-0.001435,-1.226471,-0.011957,0.117647,-0.847794,0.030457,1.000000,0.000000,0.000000,0.040000,0.000000,0.000000,0.000000,1.000000,0.000000,5.000000,0.000000,0.007481,-0.005445,0.000164,0.000502,0.010135,-0.001404,0.001876,-0.000691,0.007180,0.001139,0.000013,0.000096,-0.000945,0.002515,0.010326,-0.000920,-0.000085,0.000792,-0.000773,-0.001733,-0.000295,0.001483,0.000076,-0.000382,0.000173,-0.002214,0.002358,-0.002888,0.000007,-0.000301,0.001256,0.003148,0.000288,0.007570,-0.014807,-0.000557,-0.002524,-0.003603,0.005736,-0.000128,0.010647,0.000037,-0.000705,0.001175,-0.000115,-0.000055,-0.004263,-0.000208,0.003513,-0.000454,0.012696,-0.006989,0.000973,4.823721,true,0.000000,4.615121,36.906229,1989-10-05,20.850667,0.015475,0.000000,63,3,2013,30.142857,0.000000,0.000000,false,0.000000,0.003136,-0.044404,17.000000,11.364706,0.155280,KC,0.000000,0.000000,0.000000,0.000000,0.000000,0.000000,0.000000,0.000000,0.000000,0.114286,0.047619,0.823529,0.160494,-0.511241,2026,0.818824,0.132500,0.947500,0.099695,0.537169,0.000000,0.000000,0.000000,0.018349,13.000000
91,Kyle Monangai,RB,CHI,00-0040236,105.500000,109,98,4.584967,98,4.584967,-0.096992,-0.106380,-0.059459,-0.106380,4.536125,0.000000,33,18,102,7,11,-1.761807,3.103964,-1.761807,-0.000000,0.000000,0.000000,-0.019633,0.000000,1.000000,5.451038,0.302632,0.039604,0.000000,0.000000,0.000000,0.000000,0.000000,0.000000,0.000000,1519.840000,0.578497,0.592891,0.513018,0.092105,0.455446,2.000000,0.000000,0.000000,0.000000,0.039604,0.057223,0.000350,0.002049,0.048254,0.059342,0.009412,-0.007384,0.058824,0.000000,0.000000,0.000000,0.000000,0.000000,0.004000,0.000000,2.000000,0.000000,0.000000,0.000000,0.000000,1.000000,-0.001780,0.000535,-0.002939,0.000502,0.010135,-0.001404,0.001184,-0.000691,0.007180,0.004714,-0.000679,0.000065,0.000551,0.002515,0.010326,-0.000920,-0.000085,0.000792,-0.000773,-0.001733,0.001226,-0.003011,-0.007196,0.005336,0.000126,0.005477,-0.002680,-0.002888,0.000007,0.000220,0.000769,-0.002301,-0.000419,0.003346,-0.008476,0.005834,-0.000961,-0.002549,0.011306,-0.000042,0.013297,0.000047,-0.000705,0.001175,-0.001003,-0.000055,0.004007,-0.000208,-0.002206,-0.000454,-0.004409,0.009665,-0.000056,3.465480,true,4.094345,4.615121,24.238193,2002-06-06,8.629412,-0.018797,0.000000,233,7,2025,0.000000,0.000000,0.000000,false,0.000000,-0.027812,-0.027593,17.000000,8.629412,0.204499,CHI,0.000000,0.000000,0.000000,0.000000,0.000000,0.000000,0.000000,0.000000,0.000000,0.000000,0.428571,1.411765,0.042254,-3.327550,2026,0.408824,0.147500,0.547500,-0.529879,1.652647,0.000000,0.000000,0.000000,-0.096992,1.000000
92,George Kittle,TE,SF,00-0033288,107.000000,111,106,4.663439,106,4.663439,-0.042200,-0.046091,-0.027027,-0.046091,4.703660,-2.522917,11,19,92,19,0,6.895277,47.544848,0.000000,0.000000,6.000000,0.000000,0.073677,0.000000,1.000000,4.983607,0.298893,0.195426,0.000000,0.000000,1.000000,7.887071,0.000000,0.000000,0.000000,1560.220000,0.787839,0.653626,0.529814,0.112546,0.000000,1.000000,0.000000,7.887071,0.298893,0.000000,0.214541,0.193966,0.012015,0.126080,-0.002331,2.290909,0.042171,0.363636,-1.091515,0.167785,12.000000,2.000000,1.000000,0.068000,0.000000,0.000000,0.000000,0.000000,0.000000,7.000000,0.000000,0.004549,-0.001759,0.000164,0.000502,-0.017044,-0.001404,-0.004443,-0.000691,0.007180,0.003437,-0.000350,0.000058,0.000199,0.002515,0.010326,0.005695,0.014818,0.000792,-0.000773,-0.001733,0.001727,-0.004493,0.001988,0.003078,0.000083,-0.002214,0.002358,-0.002888,-0.001274,-0.000270,0.001256,0.003705,0.000282,0.021304,-0.023208,-0.000651,0.001926,0.008867,-0.017559,-0.000152,-0.001300,-0.000074,0.001267,-0.015322,0.000576,-0.000055,-0.004263,-0.000208,-0.002206,-0.000454,0.019538,-0.006989,0.003619,8.315350,true,0.000000,4.615121,32.895277,1993-10-09,16.168750,-0.023672,0.000000,146,5,2017,16.333333,0.000000,0.000000,false,0.000000,-0.022154,0.004290,11.000000,14.681818,0.260062,SF,0.000000,0.000000,0.000000,0.000000,0.000000,0.000000,0.000000,0.000000,0.000000,0.142857,0.000000,1.181818,0.144444,3.026535,2026,0.811818,0.137500,0.930000,-0.333385,1.729816,0.000000,0.000000,0.000000,-0.042200,9.000000
93,Jake Ferguson,TE,DAL,00-0038041,117.700000,116,107,4.672829,107,4.672829,-0.074108,-0.080761,-0.048649,-0.080761,4.722213,-2.522917,10,23,93,23,0,1.619439,2.622582,0.000000,0.000000,0.000000,0.000000,0.068798,0.000000,1.000000,4.859812,0.069193,0.043011,0.000000,0.000000,0.000000,0.000000,0.000000,0.000000,0.000000,1689.500000,1.458065,0.638355,0.566231,0.059308,0.000000,1.000000,0.000000,0.000000,0.069193,0.000000,0.164798,0.091497,-0.008790,-0.133295,-0.001898,0.073529,0.019841,0.176471,3.607563,0.132353,4.000000,1.000000,0.000000,0.045000,0.000000,0.000000,0.000000,0.000000,0.000000,0.000000,1.000000,0.000692,0.000560,0.000164,0.000502,0.010135,-0.001404,-0.004149,-0.000691,0.007180,0.003098,-0.000542,-0.000406,0.000543,0.002515,0.010326,-0.000920,-0.000085,0.000792,-0.000773,-0.001733,0.003333,-0.009238,-0.000321,-0.001817,0.000194,-0.002214,0.002358,-0.002888,0.000007,0.000107,0.001256,0.001806,-0.000089,-0.016185,0.025888,-0.000605,-0.000880,0.003723,0.000165,0.000320,0.001782,0.000007,0.000281,0.001175,0.000008,-0.000055,-0.004263,-0.000208,-0.002206,-0.000454,-0.004409,0.009665,0.000899,4.726206,true,0.000000,4.615121,27.619439,1999-01-18,11.064706,0.034416,0.000000,129,4,2022,10.411765,0.000000,0.000000,false,0.000000,-0.019691,-0.037530,17.000000,11.064706,0.255183,DAL,0.000000,0.000000,0.000000,0.000000,0.000000,0.000000,0.000000,0.000000,0.000000,0.192982,0.000000,1.470588,0.240385,-0.136422,2026,0.667059,-0.140000,0.812500,0.041218,-0.644301,0.000000,0.000000,0.000000,-0.074108,4.000000
94,Isaiah Likely,TE,NYG,00-0037838,137.500000,136,118,4.770685,118,4.770685,-0.131576,-0.141970,-0.097297,-0.141970,4.654636,-2.522917,13,42,97,39,3,0.370979,0.137625,0.000000,0.000000,5.000000,0.000000,-0.089140,1.000000,1.000000,4.934474,0.357002,0.043053,0.000000,0.000000,0.000000,0.000000,0.000000,0.000000,1.000000,1389.820000,-0.095566,0.591587,0.498035,0.149901,0.000000,1.000000,0.000000,0.000000,0.357002,0.000000,0.119970,0.122061,0.003095,0.018036,0.000000,-1.032500,-0.030051,0.000000,-3.105000,0.205882,5.000000,1.000000,0.000000,0.044000,0.000000,0.000000,0.000000,0.000000,0.000000,1.000000,0.000000,-0.000220,0.000689,0.000164,0.000502,-0.012514,-0.001404,0.005375,0.003267,0.007180,0.003302,-0.000887,0.000175,0.000543,0.002515,0.010326,-0.000920,-0.000085,0.000792,-0.000773,0.007096,-0.000389,0.001761,-0.007393,0.007350,0.000006,-0.002214,0.002358,-0.002888,0.000007,-0.000365,0.001256,0.000095,0.000022,0.005231,-0.002757,-0.000406,-0.002279,-0.007772,0.016877,-0.000354,-0.004615,-0.000003,0.000281,0.001175,-0.000016,-0.000055,-0.004263,-0.000208,-0.002206,-0.000454,-0.000988,-0.006989,-0.003370,-0.908090,true,0.000000,4.615121,26.370979,2000-04-18,8.246667,-0.038264,-0.004484,139,4,2022,34.785714,0.000000,0.000000,false,0.000000,0.011476,-0.031517,12.000000,5.141667,0.097245,BAL,0.000000,0.000000,0.000000,0.000000,0.000000,0.000000,0.000000,0.000000,0.000000,0.090909,0.000000,0.545455,0.107143,-0.925248,2026,0.559286,-0.067500,0.675000,0.123847,0.888640,0.000000,0.000000,0.000000,-0.131576,4.000000
95,Dalton Kincaid,TE,BUF,00-0038933,137.500000,137,115,4.744932,115,4.744932,-0.162119,-0.175049,-0.118919,-0.175049,4.669787,-2.522917,12,42,98,39,3,0.872005,0.760394,0.000000,0.000000,5.000000,0.000000,0.051521,0.000000,1.000000,3.218876,0.162698,0.031079,0.009091,0.000000,0.000000,0.000000,0.000000,0.000000,0.000000,1656.240000,1.285635,0.574554,0.479543,0.142857,0.000000,1.000000,0.000000,0.000000,0.162698,0.000000,0.149259,0.223882,-0.003617,-0.035073,0.000000,1.670833,0.044212,0.083333,2.754487,0.196078,12.000000,6.000000,1.000000,0.015000,0.000000,4.000000,1.000000,0.000000,0.000000,0.000000,1.000000,0.000146,0.000656,0.000164,0.000502,-0.012514,-0.001404,-0.003107,-0.000691,0.007180,-0.001388,-0.001070,-0.000218,0.000570,0.002209,0.010326,-0.000920,-0.000085,0.000792,-0.000773,-0.001733,0.002920,-0.008017,-0.009968,0.009835,0.000020,-0.002214,0.002358,-0.002888,0.000007,-0.000047,0.001256,0.001213,0.000391,-0.006864,0.007296,-0.000406,0.001141,0.009337,0.008985,0.000234,-0.003762,-0.000074,0.005211,-0.015322,-0.000732,-0.000055,0.012277,0.000412,-0.002206,-0.000454,-0.004409,0.009665,0.000639,4.383085,true,0.000000,4.615121,26.872005,1999-10-18,10.508333,-0.024587,0.000000,25,1,2023,36.187500,0.000000,0.000000,false,0.000000,0.002375,-0.044101,12.000000,10.508333,0.237906,BUF,0.000000,0.000000,0.000000,0.000000,0.000000,0.000000,0.000000,0.000000,0.000000,0.160000,0.000000,0.750000,0.115385,2.041144,2026,0.374167,-0.175000,0.520000,-0.224457,-0.702537,0.000000,0.000000,0.000000,-0.162119,3.000000
96,Kenny Gainwell,RB,TB,00-0036919,99.600000,102,102,4.624973,102,4.624973,0.000000,0.000000,0.000000,0.000000,4.510645,-2.595833,34,6,100,2,4,1.468857,2.157541,1.468857,0.000000,0.000000,0.000000,-0.007232,1.000000,1.000000,5.010635,0.303142,0.300847,0.000000,0.000000,0.000000,0.000000,0.000000,0.000000,0.000000,1385.400000,-0.118481,0.637000,0.534057,0.085028,0.557203,2.000000,0.000000,0.000000,0.000000,0.300847,0.163025,-0.014785,0.003464,0.034680,0.026140,1.564118,0.007692,0.235294,9.105147,0.035294,0.000000,0.000000,0.000000,0.023000,0.000000,0.000000,0.000000,0.000000,0.000000,0.000000,1.000000,0.000582,0.000584,0.002751,0.000502,0.010135,-0.001404,0.000436,0.003267,0.007180,0.003510,-0.000097,0.000066,-0.000039,0.002515,0.010326,-0.000920,-0.000085,0.000792,-0.000773,-0.001733,-0.000444,0.001923,-0.000526,0.002508,0.000140,0.007195,-0.002680,-0.002888,0.000007,0.000220,-0.002442,0.001738,-0.000474,0.005895,-0.005907,0.002343,0.001006,0.000924,-0.005405,0.000872,0.010226,0.000047,-0.000705,0.001175,-0.000534,-0.000055,-0.004263,-0.000208,-0.002206,-0.000454,-0.004409,0.009665,0.003383,8.003153,true,4.025352,4.615121,27.468857,1999-03-14,13.017647,0.011567,0.000000,150,5,2021,0.000000,0.000000,0.000000,false,0.000000,-0.006073,0.007863,17.000000,13.017647,0.216900,PIT,0.000000,0.000000,0.000000,0.000000,0.000000,0.000000,0.000000,0.000000,0.000000,0.058824,0.310345,1.941176,0.217949,-1.776050,2026,0.496471,0.105000,0.687500,-0.159429,0.835882,0.000000,0.000000,0.000000,0.000000,5.000000
97,Dallas Goedert,TE,PHI,00-0034351,128.500000,124,123,4.812184,123,4.812184,-0.007491,-0.008097,-0.005405,-0.008097,4.617004,-3.818750,15,27,94,30,-3,5.660507,32.041334,0.000000,0.000000,2.000000,0.000000,0.170179,0.000000,1.000000,3.891820,0.371739,0.024845,0.050172,0.172970,0.000000,0.000000,0.000000,0.000000,0.000000,1353.920000,-0.281682,0.604172,0.487805,0.028261,0.000000,1.000000,0.000000,0.000000,0.371739,0.000000,0.207595,0.165092,-0.000043,0.050411,0.000000,1.419333,0.076317,0.133333,1.980000,0.203008,9.000000,3.000000,1.000000,0.023000,0.000000,0.000000,0.000000,1.000000,0.000000,0.000000,1.000000,0.003647,-0.000958,0.000164,0.000502,0.001075,-0.001404,-0.010262,-0.000691,0.007180,0.000452,-0.000142,0.000205,0.000584,0.000827,-0.012235,-0.000920,-0.000085,0.000792,-0.000773,-0.001733,-0.000835,0.003078,-0.005490,0.008725,0.000258,-0.002214,0.002358,-0.002888,0.000007,-0.000389,0.001256,0.003440,0.000178,-0.000424,-0.008885,-0.000406,0.000823,0.016734,0.004251,0.000156,-0.004365,-0.000044,0.002253,-0.015322,-0.000534,-0.000055,-0.004263,-0.000208,0.003513,-0.000454,-0.004409,0.009665,0.002176,6.411116,true,0.000000,4.615121,31.660507,1995-01-03,12.340000,-0.073593,0.000000,49,2,2018,26.312500,0.000000,0.000000,false,0.000000,-0.004209,0.047117,15.000000,12.340000,0.356564,PHI,0.000000,0.000000,0.000000,0.000000,0.000000,0.000000,0.000000,0.000000,0.000000,0.238095,0.000000,1.000000,0.245902,5.345432,2026,0.846000,0.015000,0.935000,0.779972,0.806287,0.000000,0.000000,0.000000,-0.007491,8.000000
98,Mark Andrews,TE,BAL,00-0034753,131.200000,130,128,4.852030,128,4.852030,-0.014389,-0.015504,-0.010811,-0.015504,4.639585,-3.818750,14,32,95,35,-3,4.986995,24.870121,0.000000,0.000000,0.000000,0.000000,0.088424,0.000000,1.000000,4.454347,0.276543,0.126233,0.011278,0.141521,0.000000,0.000000,0.000000,0.000000,1.000000,1329.820000,-0.406624,0.558346,0.444079,0.000000,0.000000,1.000000,0.000000,0.000000,0.276543,0.000000,0.170681,0.166089,0.002842,0.033936,-0.013519,-0.915294,0.017171,0.058824,-3.400000,0.090226,0.000000,0.000000,0.000000,0.047000,0.000000,0.000000,0.000000,1.000000,0.000000,4.000000,0.000000,0.003154,-0.000588,0.000164,0.000502,0.010135,-0.001404,-0.005332,-0.000691,0.007180,0.001990,-0.000183,0.000012,0.000355,0.002136,-0.008133,-0.000920,-0.000085,0.000792,-0.000773,0.007096,-0.001134,0.003963,-0.012419,0.014602,0.000317,-0.002214,0.002358,-0.002888,0.000007,-0.000233,0.001256,0.002031,0.000181,0.004774,-0.005766,-0.001827,-0.002130,0.003108,0.011306,-0.000384,0.005447,0.000047,-0.000705,0.001175,0.000058,-0.000055,-0.004263,-0.000208,0.003513,-0.000454,0.009275,-0.006989,-0.001248,1.892115,true,0.000000,4.615121,30.986995,1995-09-06,17.711765,0.000000,0.000000,86,3,2018,26.846154,0.000000,0.000000,false,0.000000,0.024384,-0.015686,17.000000,7.705882,0.274809,BAL,0.000000,0.000000,0.000000,0.000000,0.000000,0.000000,0.000000,0.000000,0.000000,0.303030,0.093750,1.058824,0.267857,-0.485540,2026,0.617059,-0.265000,0.785000,0.756027,0.300404,0.000000,0.000000,0.000000,-0.014389,8.000000
99,Wan'Dale Robinson,WR,TEN,00-0038117,89.100000,91,88,4.477337,88,4.477337,-0.030153,-0.033523,-0.016216,-0.033523,4.767528,-4.066667,42,-8,109,-18,10,-0.346338,0.119950,-0.000000,-0.000000,1.000000,0.000000,-0.038324,1.000000,1.000000,3.761200,0.280943,0.000000,0.000000,0.430677,0.000000,0.000000,0.000000,0.000000,1.000000,1115.640000,-1.516997,0.660697,0.573844,0.414538,0.029101,2.000000,0.000000,0.000000,0.280943,0.000000,0.302658,0.294792,0.014606,0.168019,0.003988,-4.811875,-0.020451,0.250000,2.871691,0.205882,2.000000,0.000000,0.000000,0.058000,0.000000,0.000000,0.000000,1.000000,0.000000,0.000000,1.000000,-0.000745,0.000689,0.000164,0.000502,0.005605,-0.001404,0.002311,0.003267,0.007180,0.000095,-0.000278,0.000021,0.000640,0.002515,-0.045849,-0.000920,-0.000085,0.000792,-0.000773,0.007096,-0.003794,0.011823,0.003057,-0.002840,-0.000543,-0.001723,-0.002680,-0.002888,0.000007,-0.000240,0.001256,0.007069,0.000647,0.025973,-0.031146,0.000014,-0.007060,-0.005560,-0.006798,0.000246,-0.004615,0.000027,-0.000705,0.001175,0.000329,-0.000055,-0.004263,-0.000208,0.003513,-0.000454,-0.004409,0.009665,0.002269,6.533878,true,3.332205,4.110874,25.653662,2001-01-05,13.618750,0.058196,0.016166,43,2,2022,9.352941,0.000000,0.000000,false,0.000000,0.021608,-0.008104,16.000000,13.618750,0.110142,NYG,0.000000,0.000000,0.000000,0.000000,0.000000,0.000000,0.000000,0.000000,0.000000,0.222222,0.000000,0.875000,0.205882,-1.814410,2026,0.907500,0.130000,0.995000,1.243756,0.823860,0.000000,0.000000,0.000000,-0.030153,4.000000
100,Aaron Jones Sr.,RB,MIN,00-0033293,90.900000,93,111,4.709530,111,4.709530,0.161062,0.176931,0.097297,0.176931,4.448185,-7.501250,35,-7,90,3,-10,5.748118,33.040857,5.748118,0.000000,5.000000,0.000000,-0.072490,0.000000,1.000000,5.204007,0.140312,0.046914,0.000000,0.130948,1.000000,3.018000,0.000000,0.000000,0.000000,1131.140000,-1.436641,0.629365,0.525761,0.075724,0.479012,1.000000,0.000000,0.000000,0.000000,0.046914,0.141378,-0.010993,0.004959,0.041680,0.035217,-1.687500,-0.015168,0.000000,-4.320098,0.167785,8.000000,1.000000,0.000000,0.018000,0.000000,0.000000,0.000000,0.000000,0.000000,6.000000,0.000000,0.003711,-0.001010,0.010289,0.000502,-0.012514,-0.001404,0.004371,-0.000691,0.007180,0.004039,0.000870,-0.000263,0.000534,0.002515,-0.006754,0.005695,0.005618,0.000792,-0.000773,-0.001733,-0.003601,0.011254,-0.001681,0.003623,0.000160,0.005875,0.002358,-0.002888,0.000007,0.000220,0.000680,0.000912,-0.000460,0.008590,-0.007232,0.003297,-0.003107,-0.004343,0.016877,-0.000476,-0.001300,-0.000034,0.000281,0.001175,-0.000658,-0.000055,-0.004263,-0.000208,-0.002206,-0.000454,0.016117,-0.006989,0.001248,5.186387,true,0.000000,3.401197,31.748118,1994-12-02,19.675000,0.031090,0.000000,182,5,2017,0.000000,0.000000,0.000000,false,0.000000,0.039269,-0.005090,12.000000,9.891667,0.151643,MIN,0.000000,0.000000,0.000000,0.000000,0.000000,0.000000,0.000000,0.000000,0.000000,0.000000,0.200000,0.916667,0.064935,-0.975992,2026,0.550833,0.110000,0.672500,0.210606,0.426176,0.000000,0.000000,0.000000,0.161062,9.000000
101,J.K. Dobbins,RB,DEN,00-0036158,93.400000,96,105,4.653960,105,4.653960,0.081493,0.089612,0.048649,0.089612,4.393983,-7.501250,38,-5,96,0,-5,1.707050,2.914020,1.707050,0.000000,7.000000,0.000000,-0.017057,0.000000,1.000000,4.007333,0.000000,0.000000,0.000000,0.147750,0.000000,0.000000,0.000000,0.000000,0.000000,1494.540000,0.447334,0.625945,0.564054,0.174576,0.440789,2.000000,0.000000,0.000000,0.000000,0.000000,0.045866,-0.012047,-0.002896,-0.017639,0.038247,0.520000,-0.008557,0.000000,-3.163846,0.440476,12.000000,0.000000,0.000000,0.027000,0.000000,0.000000,0.000000,1.000000,0.000000,1.000000,0.000000,0.000756,0.000545,0.003171,0.000502,-0.021573,-0.001404,0.001029,-0.000691,0.007180,0.000768,0.000392,-0.000546,0.000640,0.002515,-0.008945,-0.000920,-0.000085,0.000792,-0.000773,-0.001733,0.000912,-0.002083,-0.002198,-0.001524,-0.000045,0.005229,-0.002680,-0.002888,0.000007,0.000220,0.001256,-0.002735,-0.000464,-0.005565,0.003996,0.003616,-0.000315,-0.002820,0.016877,-0.000360,-0.025025,-0.000074,-0.000705,0.001175,-0.000436,-0.000055,-0.004263,-0.000208,0.003513,-0.000454,-0.000988,-0.006989,0.002382,6.682548,true,1.609438,4.477337,27.707050,1998-12-17,14.753846,0.013948,0.000000,55,2,2020,0.000000,0.000000,0.000000,false,0.000000,-0.031055,-0.002697,10.000000,11.590000,0.207075,DEN,0.000000,0.000000,0.000000,0.000000,0.000000,0.000000,0.000000,0.000000,0.000000,0.000000,0.333333,1.100000,0.000000,-0.654664,2026,0.511000,-0.025000,0.562500,-0.359291,-1.645882,0.000000,0.000000,0.000000,0.081493,6.000000
102,Rachaad White,RB,WAS,00-0037256,100.700000,104,109,4.691348,109,4.691348,0.042925,0.046957,0.027027,0.046957,4.441259,-7.501250,37,2,101,3,-1,1.635866,2.676057,1.635866,0.000000,0.000000,0.000000,-0.056300,1.000000,1.000000,4.510860,0.523148,0.322314,0.057416,0.132370,1.000000,3.775714,0.000000,0.000000,0.000000,1272.060000,-0.706069,0.576938,0.471616,0.101852,0.452479,1.000000,0.000000,0.000000,0.000000,0.322314,0.082613,-0.028236,-0.000575,-0.000991,-0.161303,0.202353,-0.009910,0.058824,-4.894902,0.044118,3.000000,0.000000,0.000000,0.007000,0.000000,0.000000,0.000000,1.000000,0.000000,2.000000,0.000000,0.000704,0.000558,0.003045,0.000502,0.010135,-0.001404,0.003395,0.003267,0.007180,0.002144,0.000161,0.000510,-0.000087,0.000583,-0.006939,0.005695,0.007050,0.000792,-0.000773,-0.001733,-0.001851,0.006082,-0.009608,0.010901,0.000105,0.005427,0.002358,-0.002888,0.000007,0.000220,-0.002706,-0.001332,-0.000523,-0.001382,0.000845,-0.017367,-0.000717,-0.003132,0.011306,-0.000534,0.009459,0.000017,-0.000705,0.001175,-0.000929,-0.000055,-0.004263,-0.000208,0.003513,-0.000454,0.002433,-0.006989,0.000077,3.640782,true,0.000000,2.890372,27.635866,1999-01-12,15.758824,0.010056,0.000000,91,3,2022,0.000000,0.000000,0.000000,false,0.000000,0.000177,0.005925,17.000000,8.411765,0.167832,TB,0.000000,0.000000,0.000000,0.000000,0.000000,0.000000,0.000000,0.000000,0.000000,0.026316,0.409091,1.176471,0.131579,-2.821235,2026,0.510588,0.092500,0.797500,0.636142,-0.445882,0.000000,0.000000,0.000000,0.042925,4.000000
103,Blake Corum,RB,LAR,00-0039738,119.800000,118,112,4.718499,112,4.718499,-0.048009,-0.052186,-0.032432,-0.052186,4.443168,-7.501250,36,15,103,15,0,-0.234086,0.054796,-0.234086,-0.000000,0.000000,0.000000,0.070467,1.000000,1.000000,4.418841,0.025818,0.019355,0.000000,0.000000,0.000000,0.000000,0.000000,0.000000,0.000000,1800.180000,2.031863,0.630326,0.555449,0.086059,0.576344,2.000000,0.000000,0.000000,0.000000,0.019355,0.022619,0.001133,-0.000834,-0.016755,0.052291,0.732353,0.005227,0.058824,4.795378,0.088235,1.000000,0.000000,0.000000,0.006000,0.000000,3.000000,0.000000,1.000000,0.000000,0.000000,1.000000,-0.000663,0.000693,-0.000248,0.000502,0.010135,-0.001404,-0.004249,0.003267,0.007180,0.001893,-0.000385,-0.000494,0.000596,0.002515,0.010326,-0.000920,-0.000085,0.000792,-0.000773,-0.001733,0.004708,-0.013300,-0.001535,-0.000368,0.000138,0.007519,-0.002680,-0.002888,0.000007,0.000220,0.001018,-0.003622,-0.000416,-0.001849,0.003829,0.005093,-0.000046,0.000356,0.011306,0.000439,0.005620,0.000037,-0.000705,0.001175,-0.000954,-0.000055,0.008142,-0.000208,0.003513,-0.000454,-0.004409,0.009665,-0.000776,2.515202,true,4.442651,4.615121,25.765914,2000-11-25,7.188235,0.006798,0.000000,83,3,2024,0.000000,0.000000,0.000000,false,0.000000,0.000000,0.000000,17.000000,7.188235,0.294599,LA,0.000000,0.000000,0.000000,0.000000,0.000000,0.000000,0.000000,0.000000,0.000000,0.000000,0.382353,1.000000,0.009174,-0.879500,2026,0.291176,0.082500,0.382500,0.417180,0.283529,0.000000,0.000000,0.000000,-0.048009,2.000000
104,Jacory Croskey-Merritt,RB,WAS,00-0040242,121.800000,121,125,4.828314,125,4.828314,0.030077,0.032523,0.021622,0.032523,4.332833,-7.501250,39,17,104,17,0,-0.611910,0.374433,-0.611910,-0.000000,0.000000,0.000000,0.117992,0.000000,1.000000,5.501258,0.523148,0.322314,0.337077,0.132370,1.000000,3.775714,0.000000,0.000000,0.000000,1272.060000,-0.706069,0.576938,0.471616,0.071759,0.090909,2.000000,0.000000,0.000000,0.000000,0.322314,0.029820,-0.005385,-0.004072,-0.049593,0.000621,1.007647,0.010044,0.117647,0.000000,0.000000,1.000000,0.000000,0.000000,0.004000,0.000000,2.000000,0.000000,0.000000,0.000000,0.000000,1.000000,-0.000939,0.000676,-0.000914,0.000502,0.010135,-0.001404,-0.007115,-0.000691,0.007180,0.004852,0.000084,0.000510,-0.000087,-0.008827,-0.006939,0.005695,0.007050,0.000792,-0.000773,-0.001733,-0.001851,0.006082,-0.009608,0.010901,0.000168,-0.000679,-0.002680,-0.002888,0.000007,0.000220,-0.002706,-0.003347,-0.000440,-0.007684,0.010045,-0.000340,0.000302,0.001466,0.005736,-0.000042,0.013297,0.000037,-0.000705,0.001175,-0.001003,-0.000055,0.004007,-0.000208,-0.002206,-0.000454,-0.004409,0.009665,0.000323,3.965701,true,2.890372,4.615121,25.388090,2001-04-12,8.252941,0.010056,0.000000,245,7,2025,0.000000,0.000000,0.000000,false,0.000000,0.000177,0.005925,17.000000,8.252941,0.342124,WAS,0.000000,0.000000,0.000000,0.000000,0.000000,0.000000,0.000000,0.000000,0.000000,0.000000,0.351351,1.294118,0.019608,0.297001,2026,0.394706,0.105000,0.597500,0.636142,-0.445882,0.000000,0.000000,0.000000,0.030077,1.000000
105,Jordan Mason,RB,MIN,00-0037525,125.600000,122,126,4.836282,126,4.836282,0.029853,0.032261,0.021622,0.032261,4.281947,-7.501250,41,17,105,17,0,1.274470,1.624273,1.274470,0.000000,1.000000,0.000000,0.055154,0.000000,1.000000,5.598422,0.140312,0.046914,0.000000,0.130948,1.000000,3.018000,0.000000,0.000000,0.000000,1131.140000,-1.436641,0.629365,0.525761,0.131403,0.412346,2.000000,0.000000,0.000000,0.000000,0.046914,0.035068,-0.015324,-0.004662,-0.055202,-0.093825,0.821250,0.001776,0.062500,-1.527083,0.338235,6.000000,0.000000,1.000000,0.019000,1.000000,0.000000,0.000000,0.000000,0.000000,1.000000,0.000000,0.000440,0.000612,0.002409,0.000502,0.005605,-0.001404,-0.003326,-0.000691,0.007180,0.005117,0.000082,-0.000263,0.000534,0.002515,-0.006754,0.005695,0.005618,0.000792,-0.000773,-0.001733,-0.003601,0.011254,-0.001681,0.003623,0.000044,0.004749,-0.002680,-0.002888,0.000007,0.000220,0.000680,-0.003147,-0.000476,-0.008747,0.011106,-0.010272,0.000066,-0.000439,0.010958,-0.000196,-0.016130,-0.000013,-0.000705,-0.015322,-0.000633,0.002577,-0.004263,-0.000208,-0.002206,-0.000454,-0.000988,-0.006989,0.000195,3.796335,true,3.401197,4.615121,27.274470,1999-05-24,9.583333,0.031090,0.000000,,,2022,0.000000,0.000000,0.000000,false,0.000000,0.039269,-0.005090,16.000000,8.056250,0.279286,MIN,0.000000,0.000000,0.000000,0.000000,0.000000,0.000000,0.000000,0.000000,0.000000,0.000000,0.466667,0.625000,0.012987,0.989372,2026,0.427500,-0.307500,0.662500,0.210606,0.426176,0.000000,0.000000,0.000000,0.029853,4.000000
106,Woody Marks,RB,HOU,00-0040583,146.300000,143,134,4.897840,134,4.897840,-0.060625,-0.065005,-0.048649,-0.065005,4.279571,-7.501250,43,37,118,25,12,-0.327173,0.107042,-0.327173,-0.000000,1.000000,0.000000,-0.017378,0.000000,1.000000,4.753590,0.180000,0.286022,0.401144,0.000000,0.000000,0.000000,0.000000,0.000000,0.000000,1372.140000,-0.187225,0.655400,0.541872,0.012727,0.129032,2.000000,0.000000,0.000000,0.000000,0.286022,0.068408,0.018266,0.000913,0.014008,0.075504,-1.993125,-0.010958,0.062500,0.000000,0.058824,1.000000,0.000000,0.000000,0.005000,0.000000,2.000000,0.000000,0.000000,0.000000,0.000000,1.000000,-0.000731,0.000690,-0.000412,0.000502,0.005605,-0.001404,0.001048,-0.000691,0.007180,0.002808,-0.000461,-0.000183,-0.000005,-0.010982,0.010326,-0.000920,-0.000085,0.000792,-0.000773,-0.001733,-0.000608,0.002409,0.002256,0.001457,0.000290,-0.000035,-0.002680,-0.002888,0.000007,0.000220,-0.002260,-0.001874,-0.000354,0.001299,-0.001994,0.007534,-0.003494,-0.003373,0.010958,-0.000042,0.008179,0.000037,-0.000705,0.001175,-0.000978,-0.000055,0.004007,-0.000208,-0.002206,-0.000454,-0.004409,0.009665,0.001120,5.016768,true,4.465908,4.615121,25.672827,2000-12-29,9.068750,0.015308,0.000000,116,4,2025,0.000000,0.000000,0.000000,false,0.000000,-0.017239,0.027678,16.000000,9.068750,0.206754,HOU,0.000000,0.000000,0.000000,0.000000,0.000000,0.000000,0.000000,0.000000,0.000000,0.051282,0.360000,1.437500,0.101266,-3.355477,2026,0.515000,0.202500,0.760000,0.084516,2.300882,0.000000,0.000000,0.000000,-0.060625,1.000000
107,Dylan Sampson,RB,CLE,00-0040162,150.000000,147,140,4.941642,140,4.941642,-0.045611,-0.048790,-0.037838,-0.048790,4.280352,-7.501250,42,40,157,-10,50,-4.036961,16.297054,-4.036961,-0.000000,2.000000,0.000000,-0.087146,0.000000,1.000000,4.836282,0.179048,0.081340,0.000000,0.000000,0.000000,0.000000,0.000000,1.000000,1.000000,1082.480000,-1.688909,0.683153,0.556734,0.076190,0.614833,2.000000,0.000000,0.000000,0.000000,0.081340,0.086750,-0.022905,0.003061,0.034532,0.050488,-0.470667,-0.013462,0.000000,0.000000,0.117647,4.000000,2.000000,0.000000,0.005000,0.000000,2.000000,0.000000,0.000000,0.000000,0.000000,1.000000,-0.003443,-0.000146,-0.006947,0.000502,0.001075,-0.001404,0.005255,-0.000691,0.007180,0.003034,-0.000371,-0.000185,0.000457,0.002515,0.010326,-0.000920,-0.000085,0.000792,0.003611,0.007096,-0.004206,0.013040,0.006453,-0.000540,0.000159,0.008168,-0.002680,-0.002888,0.000007,0.000220,0.000256,-0.001174,-0.000503,0.005169,-0.005879,0.004903,-0.001568,-0.003950,0.016877,-0.000042,0.003062,0.000007,0.001267,0.001175,-0.000978,-0.000055,0.004007,-0.000208,-0.002206,-0.000454,-0.004409,0.009665,-0.001218,1.932505,true,4.564348,4.615121,21.963039,2004-09-14,5.840000,0.000000,0.000000,126,4,2025,0.000000,0.000000,0.000000,false,0.000000,0.014484,0.038544,15.000000,5.840000,0.136986,CLE,0.000000,0.000000,0.000000,0.000000,0.000000,0.000000,0.000000,0.000000,0.000000,0.040000,0.000000,0.466667,0.105263,-0.492167,2026,0.264667,0.137500,0.442500,0.772405,-0.962059,0.000000,0.000000,0.000000,-0.045611,1.000000
108,Tyrone Tracy Jr.,RB,NYG,00-0039384,150.200000,148,130,4.867534,130,4.867534,-0.120953,-0.129678,-0.097297,-0.129678,4.318270,-7.501250,40,40,159,-11,51,0.773443,0.598214,0.773443,0.000000,2.000000,0.000000,-0.074879,0.000000,1.000000,5.111988,0.357002,0.043053,0.001972,0.000000,0.000000,0.000000,0.000000,0.000000,1.000000,1389.820000,-0.095566,0.591587,0.498035,0.100592,0.430528,2.000000,0.000000,0.000000,0.000000,0.043053,0.107835,0.003138,0.003452,0.058481,0.094994,-1.208667,-0.014652,0.133333,-0.003529,0.058824,3.000000,0.000000,0.000000,0.004000,0.000000,3.000000,0.000000,0.000000,0.000000,1.000000,0.000000,0.000074,0.000665,0.001526,0.000502,0.001075,-0.001404,0.004515,-0.000691,0.007180,0.003788,-0.000823,0.000175,0.000543,0.002449,0.010326,-0.000920,-0.000085,0.000792,-0.000773,0.007096,-0.000389,0.001761,-0.007393,0.007350,0.000108,0.005056,-0.002680,-0.002888,0.000007,0.000220,0.000727,-0.000369,-0.000409,0.005874,-0.010412,0.009583,-0.002502,-0.004224,0.004251,-0.000043,0.008179,0.000017,-0.000705,0.001175,-0.001003,-0.000055,0.008142,-0.000208,-0.002206,-0.000454,-0.000988,-0.006989,0.002294,6.566355,true,4.691348,4.615121,26.773443,1999-11-23,10.723529,-0.038264,-0.004484,166,5,2024,0.000000,0.000000,0.000000,false,0.000000,0.011476,-0.031517,15.000000,10.720000,0.149254,NYG,0.000000,0.000000,0.000000,0.000000,0.000000,0.000000,0.000000,0.000000,0.000000,0.066667,0.064516,0.733333,0.073529,-0.540147,2026,0.544667,0.275000,0.725000,0.169014,1.210000,0.000000,0.000000,0.000000,-0.120953,2.000000
109,Jakobi Meyers,WR,JAX,00-0034960,96.600000,99,94,4.543295,94,4.543295,-0.046957,-0.051825,-0.027027,-0.051825,4.760549,-10.756667,43,-10,111,-12,2,3.809719,14.513962,0.000000,0.000000,1.000000,0.000000,-0.046077,0.000000,1.000000,5.598422,0.221477,0.548454,0.000000,0.131840,0.000000,0.000000,0.000000,0.000000,0.000000,1570.240000,0.839785,0.629713,0.551341,0.330537,0.020619,3.000000,0.000000,0.000000,0.221477,0.000000,0.228739,0.283368,-0.000659,-0.041221,0.017482,-3.922500,-0.022336,0.062500,-3.545833,0.145299,5.000000,0.000000,0.000000,0.072000,0.000000,0.000000,0.000000,0.000000,0.000000,1.000000,0.000000,0.002293,-0.000054,0.000164,0.000502,0.005605,-0.001404,0.002779,-0.000691,0.007180,0.005117,-0.000379,-0.000099,-0.000597,0.002515,-0.006870,-0.000920,-0.000085,0.000792,-0.000773,-0.001733,0.001852,-0.004861,-0.001628,0.000184,-0.000369,-0.001866,-0.007719,-0.002888,0.000007,-0.000143,0.001256,0.004247,0.000606,-0.001535,0.008460,0.001433,-0.005935,-0.005994,0.010958,-0.000399,0.000656,-0.000003,-0.000705,0.001175,0.000674,-0.000055,-0.004263,-0.000208,-0.002206,-0.000454,-0.000988,-0.006989,0.000462,4.149524,true,2.639057,4.174387,29.809719,1996-11-09,14.533333,0.019526,0.000000,,,2019,21.117647,0.000000,0.000000,false,0.000000,-0.001611,0.003145,16.000000,10.987500,0.102389,JAX,0.000000,0.000000,0.000000,0.000000,0.000000,0.000000,0.000000,0.000000,0.000000,0.166667,0.029412,1.000000,0.103448,-2.295441,2026,0.850000,-0.082500,0.950000,1.300781,-3.630846,0.000000,0.000000,0.000000,-0.046957,7.000000
110,Quentin Johnston,WR,LAC,00-0038544,96.800000,100,103,4.634729,103,4.634729,0.026907,0.029559,0.016216,0.029559,4.726518,-12.650417,45,-10,113,-13,3,-1.014374,1.028954,-0.000000,-0.000000,4.000000,0.000000,0.131908,0.000000,1.000000,3.044522,0.292818,0.071584,0.000000,0.148634,0.000000,0.000000,0.000000,0.000000,0.000000,1410.420000,0.011230,0.650374,0.540837,0.302026,0.008677,2.000000,0.000000,0.000000,0.292818,0.000000,0.199662,0.288448,-0.002863,-0.074330,-0.005808,-1.940769,0.044601,0.230769,1.522564,0.117647,6.000000,3.000000,0.000000,0.016000,0.000000,4.000000,1.000000,0.000000,0.000000,0.000000,1.000000,-0.001233,0.000643,0.000164,0.000502,-0.007984,-0.001404,-0.007954,-0.000691,0.007180,-0.001865,0.000065,0.000045,0.000479,0.002515,-0.009061,-0.000920,-0.000085,0.000792,-0.000773,-0.001733,-0.000133,0.001005,0.001496,0.001596,-0.000310,-0.002068,-0.002680,-0.002888,0.000007,-0.000260,0.001256,0.003137,0.000624,-0.005506,0.014727,-0.001016,-0.003428,0.009427,-0.004977,0.000110,0.003062,-0.000013,0.002253,0.001175,-0.000707,-0.000055,0.012277,0.000412,-0.002206,-0.000454,-0.004409,0.009665,0.002371,6.668250,true,4.127134,4.615121,24.985626,2001-09-06,13.169231,-0.058219,0.000000,21,1,2023,31.125000,0.000000,0.000000,false,0.000000,0.023027,0.031096,13.000000,13.169231,0.280374,LAC,0.000000,0.000000,0.000000,0.000000,0.000000,0.000000,0.000000,0.000000,0.000000,0.186047,0.000000,1.153846,0.189873,3.415051,2026,0.768571,-0.152500,0.895000,-1.024756,-1.632022,0.000000,0.000000,0.000000,0.026907,3.000000
111,Makai Lemon,WR,PHI,LEM694125,106.600000,110,96,4.564348,96,4.564348,-0.124053,-0.136132,-0.075676,-0.136132,4.756771,-12.650417,44,-1,126,-16,15,-3.752225,14.079189,-0.000000,-0.000000,0.000000,0.925926,-0.148466,0.000000,0.000000,2.995732,0.371739,0.024845,0.274578,0.000000,0.000000,0.000000,0.000000,0.000000,0.000000,1353.920000,-0.281682,0.604172,0.487805,0.278261,0.000000,2.000000,1.000000,0.000000,0.371739,0.000000,0.000000,0.000000,0.000000,0.000000,0.000000,0.000000,0.000000,0.000000,0.000000,0.000000,0.000000,0.000000,0.000000,0.000000,0.000000,0.000000,1.000000,0.000000,0.000000,0.000000,0.000000,-0.003235,-0.000031,0.000164,0.000502,0.010135,0.012782,0.008953,-0.000691,-0.052461,-0.001998,-0.000842,0.000205,0.000584,-0.006724,0.010326,-0.000920,-0.000085,0.000792,-0.000773,-0.001733,-0.000835,0.003078,-0.005490,0.008725,-0.000260,-0.002214,-0.002680,0.025501,0.000007,-0.000389,0.001256,-0.004486,-0.000420,-0.000346,0.000657,-0.000406,-0.000973,-0.000848,0.016877,-0.000042,0.013297,0.000047,-0.000705,0.001175,-0.001102,-0.000055,-0.004263,0.000412,-0.002206,-0.000454,-0.004409,-0.006989,-0.002682,-0.000000,false,4.394449,4.615121,22.247775,2004-06-02,0.000000,-0.073593,0.000000,20,1,2026,26.312500,0.000000,0.000000,true,0.000000,-0.004209,0.047117,0.000000,0.000000,0.000000,,0.000000,0.000000,0.000000,0.000000,0.000000,0.000000,1.000000,2.606387,0.367207,0.000000,0.000000,0.000000,0.000000,0.000000,2026,0.000000,0.000000,0.000000,2.345833,3.698860,0.000000,0.000000,0.000000,-0.124053,0.000000
112,Chig Okonkwo,TE,WAS,00-0037809,169.400000,178,149,5.003946,149,5.003946,-0.167538,-0.177837,-0.156757,-0.177837,4.589829,-14.266477,16,66,173,5,61,0.981520,0.963381,0.000000,0.000000,0.000000,0.000000,-0.089611,1.000000,1.000000,4.962845,0.523148,0.322314,0.018182,0.000000,1.000000,3.775714,0.000000,0.000000,0.000000,1272.060000,-0.706069,0.576938,0.471616,0.074074,0.000000,1.000000,0.000000,3.775714,0.523148,0.000000,0.149789,0.088376,0.001963,0.052395,0.000000,-1.183529,-0.032513,0.000000,0.194118,0.044118,2.000000,0.000000,0.000000,0.030000,0.000000,0.000000,0.000000,0.000000,0.000000,0.000000,1.000000,0.000226,0.000646,0.000164,0.000502,0.010135,-0.001404,0.005404,0.003267,0.007180,0.003380,-0.001102,0.000510,-0.000087,0.001903,0.010326,0.005695,0.007050,0.000792,-0.000773,-0.001733,-0.001851,0.006082,-0.009608,0.010901,0.000163,-0.002214,0.002358,-0.002888,-0.000606,-0.000637,0.001256,0.001233,-0.000100,0.003191,-0.009260,-0.000406,-0.002470,-0.008339,0.016877,-0.000023,0.009459,0.000027,-0.000705,0.001175,-0.000362,-0.000055,-0.004263,-0.000208,-0.002206,-0.000454,-0.004409,0.009665,-0.001235,1.910248,true,0.000000,4.615121,26.981520,1999-09-08,7.294118,0.010056,0.000000,143,4,2022,39.714286,0.000000,0.000000,false,0.000000,0.000177,0.005925,17.000000,7.294118,0.096774,TEN,0.000000,0.000000,0.000000,0.000000,0.000000,0.000000,0.000000,0.000000,0.000000,0.047619,0.000000,0.294118,0.098039,-0.356132,2026,0.637059,-0.167500,0.785000,-0.206187,-0.604007,0.000000,0.000000,0.000000,-0.167538,4.000000
113,Jayden Reed,WR,GB,00-0039146,84.000000,85,113,4.727388,113,4.727388,0.258307,0.284737,0.151351,0.284737,4.638442,-14.900417,49,-28,85,0,-28,0.343600,0.118061,0.000000,0.000000,12.000000,0.000000,-0.024755,0.000000,1.000000,3.912023,0.369565,0.310976,0.012915,0.000000,0.000000,0.000000,0.000000,0.000000,0.000000,1420.000000,0.060896,0.611620,0.483193,0.241304,0.044715,2.000000,0.000000,0.000000,0.369565,0.000000,0.170570,0.130444,0.000000,0.000000,0.000000,0.234000,-0.008423,0.000000,-1.888235,0.254902,13.000000,1.000000,0.000000,0.056000,0.000000,0.000000,0.000000,1.000000,0.000000,2.000000,0.000000,-0.000240,0.000690,0.000164,0.000502,-0.044222,-0.001404,0.001493,-0.000691,0.007180,0.000507,0.001453,0.000200,-0.000062,0.002081,0.010326,-0.000920,-0.000085,0.000792,-0.000773,-0.001733,-0.000014,0.000653,-0.004364,0.009345,-0.000184,-0.001459,-0.002680,-0.002888,0.000007,-0.000386,0.001256,0.002026,0.000052,-0.000346,0.000657,-0.000406,-0.000677,-0.002789,0.016877,-0.000232,-0.008880,-0.000084,0.000281,0.001175,0.000280,-0.000055,-0.004263,-0.000208,0.003513,-0.000454,0.002433,-0.006989,-0.000004,3.533617,true,3.135494,3.367296,26.343600,2000-04-28,13.575000,-0.015640,0.000000,50,2,2023,13.266667,0.000000,0.000000,false,0.000000,-0.012732,-0.019027,5.000000,9.700000,0.123711,GB,0.000000,0.000000,0.000000,0.000000,0.000000,0.000000,0.000000,0.000000,0.000000,0.040000,0.000000,0.800000,0.057971,0.099896,2026,0.411429,0.097500,0.567500,-0.026347,-0.942316,0.000000,0.000000,0.000000,0.258307,3.000000
114,Jordan Addison,WR,MIN,00-0038994,93.000000,94,108,4.682131,108,4.682131,0.126294,0.138836,0.075676,0.138836,4.723065,-14.900417,46,-20,110,-16,-4,-1.405886,1.976517,-0.000000,-0.000000,3.000000,0.000000,0.029180,0.000000,1.000000,3.135494,0.140312,0.046914,0.229920,0.000000,1.000000,3.018000,0.000000,0.000000,0.000000,1131.140000,-1.436641,0.629365,0.525761,0.320713,0.004938,2.000000,0.000000,3.018000,0.140312,0.000000,0.182226,0.332847,-0.006900,-0.103771,0.000938,-4.315000,0.000960,0.071429,-4.516667,0.098039,5.000000,0.000000,0.000000,0.015000,0.000000,4.000000,1.000000,0.000000,0.000000,1.000000,0.000000,-0.001519,0.000594,0.000164,0.000502,-0.003454,-0.001404,-0.001760,-0.000691,0.007180,-0.001616,0.000661,-0.000263,0.000534,-0.005221,0.010326,0.005695,0.005618,0.000792,-0.000773,-0.001733,-0.003601,0.011254,-0.001681,0.003623,-0.000349,-0.002131,-0.002680,-0.002888,-0.000483,-0.000010,0.001256,0.002471,0.000785,-0.012779,0.020300,-0.000307,-0.006431,-0.000627,0.010113,-0.000496,0.004768,-0.000003,-0.000705,0.001175,-0.000732,-0.000055,0.012277,0.000412,-0.002206,-0.000454,-0.000988,-0.006989,-0.000165,3.321106,true,4.442651,3.496508,24.594114,2002-01-27,14.166667,0.031090,0.000000,23,1,2023,34.600000,0.000000,0.000000,false,0.000000,0.039269,-0.005090,14.000000,9.650000,0.177646,MIN,0.000000,0.000000,0.000000,0.000000,0.000000,0.000000,0.000000,0.000000,0.000000,0.263158,0.000000,0.928571,0.168831,-0.106589,2026,0.851429,-0.120000,0.962500,1.227286,1.297390,0.000000,0.000000,0.000000,0.126294,3.000000
115,Ricky Pearsall,WR,SF,00-0039916,100.700000,103,97,4.574711,97,4.574711,-0.054559,-0.060018,-0.032432,-0.060018,4.715413,-14.900417,47,-12,115,-12,0,-0.023272,0.000542,-0.000000,-0.000000,8.000000,0.000000,-0.148466,0.000000,1.000000,3.433987,0.298893,0.195426,0.209148,0.196562,1.000000,7.887071,0.000000,0.000000,0.000000,1560.220000,0.787839,0.653626,0.529814,0.071956,0.002079,2.000000,0.000000,7.887071,0.298893,0.000000,0.179583,0.330559,-0.000430,-0.010132,-0.002812,-4.940000,-0.048423,0.000000,0.494444,0.441176,17.000000,0.000000,0.000000,0.012000,0.000000,3.000000,1.000000,0.000000,0.000000,0.000000,1.000000,-0.000509,0.000696,0.000164,0.000502,-0.026103,-0.001404,0.008953,-0.000691,0.007180,-0.000800,-0.000424,0.000058,0.000199,-0.004522,-0.015312,0.005695,0.014818,0.000792,-0.000773,-0.001733,0.001727,-0.004493,0.001988,0.003078,0.000167,-0.002179,-0.002680,-0.002888,-0.001274,-0.000270,0.001256,0.002370,0.000777,-0.001122,0.002575,-0.000701,-0.007222,-0.012004,0.016877,0.000007,-0.025086,-0.000125,-0.000705,0.001175,-0.000806,-0.000055,0.008142,0.000412,-0.002206,-0.000454,-0.004409,0.009665,-0.000316,3.122978,true,3.931826,3.784190,25.976728,2000-09-09,9.844444,-0.023672,0.000000,31,1,2024,16.333333,0.000000,0.000000,false,0.000000,-0.022154,0.004290,9.000000,9.844444,0.000000,SF,0.000000,0.000000,0.000000,0.000000,0.000000,0.000000,0.000000,0.000000,0.000000,0.114286,0.000000,0.444444,0.044444,-1.676290,2026,0.781111,-0.060000,0.892500,-0.545102,-1.039375,0.000000,0.000000,0.000000,-0.054559,2.000000
116,Jayden Higgins,WR,HOU,00-0040130,121.400000,120,121,4.795791,121,4.795791,0.007663,0.008299,0.005405,0.008299,4.665091,-14.900417,48,4,132,-12,16,-2.287474,5.232539,-0.000000,-0.000000,0.000000,0.000000,0.129526,0.000000,1.000000,3.526361,0.180000,0.286022,0.000000,0.130217,0.000000,0.000000,0.000000,0.000000,0.000000,1372.140000,-0.187225,0.655400,0.541872,0.396364,0.023656,2.000000,0.000000,0.000000,0.180000,0.000000,0.123798,0.181176,0.006001,0.060258,0.000000,-1.837059,0.039813,0.000000,0.000000,0.000000,0.000000,0.000000,0.000000,0.010000,0.000000,2.000000,0.000000,1.000000,0.000000,0.000000,1.000000,-0.002164,0.000426,0.000164,0.000502,0.010135,-0.001404,-0.007811,-0.000691,0.007180,-0.000547,-0.000051,-0.000183,-0.000005,0.002515,-0.006659,-0.000920,-0.000085,0.000792,-0.000773,-0.001733,-0.000608,0.002409,0.002256,0.001457,-0.000505,-0.001815,-0.002680,-0.002888,0.000007,-0.000075,0.001256,0.000241,0.000236,0.010467,-0.010749,-0.000406,-0.003297,0.008324,0.016877,-0.000042,0.013297,0.000047,-0.000705,0.001175,-0.000855,-0.000055,0.004007,-0.000208,0.003513,-0.000454,-0.004409,0.009665,-0.001399,1.693405,true,4.574711,3.713572,23.712526,2002-12-15,7.617647,0.015308,0.000000,34,2,2025,14.928571,0.000000,0.000000,false,0.000000,-0.017239,0.027678,17.000000,7.617647,0.277992,HOU,0.000000,0.000000,0.000000,0.000000,0.000000,0.000000,0.000000,0.000000,0.000000,0.256410,0.000000,0.529412,0.113924,2.868771,2026,0.572353,0.205000,0.745000,1.535798,1.061801,0.000000,0.000000,0.000000,0.007663,1.000000
117,Khalil Shakir,WR,BUF,00-0037261,101.800000,106,116,4.753590,116,4.753590,0.082692,0.090151,0.054054,0.090151,4.629509,-15.293512,50,-11,116,-10,-1,0.576318,0.332142,0.000000,0.000000,1.000000,0.000000,-0.004235,0.000000,1.000000,4.997212,0.162698,0.031079,0.167826,0.143322,0.000000,0.000000,0.000000,0.000000,0.000000,1656.240000,1.285635,0.574554,0.479543,0.238095,0.000000,2.000000,0.000000,0.000000,0.162698,0.000000,0.211411,0.088382,0.001797,0.034474,-0.002155,-0.070625,-0.006756,0.062500,-1.766667,0.161765,2.000000,0.000000,0.000000,0.047000,0.000000,0.000000,0.000000,0.000000,0.000000,1.000000,0.000000,-0.000070,0.000679,0.000164,0.000502,0.005605,-0.001404,0.000255,-0.000691,0.007180,0.003474,0.000399,-0.000218,0.000570,-0.003132,-0.008368,-0.000920,-0.000085,0.000792,-0.000773,-0.001733,0.002920,-0.008017,-0.009968,0.009835,-0.000177,-0.002214,-0.002680,-0.002888,0.000007,-0.000047,0.001256,0.003586,-0.000100,0.002891,-0.005868,-0.000632,-0.001062,-0.002405,0.010958,-0.000220,-0.000777,0.000027,-0.000705,0.001175,0.000058,-0.000055,-0.004263,-0.000208,-0.002206,-0.000454,-0.000988,-0.006989,0.000597,4.326878,true,3.688879,4.615121,26.576318,2000-02-03,12.166667,-0.024587,0.000000,148,5,2022,36.187500,0.000000,0.000000,false,0.000000,0.002375,-0.044101,16.000000,10.400000,0.144231,BUF,0.000000,0.000000,0.000000,0.000000,0.000000,0.000000,0.000000,0.000000,0.000000,0.040000,0.000000,0.937500,0.192308,-0.792506,2026,0.597500,0.005000,0.720000,-0.521849,-1.191728,0.000000,0.000000,0.000000,0.082692,4.000000
118,Jonathon Brooks,RB,CAR,00-0039344,126.500000,123,124,4.820282,124,4.820282,0.007491,0.008097,0.005405,0.008097,4.267444,-15.495833,44,5,106,17,-12,-2.884326,8.319335,-2.884326,-0.000000,0.000000,0.829630,-0.224132,0.000000,0.000000,3.828641,0.158333,0.523913,0.024845,0.000000,0.000000,0.000000,0.000000,0.000000,0.000000,1245.260000,-0.845008,0.645166,0.510638,0.087500,0.334783,2.000000,0.000000,0.000000,0.000000,0.523913,0.000000,0.000000,0.000000,0.000000,0.000000,0.000000,0.000000,0.000000,0.000000,0.823529,32.000000,0.000000,0.000000,0.008000,0.000000,3.000000,0.000000,1.000000,1.000000,1.000000,0.000000,-0.002600,0.000266,-0.004916,0.000502,0.010135,0.011306,0.013516,-0.000691,-0.052461,0.000279,-0.000052,-0.000226,-0.000542,0.001679,0.010326,-0.000920,-0.000085,0.000792,-0.000773,-0.001733,-0.002184,0.007066,0.000709,0.005656,0.000135,0.003439,-0.002680,-0.002888,0.000007,0.000220,-0.005184,-0.004486,-0.000420,-0.000346,0.000657,-0.000406,-0.000973,-0.000848,0.016877,-0.000042,-0.058351,-0.000276,-0.000705,0.001175,-0.000904,-0.000055,0.008142,-0.000208,0.003513,0.018670,-0.000988,-0.006989,-0.002682,-0.000000,false,3.761200,4.615121,23.115674,2003-07-21,2.500000,-0.000042,0.000000,46,2,2024,0.000000,0.000000,0.000000,false,0.000000,-0.005250,-0.029628,0.000000,0.000000,0.000000,,0.000000,0.000000,0.000000,0.000000,0.000000,0.000000,1.000000,1.773477,0.566012,0.000000,0.000000,0.000000,0.000000,0.000000,2026,0.000000,0.000000,0.000000,-0.721713,-0.987353,0.000000,0.000000,0.000000,0.007491,2.000000
119,Dak Prescott,QB,DAL,00-0033077,59.300000,60,78,4.356709,78,4.356709,0.228842,0.262364,0.097297,0.262364,5.445450,-16.993333,10,-59,40,20,-79,7.092402,50.302173,0.000000,7.092402,0.000000,0.000000,-0.005624,0.000000,1.000000,4.905275,0.069193,0.043011,0.000000,0.000000,0.000000,0.000000,0.000000,0.000000,0.000000,1689.500000,1.458065,0.638355,0.566231,0.000000,0.010753,1.000000,0.000000,0.000000,0.000000,0.000000,0.000000,0.000000,0.000000,0.000000,-0.024771,16.587059,-0.011209,0.529412,3.892647,0.157576,9.000000,2.000000,0.000000,0.235000,0.000000,0.000000,0.000000,0.000000,0.000000,5.000000,0.000000,0.004693,-0.001901,0.000164,-0.007290,0.010135,-0.001404,0.000339,-0.000691,0.007180,0.003222,0.001276,-0.000406,0.000543,0.002515,0.010326,-0.000920,-0.000085,0.000792,-0.000773,-0.001733,0.003333,-0.009238,-0.000321,-0.001817,0.000317,-0.002033,0.002358,-0.002888,0.000007,0.000220,0.001256,-0.004486,-0.000420,-0.000346,0.000657,-0.003010,0.020011,-0.003431,-0.033258,0.000349,-0.000412,-0.000044,0.001267,0.001175,0.004696,-0.000055,-0.004263,-0.000208,-0.002206,-0.000454,0.012696,-0.006989,0.001017,4.882003,true,0.000000,4.615121,33.092402,1993-07-29,27.128000,0.034416,0.000000,135,4,2016,0.000000,0.000000,9.000000,false,0.000000,-0.019691,-0.037530,17.000000,18.457647,0.420677,DAL,0.000000,0.000000,0.000000,0.000000,0.000000,10.411765,0.000000,0.000000,0.000000,0.000000,0.212121,0.625000,0.000000,-1.374459,2026,0.950588,-0.110000,1.000000,0.441957,0.773860,0.000000,0.000000,0.000000,0.228842,10.000000
120,Patrick Mahomes,QB,KC,00-0033873,75.300000,78,99,4.595120,99,4.595120,0.214011,0.238411,0.113514,0.238411,5.314766,-16.993333,14,-42,53,25,-67,4.956879,24.570648,0.000000,4.956879,3.000000,0.000000,-0.013251,0.000000,1.000000,2.302585,0.318182,0.702273,0.002033,0.125537,0.000000,0.000000,0.000000,0.000000,0.000000,1397.380000,-0.056373,0.640985,0.555556,0.000000,0.011364,1.000000,0.000000,0.000000,0.000000,0.000000,0.002463,-0.001964,0.000768,0.008621,-0.061391,17.595714,0.027978,0.571429,2.716964,0.154362,4.000000,0.000000,0.000000,0.212000,0.000000,0.000000,1.000000,0.000000,0.000000,7.000000,0.000000,0.003132,-0.000573,0.000164,-0.004944,-0.003454,-0.001404,0.000799,-0.000691,0.007180,-0.003893,0.001187,0.000096,-0.000945,0.002447,-0.006048,-0.000920,-0.000085,0.000792,-0.000773,-0.001733,-0.000295,0.001483,0.000076,-0.000382,0.000317,-0.002023,0.002358,-0.002888,0.000007,0.000220,0.001256,-0.004392,-0.000427,0.001038,-0.000974,-0.006861,0.021287,0.005597,-0.037236,0.000230,-0.000133,0.000007,-0.000705,0.001175,0.004128,-0.000055,-0.004263,0.000412,-0.002206,-0.000454,0.019538,-0.006989,0.003607,8.299192,true,0.000000,4.615121,30.956879,1995-09-17,26.067500,0.015475,0.000000,10,1,2017,0.000000,0.000000,4.000000,false,0.000000,0.003136,-0.044404,14.000000,20.405714,0.413050,KC,0.000000,0.000000,0.000000,0.000000,0.000000,30.142857,0.000000,0.000000,0.000000,0.000000,0.095238,0.357143,0.000000,3.074231,2026,0.974286,0.000000,1.000000,-0.625794,0.033566,0.000000,0.000000,0.000000,0.214011,9.000000
121,Trevor Lawrence,QB,JAX,00-0036971,85.300000,89,76,4.330733,76,4.330733,-0.140773,-0.157903,-0.070270,-0.157903,5.479275,-16.993333,9,-32,88,1,-33,0.904860,0.818771,0.000000,0.904860,0.000000,0.000000,0.076390,0.000000,1.000000,0.000000,0.221477,0.548454,0.000000,0.000000,0.000000,0.000000,0.000000,0.000000,0.000000,1570.240000,0.839785,0.629713,0.551341,0.000000,0.024742,1.000000,0.000000,0.000000,0.000000,0.000000,0.000000,0.000000,0.000000,0.000000,0.000291,16.998824,0.060811,0.411765,5.322941,0.094118,8.000000,0.000000,0.000000,0.215000,0.000000,0.000000,1.000000,0.000000,0.000000,0.000000,1.000000,0.000170,0.000653,0.000164,-0.000492,0.010135,-0.001404,-0.004606,-0.000691,0.007180,-0.010188,-0.000942,-0.000099,-0.000597,0.002515,0.010326,-0.000920,-0.000085,0.000792,-0.000773,-0.001733,0.001852,-0.004861,-0.001628,0.000184,0.000317,-0.001797,0.002358,-0.002888,0.000007,0.000220,0.001256,-0.004486,-0.000420,-0.000346,0.000657,-0.000375,0.020532,0.013162,-0.022117,0.000492,0.005109,-0.000034,-0.000705,0.001175,0.004202,-0.000055,-0.004263,0.000412,-0.002206,-0.000454,-0.004409,0.009665,0.001987,6.161823,true,0.000000,4.615121,26.904860,1999-10-06,19.892941,0.019526,0.000000,1,1,2021,0.000000,0.000000,8.000000,false,0.000000,-0.001611,0.003145,17.000000,19.892941,0.502691,JAX,0.000000,0.000000,0.000000,0.000000,0.000000,21.117647,0.000000,0.000000,0.000000,0.000000,0.323529,0.882353,0.000000,3.573208,2026,0.967059,-0.077500,1.000000,0.665556,-1.143199,0.000000,0.000000,0.000000,-0.140773,5.000000
122,Jared Goff,QB,DET,00-0033106,93.200000,95,110,4.700480,110,4.700480,0.133531,0.146603,0.081081,0.146603,5.282908,-16.993333,15,-27,120,-25,-2,5.882272,34.601129,0.000000,5.882272,0.000000,0.000000,0.031519,0.000000,1.000000,0.000000,0.145455,0.377828,0.000000,0.000000,0.000000,0.000000,0.000000,0.000000,0.000000,1691.480000,1.468330,0.627084,0.554435,0.000000,0.000000,1.000000,0.000000,0.000000,0.000000,0.000000,0.000000,0.000000,0.000000,0.000000,0.009743,16.803529,-0.048945,0.352941,-1.611765,0.084848,0.000000,0.000000,0.000000,0.208000,0.000000,0.000000,1.000000,0.000000,0.000000,7.000000,0.000000,0.003809,-0.001091,0.000164,-0.005960,0.010135,-0.001404,-0.001901,-0.000691,0.007180,-0.010188,0.000704,-0.000252,-0.000212,0.002515,0.010326,-0.000920,-0.000085,0.000792,-0.000773,-0.001733,0.003358,-0.009310,-0.002026,-0.000231,0.000317,-0.002214,0.002358,-0.002888,0.000007,0.000220,0.001256,-0.004486,-0.000420,-0.000346,0.000657,0.000619,0.020285,-0.012125,-0.016546,-0.000204,0.005915,0.000047,-0.000705,0.001175,0.004029,-0.000055,-0.004263,0.000412,-0.002206,-0.000454,0.019538,-0.006989,0.001888,6.031241,true,0.000000,4.615121,31.882272,1994-10-14,19.520000,-0.002782,0.000000,1,1,2016,0.000000,0.000000,0.000000,false,0.000000,-0.002579,0.011535,17.000000,17.474118,0.457820,DET,0.000000,0.000000,0.000000,0.000000,0.000000,2.647059,0.000000,0.000000,0.000000,0.000000,0.000000,0.181818,0.000000,0.000000,2026,0.985294,0.030000,1.000000,-0.284756,-1.086434,0.000000,0.000000,0.000000,0.133531,10.000000
123,Brock Purdy,QB,SF,00-0037834,101.300000,105,93,4.532599,93,4.532599,-0.110203,-0.121361,-0.064865,-0.121361,5.358848,-16.993333,12,-18,122,-17,-1,0.680356,0.462884,0.000000,0.680356,8.000000,0.000000,0.126186,0.000000,1.000000,5.568345,0.298893,0.195426,0.000000,0.000000,0.000000,0.000000,0.000000,0.000000,0.000000,1560.220000,0.787839,0.653626,0.529814,0.000000,0.076923,1.000000,0.000000,0.000000,0.000000,0.000000,0.000000,0.000000,0.000000,0.000000,0.015884,17.508889,0.041964,0.333333,1.918222,0.279412,11.000000,0.000000,0.000000,0.190000,0.000000,0.000000,0.000000,0.000000,0.000000,0.000000,1.000000,0.000006,0.000672,0.000164,-0.000246,-0.026103,-0.001404,-0.007609,-0.000691,0.007180,0.005035,-0.000758,0.000058,0.000199,0.002515,0.010326,-0.000920,-0.000085,0.000792,-0.000773,-0.001733,0.001727,-0.004493,0.001988,0.003078,0.000317,-0.000915,0.002358,-0.002888,0.000007,0.000220,0.001256,-0.004486,-0.000420,-0.000346,0.000657,0.001265,0.021178,0.008820,-0.014689,0.000150,-0.011012,-0.000064,-0.000705,0.001175,0.003585,-0.000055,-0.004263,-0.000208,-0.002206,-0.000454,-0.004409,0.009665,0.002783,7.211401,true,0.000000,4.615121,26.680356,1999-12-27,19.708889,-0.023672,0.000000,262,7,2022,0.000000,0.000000,11.000000,false,0.000000,-0.022154,0.004290,9.000000,19.708889,0.552486,SF,0.000000,0.000000,0.000000,0.000000,0.000000,16.333333,0.000000,0.000000,0.000000,0.000000,0.076923,0.333333,0.000000,1.772129,2026,0.977778,0.010000,1.000000,-0.336313,-0.182904,0.000000,0.000000,0.000000,-0.110203,4.000000
124,Bo Nix,QB,DEN,00-0039732,117.600000,115,101,4.615121,101,4.615121,-0.118784,-0.129812,-0.075676,-0.129812,5.355647,-16.993333,13,-9,125,-10,1,0.516085,0.266344,0.000000,0.516085,0.000000,0.000000,0.000153,0.000000,1.000000,2.484907,0.000000,0.000000,0.000000,0.000000,0.000000,0.000000,0.000000,0.000000,0.000000,1494.540000,0.447334,0.625945,0.564054,0.000000,0.002193,1.000000,0.000000,0.000000,0.000000,0.000000,0.001634,0.000370,0.000096,0.000000,0.014243,14.905882,0.010579,0.294118,-0.727059,0.000000,0.000000,0.000000,0.000000,0.018000,0.000000,3.000000,1.000000,0.000000,0.000000,1.000000,0.000000,-0.000114,0.000682,0.000164,-0.000065,0.010135,-0.001404,-0.000009,-0.000691,0.007180,-0.003394,-0.000810,-0.000546,0.000640,0.002515,0.010326,-0.000920,-0.000085,0.000792,-0.000773,-0.001733,0.000912,-0.002083,-0.002198,-0.001524,0.000317,-0.002177,0.002358,-0.002888,0.000007,0.000220,0.001256,-0.004423,-0.000419,-0.000174,0.000657,0.001092,0.017885,0.001589,-0.010976,-0.000116,0.013297,0.000047,-0.000705,0.001175,-0.000658,-0.000055,0.008142,0.000412,-0.002206,-0.000454,-0.000988,-0.006989,0.001827,5.950860,true,0.000000,4.615121,26.516085,2000-02-25,18.658824,0.013948,0.000000,12,1,2024,0.000000,0.000000,0.000000,false,0.000000,-0.031055,-0.002697,17.000000,17.931765,0.426453,DEN,0.000000,0.000000,0.000000,0.000000,0.000000,20.941176,0.000000,0.000000,0.000000,0.000000,0.047619,0.411765,0.011236,2.894017,2026,0.996471,0.000000,1.000000,-0.708769,-0.499963,0.000000,0.000000,0.000000,-0.118784,2.000000
125,Jaxson Dart,QB,NYG,00-0040691,120.300000,119,92,4.521789,92,4.521789,-0.234840,-0.257335,-0.145946,-0.257335,5.383725,-16.993333,11,-6,127,-8,2,-2.695414,7.265257,-0.000000,-2.695414,3.000000,0.000000,0.045593,0.000000,1.000000,3.218876,0.357002,0.043053,0.000000,0.000000,0.000000,0.000000,0.000000,0.000000,1.000000,1389.820000,-0.095566,0.591587,0.498035,0.001972,0.013699,1.000000,0.000000,0.000000,0.000000,0.000000,0.000000,0.000000,0.000000,0.000000,-0.011291,13.570000,0.055706,0.500000,0.000000,0.176471,2.000000,0.000000,0.000000,0.015000,0.000000,2.000000,1.000000,0.000000,0.000000,0.000000,1.000000,-0.002462,0.000321,0.000164,0.003463,-0.003454,-0.001404,-0.002749,-0.000691,0.007180,-0.001388,-0.001506,0.000175,0.000543,0.002515,0.010326,-0.000920,-0.000085,0.000792,-0.000773,0.007096,-0.000389,0.001761,-0.007393,0.007350,0.000313,-0.001983,0.002358,-0.002888,0.000007,0.000220,0.001256,-0.004486,-0.000420,-0.000346,0.000657,-0.001593,0.016195,0.011986,-0.030472,-0.000042,-0.002056,0.000027,-0.000705,0.001175,-0.000732,-0.000055,0.004007,0.000412,-0.002206,-0.000454,-0.004409,0.009665,0.000873,4.690937,true,0.000000,4.615121,23.304586,2003-05-13,17.255714,-0.038264,-0.004484,25,1,2025,0.000000,0.000000,2.000000,false,0.000000,0.011476,-0.031517,14.000000,17.255714,0.471893,NYG,0.000000,0.000000,0.000000,0.000000,0.000000,34.785714,0.000000,0.000000,0.000000,0.000000,0.225806,0.857143,0.000000,4.856752,2026,0.836429,0.477500,1.000000,0.649708,2.323566,0.000000,0.000000,0.000000,-0.234840,1.000000
126,Xavier Worthy,WR,KC,00-0039894,98.100000,101,120,4.787492,120,4.787492,0.158004,0.172371,0.102703,0.172371,4.623818,-19.871012,51,-25,114,-13,-12,-2.651608,7.031028,-0.000000,-0.000000,3.000000,0.000000,-0.093871,0.000000,1.000000,3.332205,0.318182,0.702273,0.000000,0.133912,0.000000,0.000000,0.000000,0.000000,0.000000,1397.380000,-0.056373,0.640985,0.555556,0.218182,0.013636,2.000000,0.000000,0.000000,0.318182,0.000000,0.160570,0.297006,0.000392,-0.016279,-0.000046,-5.162857,-0.036518,0.000000,-3.850000,0.117647,4.000000,0.000000,0.000000,0.013000,0.000000,3.000000,1.000000,0.000000,0.000000,1.000000,0.000000,-0.002430,0.000333,0.000164,0.000502,-0.003454,-0.001404,0.005661,-0.000691,0.007180,-0.001078,0.000851,0.000096,-0.000945,0.002515,-0.007140,-0.000920,-0.000085,0.000792,-0.000773,-0.001733,-0.000295,0.001483,0.000076,-0.000382,-0.000136,-0.001984,-0.002680,-0.002888,0.000007,-0.000301,0.001256,0.001645,0.000655,0.000359,0.003739,-0.000411,-0.007504,-0.009262,0.016877,-0.000429,0.003062,0.000007,-0.000705,0.001175,-0.000781,-0.000055,0.008142,0.000412,-0.002206,-0.000454,-0.000988,-0.006989,-0.001245,1.896612,true,4.317488,4.615121,23.348392,2003-04-27,11.700000,0.015475,0.000000,28,1,2024,30.142857,0.000000,0.000000,false,0.000000,0.003136,-0.044404,14.000000,7.850000,0.054595,KC,0.000000,0.000000,0.000000,0.000000,0.000000,0.000000,0.000000,0.000000,0.000000,0.142857,0.000000,0.428571,0.074074,-1.463270,2026,0.705714,0.232500,0.847500,-0.902195,0.901801,0.000000,0.000000,0.000000,0.158004,2.000000
127,Matthew Stafford,QB,LAR,00-0026498,103.300000,107,104,4.644391,104,4.644391,-0.025975,-0.028438,-0.016216,-0.028438,5.266954,-19.986250,16,-20,123,-16,-4,12.565366,157.888427,0.000000,12.565366,0.000000,0.000000,0.098844,1.000000,1.000000,0.000000,0.025818,0.019355,0.000000,0.262650,0.000000,0.000000,0.000000,0.000000,0.000000,1800.180000,2.031863,0.630326,0.555449,0.000000,0.000000,1.000000,0.000000,0.000000,0.000000,0.000000,0.000000,0.000000,0.000000,0.000000,-0.034622,19.587059,-0.048945,0.588235,7.199338,0.122605,1.000000,0.000000,0.000000,0.183000,0.000000,0.000000,1.000000,0.000000,0.000000,14.000000,0.000000,0.008694,-0.007455,0.000164,-0.013302,0.010135,-0.001404,-0.005960,0.003267,0.007180,-0.010188,-0.000253,-0.000494,0.000596,0.002515,-0.023932,-0.000920,-0.000085,0.000792,-0.000773,-0.001733,0.004708,-0.013300,-0.001535,-0.000368,0.000317,-0.002214,0.002358,-0.002888,0.000007,0.000220,0.001256,-0.004486,-0.000420,-0.000346,0.000657,-0.004046,0.023807,-0.012125,-0.038828,0.000681,0.002630,0.000037,-0.000705,0.001175,0.003413,-0.000055,-0.004263,0.000412,-0.002206,-0.000454,0.043485,-0.006989,0.003997,8.813885,true,0.000000,4.615121,38.565366,1988-02-07,21.612500,0.006798,0.000000,1,1,2009,0.000000,0.000000,1.000000,false,0.000000,0.000000,0.000000,17.000000,20.610588,0.525144,LA,0.000000,0.000000,0.000000,0.000000,0.000000,0.058824,0.000000,0.000000,0.000000,0.000000,0.088235,0.333333,0.000000,-1.531062,2026,0.985294,-0.010000,1.000000,0.007355,-0.280257,0.000000,0.000000,0.000000,-0.025975,17.000000
128,Zach Charbonnet,RB,SEA,00-0039165,156.100000,159,138,4.927254,138,4.927254,-0.132686,-0.141651,-0.113514,-0.141651,4.234075,-23.055417,45,31,162,-3,34,-0.354552,0.125707,-0.354552,-0.000000,1.000000,0.000000,0.172780,0.000000,1.000000,3.951244,0.076628,0.445525,0.254065,0.198240,0.000000,0.000000,0.000000,0.000000,0.000000,1561.000000,0.791882,0.632415,0.503861,0.005747,0.052529,2.000000,0.000000,0.000000,0.000000,0.445525,0.052011,0.012381,0.004434,0.061987,0.005937,2.012500,0.025183,0.062500,0.531618,0.039216,2.000000,0.000000,0.000000,0.008000,0.000000,4.000000,0.000000,1.000000,0.000000,0.000000,1.000000,-0.000751,0.000689,-0.000460,0.000502,0.005605,-0.001404,-0.010419,-0.000691,0.007180,0.000614,-0.000893,-0.000391,-0.000365,-0.006033,-0.015531,-0.000920,-0.000085,0.000792,-0.000773,-0.001733,0.001737,-0.004522,-0.001219,0.006567,0.000305,-0.001327,-0.002680,-0.002888,0.000007,0.000220,-0.004220,-0.002500,-0.000375,0.007644,-0.011076,0.000219,0.001573,0.004953,0.010958,0.000011,0.009885,0.000027,-0.000705,0.001175,-0.000904,-0.000055,0.012277,-0.000208,0.003513,-0.000454,-0.004409,0.009665,0.002913,7.382866,true,4.442651,4.615121,25.645448,2001-01-08,11.337500,0.016319,0.000000,52,2,2023,0.000000,0.000000,0.000000,false,0.000000,-0.013156,0.036960,16.000000,11.337500,0.396913,SEA,0.000000,0.000000,0.000000,0.000000,0.000000,0.000000,0.000000,0.000000,0.000000,0.000000,0.633333,2.187500,0.046154,0.352279,2026,0.483750,0.012500,0.577500,0.415450,0.277647,0.000000,0.000000,0.000000,-0.132686,3.000000
129,Romeo Doubs,WR,NE,00-0037816,103.300000,108,127,4.844187,127,4.844187,0.149296,0.162056,0.102703,0.162056,4.617168,-32.115298,52,-21,117,-9,-12,0.384668,0.147969,0.000000,0.000000,1.000000,0.000000,0.069188,1.000000,1.000000,4.882802,0.271784,0.098990,0.263043,0.000000,0.000000,0.000000,0.000000,0.000000,0.000000,1640.360000,1.203308,0.605294,0.493347,0.375519,0.020202,2.000000,0.000000,0.000000,0.271784,0.000000,0.188783,0.290254,-0.003816,-0.032234,0.000000,-2.378125,0.022165,0.062500,0.175962,0.132353,4.000000,0.000000,0.000000,0.056000,0.000000,0.000000,0.000000,0.000000,0.000000,0.000000,1.000000,-0.000210,0.000688,0.000164,0.000502,0.005605,-0.001404,-0.004172,0.003267,0.007180,0.003161,0.000799,0.000003,0.000417,-0.006336,0.010326,-0.000920,-0.000085,0.000792,-0.000773,-0.001733,0.002723,-0.007434,-0.005320,0.007980,-0.000462,-0.001873,-0.002680,-0.002888,0.000007,-0.000225,0.001256,0.002722,0.000631,-0.007223,0.006759,-0.000406,-0.003981,0.004258,0.010958,-0.000025,0.001782,0.000007,-0.000705,0.001175,0.000280,-0.000055,-0.004263,-0.000208,-0.002206,-0.000454,-0.004409,0.009665,0.000790,4.581925,true,4.543295,4.615121,26.384668,2000-04-13,10.337500,-0.061853,0.000000,132,4,2022,26.470588,0.000000,0.000000,false,0.000000,0.013224,0.011405,16.000000,10.337500,0.217654,GB,0.000000,0.000000,0.000000,0.000000,0.000000,0.000000,0.000000,0.000000,0.000000,0.400000,0.000000,1.125000,0.260870,0.169407,2026,0.775625,-0.120000,0.900000,-0.878250,-0.930551,0.000000,0.000000,0.000000,0.149296,4.000000
130,Matthew Golden,WR,GB,00-0040667,112.900000,113,133,4.890349,133,4.890349,0.150660,0.162961,0.108108,0.162961,4.576842,-32.115298,54,-17,129,-16,-1,-2.914442,8.493973,-0.000000,-0.000000,3.000000,0.000000,-0.148466,0.000000,1.000000,3.135494,0.369565,0.310976,0.012915,0.000000,0.000000,0.000000,0.000000,0.000000,0.000000,1420.000000,0.060896,0.611620,0.483193,0.193478,0.030488,3.000000,0.000000,0.000000,0.369565,0.000000,0.123893,0.204917,0.001053,0.020282,-0.013715,-2.902857,-0.048423,0.000000,0.000000,0.176471,6.000000,0.000000,0.000000,0.016000,0.000000,2.000000,1.000000,0.000000,0.000000,0.000000,1.000000,-0.002622,0.000257,0.000164,0.000502,-0.003454,-0.001404,0.008953,-0.000691,0.007180,-0.001616,0.000807,0.000200,-0.000062,0.002081,0.010326,-0.000920,-0.000085,0.000792,-0.000773,-0.001733,-0.000014,0.000653,-0.004364,0.009345,-0.000085,-0.001700,-0.007719,-0.002888,0.000007,-0.000386,0.001256,0.000244,0.000322,0.001551,-0.003182,-0.001848,-0.004645,-0.012004,0.016877,-0.000042,-0.002056,-0.000013,-0.000705,0.001175,-0.000707,-0.000055,0.004007,0.000412,-0.002206,-0.000454,-0.004409,0.009665,-0.003135,-0.596832,true,3.367296,4.615121,23.085558,2003-08-01,5.000000,-0.015640,0.000000,23,1,2025,13.266667,0.000000,0.000000,false,0.000000,-0.012732,-0.019027,14.000000,5.000000,0.000000,GB,0.000000,0.000000,0.000000,0.000000,0.000000,0.000000,0.000000,0.000000,0.000000,0.080000,0.000000,0.142857,0.028986,-1.119861,2026,0.532143,-0.045000,0.782500,-0.026347,-0.942316,0.000000,0.000000,0.000000,0.150660,1.000000
131,Jalen Coker,WR,CAR,00-0039491,114.300000,114,129,4.859812,129,4.859812,0.114192,0.123614,0.081081,0.123614,4.547079,-32.115298,55,-17,130,-16,-1,-1.162218,1.350750,-0.000000,-0.000000,6.000000,0.000000,0.050649,0.000000,1.000000,5.598422,0.158333,0.523913,0.097561,0.156438,0.000000,0.000000,0.000000,0.000000,0.000000,1245.260000,-0.845008,0.645166,0.510638,0.458333,0.021739,2.000000,0.000000,0.000000,0.158333,0.000000,0.153990,0.209948,0.008471,0.056222,0.000000,-0.413636,0.021345,0.000000,-0.196364,0.352941,12.000000,6.000000,1.000000,0.038000,0.000000,0.000000,0.000000,0.000000,0.000000,1.000000,0.000000,-0.001341,0.000626,0.000164,0.000502,-0.017044,-0.001404,-0.003054,-0.000691,0.007180,0.005117,0.000588,-0.000226,-0.000542,-0.000768,-0.010079,-0.000920,-0.000085,0.000792,-0.000773,-0.001733,-0.002184,0.007066,0.000709,0.005656,-0.000634,-0.001847,-0.002680,-0.002888,0.000007,-0.000039,0.001256,0.001393,0.000340,0.014918,-0.009985,-0.000406,-0.001496,0.004069,0.016877,-0.000062,-0.017409,-0.000074,0.005211,-0.015322,-0.000164,-0.000055,-0.004263,-0.000208,-0.002206,-0.000454,-0.000988,-0.006989,-0.000775,2.516577,true,4.382027,4.615121,24.837782,2001-10-30,8.414545,-0.000042,0.000000,,,2024,13.500000,0.000000,0.000000,false,0.000000,-0.005250,-0.029628,11.000000,8.218182,0.199115,CAR,0.000000,0.000000,0.000000,0.000000,0.000000,0.000000,0.000000,0.000000,0.000000,0.088235,0.000000,0.454545,0.069444,0.781577,2026,0.693636,0.172500,0.827500,-0.452091,2.188860,0.000000,0.000000,0.000000,0.114192,2.000000
132,KC Concepcion,WR,CLE,CON046719,119.200000,117,131,4.875197,131,4.875197,0.104573,0.113023,0.075676,0.113023,4.592038,-32.115298,53,-15,131,-14,-1,-4.064339,16.518856,-0.000000,-0.000000,0.000000,0.911111,-0.148466,0.000000,0.000000,3.178054,0.179048,0.081340,0.019753,0.187902,0.000000,0.000000,0.000000,1.000000,1.000000,1082.480000,-1.688909,0.683153,0.556734,0.441905,0.047847,1.000000,1.000000,0.000000,0.179048,0.000000,0.000000,0.000000,0.000000,0.000000,0.000000,0.000000,0.000000,0.000000,0.000000,0.000000,0.000000,0.000000,0.000000,0.000000,0.000000,0.000000,1.000000,0.000000,0.000000,0.000000,0.000000,-0.003463,-0.000157,0.000164,0.000502,0.010135,0.012555,0.008953,-0.000691,-0.052461,-0.001500,0.000531,-0.000185,0.000457,0.001851,-0.014183,-0.000920,-0.000085,0.000792,0.003611,0.007096,-0.004206,0.013040,0.006453,-0.000540,-0.000600,-0.001406,0.002358,0.025501,0.000007,-0.000073,0.001256,-0.004486,-0.000420,-0.000346,0.000657,-0.000406,-0.000973,-0.000848,0.016877,-0.000042,0.013297,0.000047,-0.000705,0.001175,-0.001102,-0.000055,-0.004263,0.000412,-0.002206,-0.000454,-0.004409,-0.006989,-0.002682,-0.000000,false,0.000000,2.708050,21.935661,2004-09-24,0.000000,0.000000,0.000000,24,1,2026,0.000000,0.000000,0.000000,true,0.000000,0.014484,0.038544,0.000000,0.000000,0.000000,,0.000000,0.000000,0.000000,0.000000,0.000000,0.000000,1.000000,2.424065,0.237242,0.000000,0.000000,0.000000,0.000000,0.000000,2026,0.000000,0.000000,0.000000,0.931507,0.397390,0.000000,0.000000,0.000000,0.104573,0.000000
133,Jauan Jennings,WR,MIN,00-0036259,130.200000,126,150,5.010635,150,5.010635,0.162519,0.174353,0.129730,0.174353,4.528513,-32.115298,56,-7,133,-7,0,3.144422,9.887387,0.000000,0.000000,2.000000,0.000000,0.163132,1.000000,1.000000,5.379897,0.140312,0.046914,0.063869,0.000000,1.000000,3.018000,0.000000,0.000000,0.000000,1131.140000,-1.436641,0.629365,0.525761,0.496659,0.009877,3.000000,0.000000,3.018000,0.140312,0.000000,0.199232,0.265137,0.000811,0.026105,0.000000,-1.670000,0.051577,0.000000,-2.480000,0.164706,7.000000,0.000000,0.000000,0.027000,0.000000,0.000000,0.000000,0.000000,0.000000,1.000000,0.000000,0.001807,0.000185,0.000164,0.000502,0.001075,-0.001404,-0.009837,0.003267,0.007180,0.004520,0.000878,-0.000263,0.000534,0.000366,0.010326,0.005695,0.005618,0.000792,-0.000773,-0.001733,-0.003601,0.011254,-0.001681,0.003623,-0.000714,-0.002048,-0.007719,-0.002888,-0.000483,-0.000010,0.001256,0.003121,0.000540,0.001115,-0.004284,-0.000406,-0.003085,0.011034,0.016877,-0.000292,-0.001033,-0.000023,-0.000705,0.001175,-0.000436,-0.000055,-0.004263,-0.000208,-0.002206,-0.000454,-0.000988,-0.006989,0.002137,6.359870,true,3.496508,4.615121,29.144422,1997-07-10,14.033333,0.031090,0.000000,217,7,2020,34.600000,0.000000,0.000000,false,0.000000,0.039269,-0.005090,15.000000,11.553333,0.311598,SF,0.000000,0.000000,0.000000,0.000000,0.000000,0.000000,0.000000,0.000000,0.000000,0.257143,0.000000,1.466667,0.244444,1.978374,2026,0.820667,0.095000,0.900000,1.227286,1.297390,0.000000,0.000000,0.000000,0.162519,6.000000
134,Rashid Shaheed,WR,SEA,00-0037545,130.500000,127,145,4.976734,145,4.976734,0.123444,0.132547,0.097297,0.132547,4.507972,-32.115298,58,-7,134,-7,0,2.002738,4.010959,0.000000,0.000000,0.000000,0.000000,-0.071838,0.000000,1.000000,5.598422,0.076628,0.445525,0.000000,0.130824,0.000000,0.000000,0.000000,0.000000,0.000000,1561.000000,0.791882,0.632415,0.503861,0.500000,0.021401,2.000000,0.000000,0.000000,0.076628,0.000000,0.161727,0.230937,-0.008686,-0.097903,0.002919,-3.361667,-0.028621,0.055556,-4.933333,0.264706,12.000000,0.000000,0.000000,0.056000,0.000000,0.000000,0.000000,0.000000,0.000000,1.000000,0.000000,0.000972,0.000489,0.000164,0.000502,0.010135,-0.001404,0.004332,-0.000691,0.007180,0.005117,0.000644,-0.000391,-0.000365,0.002515,-0.006738,-0.000920,-0.000085,0.000792,-0.000773,-0.001733,0.001737,-0.004522,-0.001219,0.006567,-0.000720,-0.001853,-0.002680,-0.002888,0.000007,0.000094,0.001256,0.001689,0.000416,-0.015998,0.019189,-0.000099,-0.005225,-0.007442,0.011616,-0.000538,-0.009733,-0.000074,-0.000705,0.001175,0.000280,-0.000055,-0.004263,-0.000208,-0.002206,-0.000454,-0.000988,-0.006989,-0.000110,3.394395,true,4.804021,3.828641,28.002738,1998-08-31,13.633333,0.016319,0.000000,,,2022,5.588235,0.000000,0.000000,false,0.000000,-0.013156,0.036960,18.000000,8.700000,0.076628,SEA,0.000000,0.000000,0.000000,0.000000,0.000000,0.000000,0.000000,0.000000,0.000000,0.062500,0.000000,0.500000,0.134615,-1.327747,2026,0.608889,-0.277500,0.807500,0.388462,-0.311140,0.000000,0.000000,0.000000,0.123444,4.000000
135,Denzel Boston,WR,CLE,BOS677861,133.100000,131,152,5.023881,152,5.023881,0.138836,0.148683,0.113514,0.148683,4.498657,-32.115298,60,-4,135,-4,0,-3.262149,10.641617,-0.000000,-0.000000,0.000000,0.855556,-0.148466,0.000000,0.000000,3.663562,0.179048,0.081340,0.019753,0.215338,0.000000,0.000000,0.000000,1.000000,1.000000,1082.480000,-1.688909,0.683153,0.556734,0.441905,0.047847,2.000000,1.000000,0.000000,0.179048,0.000000,0.000000,0.000000,0.000000,0.000000,0.000000,0.000000,0.000000,0.000000,0.000000,0.000000,0.000000,0.000000,0.000000,0.000000,0.000000,0.000000,0.000000,1.000000,0.000000,0.000000,0.000000,-0.002876,0.000146,0.000164,0.000502,0.010135,0.011704,0.008953,-0.000691,-0.052461,-0.000172,0.000736,-0.000185,0.000457,0.001851,-0.017761,-0.000920,-0.000085,0.000792,0.003611,0.007096,-0.004206,0.013040,0.006453,-0.000540,-0.000600,-0.001406,-0.002680,0.025501,0.000007,-0.000073,0.001256,-0.004486,-0.000420,-0.000346,0.000657,-0.000406,-0.000973,-0.000848,0.016877,-0.000042,0.013297,0.000047,-0.000705,0.001175,-0.001102,-0.000055,-0.004263,-0.000208,0.003513,-0.000454,-0.004409,-0.006989,-0.002682,-0.000000,false,2.708050,1.609438,22.737851,2003-12-06,0.000000,0.000000,0.000000,39,2,2026,0.000000,0.000000,0.000000,true,0.000000,0.014484,0.038544,0.000000,0.000000,0.000000,,0.000000,0.000000,0.000000,0.000000,0.000000,0.000000,1.000000,1.938557,0.222776,0.000000,0.000000,0.000000,0.000000,0.000000,2026,0.000000,0.000000,0.000000,0.931507,0.397390,0.000000,0.000000,0.000000,0.138836,0.000000
136,Tre Tucker,WR,LV,00-0038563,135.400000,133,160,5.075174,160,5.075174,0.172954,0.184825,0.145946,0.184825,4.501799,-32.115298,59,-3,137,-4,1,-0.516085,0.266344,-0.000000,-0.000000,0.000000,0.000000,0.037062,0.000000,1.000000,4.605170,0.165236,0.216802,0.123787,0.131325,1.000000,0.000000,1.000000,0.000000,1.000000,1074.600000,-1.729761,0.688908,0.558084,0.137339,0.002710,1.000000,0.000000,0.000000,0.165236,0.000000,0.189590,0.266323,0.000694,0.020510,0.008445,-2.844118,0.000121,0.058824,1.905882,0.078431,0.000000,0.000000,0.000000,0.006000,0.000000,4.000000,0.000000,1.000000,0.000000,0.000000,1.000000,-0.000869,0.000682,0.000164,0.000502,0.010135,-0.001404,-0.002235,-0.000691,0.007180,0.002402,0.000941,-0.000212,0.000151,-0.001650,-0.006803,0.005695,-0.000085,-0.018475,-0.000773,0.007096,-0.004303,0.013329,0.007323,-0.000722,0.000032,-0.002169,0.002358,-0.002888,0.000007,-0.000051,0.001256,0.002753,0.000544,0.000905,-0.003225,0.000482,-0.004571,-0.000820,0.011306,0.000149,0.006473,0.000047,-0.000705,0.001175,-0.000954,-0.000055,0.012277,-0.000208,0.003513,-0.000454,-0.004409,0.009665,0.000749,4.528330,true,0.000000,0.693147,25.483915,2001-03-08,9.511765,0.000000,0.000000,100,3,2023,0.000000,0.000000,0.000000,false,0.000000,0.041588,0.088788,17.000000,9.511765,0.185529,LV,0.000000,0.000000,0.000000,0.000000,0.000000,0.000000,0.000000,0.000000,0.000000,0.225806,0.000000,0.588235,0.161290,1.254308,2026,0.948235,0.045000,0.995000,-1.907316,-2.630257,0.000000,0.000000,0.000000,0.172954,3.000000
137,Jerry Jeudy,WR,CLE,00-0036407,136.900000,135,148,4.997212,148,4.997212,0.085861,0.091937,0.070270,0.091937,4.508763,-32.115298,57,-2,140,-5,3,1.356605,1.840377,0.000000,0.000000,0.000000,0.000000,-0.049046,0.000000,1.000000,2.708050,0.179048,0.081340,0.019753,0.215338,0.000000,0.000000,0.000000,1.000000,1.000000,1082.480000,-1.688909,0.683153,0.556734,0.240000,0.045455,3.000000,0.000000,0.000000,0.179048,0.000000,0.205306,0.381524,0.001531,0.016356,0.004493,-7.591765,-0.029731,0.000000,-7.070588,0.099010,0.000000,0.000000,0.000000,0.069000,0.000000,0.000000,1.000000,0.000000,0.000000,1.000000,0.000000,0.000500,0.000601,0.000164,0.000502,0.010135,-0.001404,0.002958,-0.000691,0.007180,-0.002784,0.000418,-0.000185,0.000457,0.001851,-0.017761,-0.000920,-0.000085,0.000792,0.003611,0.007096,-0.004206,0.013040,0.006453,-0.000540,-0.000181,-0.001447,-0.007719,-0.002888,0.000007,-0.000073,0.001256,0.003353,0.000961,0.002412,-0.002439,0.000067,-0.010577,-0.007698,0.016877,-0.000753,0.004683,0.000047,-0.000705,0.001175,0.000600,-0.000055,-0.004263,0.000412,-0.002206,-0.000454,-0.000988,-0.006989,-0.001271,1.862283,true,1.609438,4.615121,27.356605,1999-04-24,14.170588,0.000000,0.000000,15,1,2020,0.000000,0.000000,0.000000,false,0.000000,0.014484,0.038544,17.000000,7.100000,0.099420,CLE,0.000000,0.000000,0.000000,0.000000,0.000000,0.000000,0.000000,0.000000,0.000000,0.240000,0.000000,0.529412,0.157895,-1.324625,2026,0.845294,0.025000,0.940000,0.931507,0.397390,0.000000,0.000000,0.000000,0.085861,6.000000
138,Baker Mayfield,QB,TB,00-0034855,129.900000,125,119,4.779123,119,4.779123,-0.045462,-0.049190,-0.032432,-0.049190,5.249730,-33.804583,17,-13,138,-13,0,5.383984,28.987279,0.000000,5.383984,0.000000,0.000000,-0.021770,0.000000,1.000000,0.000000,0.303142,0.300847,0.000000,0.000000,0.000000,0.000000,0.000000,0.000000,0.000000,1385.400000,-0.118481,0.637000,0.534057,0.000000,0.000000,1.000000,0.000000,0.000000,0.000000,0.000000,0.000000,0.000000,0.000000,0.000000,0.024209,14.054118,-0.030763,0.176471,-5.522353,0.075188,2.000000,0.000000,0.000000,0.131000,0.000000,0.000000,1.000000,0.000000,0.000000,1.000000,0.000000,0.003444,-0.000801,0.000164,-0.005413,0.010135,-0.001404,0.001313,-0.000691,0.007180,-0.010188,-0.000370,0.000066,-0.000039,0.002515,0.010326,-0.000920,-0.000085,0.000792,-0.000773,-0.001733,-0.000444,0.001923,-0.000526,0.002508,0.000317,-0.002214,0.002358,-0.002888,0.000007,0.000220,0.001256,-0.004486,-0.000420,-0.000346,0.000657,0.002140,0.016807,-0.007936,0.000165,-0.000597,0.006756,0.000027,-0.000705,0.001175,0.002130,-0.000055,-0.004263,0.000412,-0.002206,-0.000454,-0.000988,-0.006989,0.001144,5.049213,true,0.000000,4.615121,31.383984,1995-04-14,21.517647,0.011567,0.000000,1,1,2018,0.000000,0.000000,2.000000,false,0.000000,-0.006073,0.007863,17.000000,15.995294,0.404531,TB,0.000000,0.000000,0.000000,0.000000,0.000000,22.470588,0.000000,0.000000,0.000000,0.000000,0.045455,0.071429,0.000000,-0.028764,2026,0.971176,0.000000,1.000000,-0.414444,-1.834669,0.000000,0.000000,0.000000,-0.045462,8.000000
139,Omar Cooper Jr.,WR,NYJ,COO816508,134.300000,132,154,5.036953,154,5.036953,0.144039,0.154151,0.118919,0.154151,4.495338,-34.782917,61,-7,136,-4,-3,-3.284052,10.784998,-0.000000,-0.000000,0.000000,0.888889,-0.148466,0.000000,0.000000,3.401197,0.241870,0.256579,0.040268,0.000000,0.000000,0.000000,0.000000,1.000000,0.000000,1143.360000,-1.373289,0.609082,0.518987,0.378049,0.017544,2.000000,1.000000,0.000000,0.241870,0.000000,0.000000,0.000000,0.000000,0.000000,0.000000,0.000000,0.000000,0.000000,0.000000,0.000000,0.000000,0.000000,0.000000,0.000000,0.000000,0.000000,1.000000,0.000000,0.000000,0.000000,0.000000,-0.002892,0.000139,0.000164,0.000502,0.010135,0.012214,0.008953,-0.000691,-0.052461,-0.000889,0.000768,-0.000058,0.000061,0.001160,0.010326,-0.000920,-0.000085,0.000792,0.003611,-0.001733,-0.003449,0.010806,-0.004748,0.004533,-0.000467,-0.001918,-0.002680,0.025501,0.000007,-0.000176,0.001256,-0.004486,-0.000420,-0.000346,0.000657,-0.000406,-0.000973,-0.000848,0.016877,-0.000042,0.013297,0.000047,-0.000705,0.001175,-0.001102,-0.000055,-0.004263,0.000412,-0.002206,-0.000454,-0.004409,-0.006989,-0.002682,-0.000000,false,4.653960,3.761200,22.715948,2003-12-14,0.000000,-0.012828,0.000000,30,1,2026,0.000000,0.000000,0.000000,true,0.000000,0.032800,0.003272,0.000000,0.000000,0.000000,,0.000000,0.000000,0.000000,0.000000,0.000000,0.000000,1.000000,2.200921,0.443066,0.000000,0.000000,0.000000,0.000000,0.000000,2026,0.000000,0.000000,0.000000,-1.018735,3.762390,0.000000,0.000000,0.000000,0.144039,0.000000
140,Jalen Nailor,WR,LV,00-0037291,135.500000,134,183,5.209486,172,5.147494,0.292877,0.311646,0.264865,0.311646,4.399236,-34.782917,67,-6,139,-5,-1,1.501711,2.255136,0.000000,0.000000,0.000000,0.000000,0.089865,1.000000,1.000000,5.252273,0.165236,0.216802,0.005747,0.131325,1.000000,0.000000,1.000000,0.000000,1.000000,1074.600000,-1.729761,0.688908,0.558084,0.334764,0.032520,2.000000,0.000000,0.000000,0.165236,0.000000,0.116550,0.171692,-0.004665,-0.056237,0.001294,-1.524706,0.024305,0.058824,-1.076471,0.426471,0.000000,0.000000,0.000000,0.039000,0.000000,0.000000,0.000000,0.000000,0.000000,1.000000,0.000000,0.000606,0.000579,0.000164,0.000502,0.010135,-0.001404,-0.005419,0.003267,0.007180,0.004171,0.001661,-0.000212,0.000151,0.002322,-0.006803,0.005695,-0.000085,-0.018475,-0.000773,0.007096,-0.004303,0.013329,0.007323,-0.000722,-0.000378,-0.001665,-0.002680,-0.002888,0.000007,-0.000051,0.001256,-0.000036,0.000202,-0.008753,0.011302,-0.000270,-0.002901,0.004751,0.011306,-0.000151,-0.023806,0.000047,-0.000705,0.001175,-0.000140,-0.000055,-0.004263,-0.000208,-0.002206,-0.000454,-0.000988,-0.006989,-0.001796,1.169917,true,0.693147,3.583519,27.501711,1999-03-02,7.000000,0.000000,0.000000,191,6,2022,0.000000,0.000000,0.000000,false,0.000000,0.041588,0.088788,17.000000,5.923529,0.238332,MIN,0.000000,0.000000,0.000000,0.000000,0.000000,0.000000,0.000000,0.000000,0.000000,0.157895,0.000000,0.764706,0.168831,-0.254080,2026,0.653529,-0.257500,0.865000,-1.907316,-2.630257,0.000000,0.000000,0.000000,0.292877,4.000000
141,Jalen McMillan,WR,TB,00-0039855,141.900000,138,162,5.087596,162,5.087596,0.150282,0.160343,0.129730,0.160343,4.367965,-34.782917,72,-3,141,-3,0,-1.266256,1.603404,-0.000000,-0.000000,13.000000,0.000000,-0.148466,0.000000,1.000000,4.521789,0.303142,0.300847,0.071287,0.156021,0.000000,0.000000,0.000000,0.000000,0.000000,1385.400000,-0.118481,0.637000,0.534057,0.423290,0.023305,3.000000,0.000000,0.000000,0.303142,0.000000,0.108125,0.141575,0.000000,0.000000,0.000000,-1.432500,-0.048423,0.000000,-2.940385,0.500000,19.000000,5.000000,0.000000,0.006000,0.000000,3.000000,0.000000,1.000000,0.000000,1.000000,0.000000,-0.001417,0.000613,0.000164,0.000502,-0.048752,-0.001404,0.008953,-0.000691,0.007180,0.002174,0.000805,0.000066,-0.000039,0.000117,-0.010024,-0.000920,-0.000085,0.000792,-0.000773,-0.001733,-0.000444,0.001923,-0.000526,0.002508,-0.000561,-0.001821,-0.007719,-0.002888,0.000007,-0.000277,0.001256,-0.000358,0.000092,-0.000346,0.000657,-0.000406,-0.002785,-0.012004,0.016877,-0.000338,-0.030204,-0.000145,0.004225,0.001175,-0.000954,-0.000055,0.008142,-0.000208,0.003513,-0.000454,-0.000988,-0.006989,-0.000764,2.531462,true,4.077537,4.615121,24.733744,2001-12-07,10.415385,0.011567,0.000000,92,3,2024,22.470588,0.000000,0.000000,false,0.000000,-0.006073,0.007863,4.000000,7.475000,0.000000,TB,0.000000,0.000000,0.000000,0.000000,0.000000,0.000000,0.000000,0.000000,0.000000,0.000000,0.000000,0.250000,0.013158,0.000000,2026,0.515000,0.000000,0.515000,0.069777,-3.944081,0.000000,0.000000,0.000000,0.150282,2.000000
142,Antonio Williams,WR,WAS,WIL143106,145.700000,142,189,5.241747,174,5.159055,0.269424,0.285920,0.254054,0.285920,4.424937,-34.782917,65,0,142,0,0,-3.867214,14.955346,-0.000000,-0.000000,0.000000,0.737037,-0.148466,0.000000,0.000000,4.262680,0.523148,0.322314,0.164242,0.000000,1.000000,3.775714,0.000000,0.000000,0.000000,1272.060000,-0.706069,0.576938,0.471616,0.300926,0.002066,2.000000,1.000000,3.775714,0.523148,0.000000,0.000000,0.000000,0.000000,0.000000,0.000000,0.000000,0.000000,0.000000,0.000000,0.000000,0.000000,0.000000,0.000000,0.000000,0.000000,0.000000,0.000000,1.000000,0.000000,0.000000,0.000000,-0.003319,-0.000076,0.000164,0.000502,0.010135,0.009888,0.008953,-0.000691,-0.052461,0.001466,0.001520,0.000510,-0.000087,-0.003011,0.010326,0.005695,0.007050,0.000792,-0.000773,-0.001733,-0.001851,0.006082,-0.009608,0.010901,-0.000307,-0.002180,-0.002680,0.025501,-0.000606,-0.000637,0.001256,-0.004486,-0.000420,-0.000346,0.000657,-0.000406,-0.000973,-0.000848,0.016877,-0.000042,0.013297,0.000047,-0.000705,0.001175,-0.001102,-0.000055,-0.004263,-0.000208,0.003513,-0.000454,-0.004409,-0.006989,-0.002682,-0.000000,false,4.653960,4.615121,22.132786,2004-07-14,0.000000,0.010056,0.000000,71,3,2026,39.714286,0.000000,0.000000,true,0.000000,0.000177,0.005925,0.000000,0.000000,0.000000,,0.000000,0.000000,0.000000,0.000000,0.000000,0.000000,1.000000,1.339439,0.623137,0.000000,0.000000,0.000000,0.000000,0.000000,2026,0.000000,0.000000,0.000000,0.490054,1.317978,0.000000,0.000000,0.000000,0.269424,0.000000
143,Brandon Aiyuk,WR,SF,00-0036261,150.000000,146,205,5.323010,178,5.181784,0.320782,0.339403,0.318919,0.339403,4.346804,-34.782917,76,3,143,3,0,2.459959,6.051398,0.000000,0.000000,0.000000,0.907407,-0.148466,0.000000,0.000000,3.218876,0.298893,0.195426,0.209148,0.196562,1.000000,7.887071,0.000000,0.000000,0.000000,1560.220000,0.787839,0.653626,0.529814,0.169742,0.006237,3.000000,0.000000,7.887071,0.298893,0.000000,0.000000,0.000000,0.000000,0.000000,0.000000,0.000000,0.000000,0.000000,0.000000,0.190476,27.000000,0.000000,0.000000,0.117000,0.000000,0.000000,1.000000,0.000000,0.000000,2.000000,0.000000,0.001307,0.000383,0.000164,0.000502,0.010135,0.012498,0.008953,-0.000691,-0.052461,-0.001388,0.001828,0.000058,0.000199,-0.004522,-0.015312,0.005695,0.014818,0.000792,-0.000773,-0.001733,0.001727,-0.004493,0.001988,0.003078,-0.000035,-0.002109,-0.007719,-0.002888,-0.001274,-0.000270,0.001256,-0.004486,-0.000420,-0.000346,0.000657,-0.000406,-0.000973,-0.000848,0.016877,-0.000042,-0.003275,-0.000226,-0.000705,0.001175,0.001785,-0.000055,-0.004263,0.000412,-0.002206,-0.000454,0.002433,-0.006989,-0.002682,-0.000000,false,3.784190,4.615121,28.459959,1998-03-17,15.575000,-0.023672,0.000000,25,1,2020,16.333333,0.000000,0.000000,false,0.000000,-0.022154,0.004290,0.000000,0.000000,0.000000,,0.000000,0.000000,0.000000,0.000000,0.000000,0.000000,1.000000,2.383243,0.448549,0.000000,0.000000,0.000000,0.000000,0.000000,2026,0.000000,0.000000,0.000000,-0.545102,-1.039375,0.000000,0.000000,0.000000,0.320782,6.000000
144,Calvin Ridley,WR,TEN,00-0034837,151.200000,151,176,5.170484,168,5.123964,0.144342,0.153204,0.135135,0.153204,4.319285,-34.782917,78,7,144,7,0,5.698836,32.476736,0.000000,0.000000,10.000000,0.000000,-0.148466,0.000000,1.000000,3.258097,0.280943,0.000000,0.276134,0.430677,0.000000,0.000000,0.000000,0.000000,1.000000,1115.640000,-1.516997,0.660697,0.573844,0.343811,0.029101,3.000000,0.000000,0.000000,0.280943,0.000000,0.168189,0.243020,-0.025903,-0.097993,0.000000,-5.487143,-0.048423,0.000000,-4.960504,0.224138,12.000000,4.000000,0.000000,0.059000,0.000000,0.000000,1.000000,0.000000,0.000000,5.000000,0.000000,0.003675,-0.000981,0.000164,0.000502,-0.035163,-0.001404,0.008953,-0.000691,0.007180,-0.001281,0.000769,0.000021,0.000640,-0.006776,-0.045849,-0.000920,-0.000085,0.000792,-0.000773,0.007096,-0.003794,0.011823,0.003057,-0.002840,-0.000396,-0.001723,-0.007719,-0.002888,0.000007,-0.000240,0.001256,0.001936,0.000460,-0.047024,0.019206,-0.000406,-0.007914,-0.012004,0.016877,-0.000541,-0.006203,-0.000074,0.003239,0.001175,0.000354,-0.000055,-0.004263,0.000412,-0.002206,-0.000454,0.012696,-0.006989,-0.001220,1.929407,true,4.110874,4.615121,31.698836,1994-12-20,18.766667,0.058196,0.016166,26,1,2018,9.352941,0.000000,0.000000,false,0.000000,0.021608,-0.008104,7.000000,6.757143,0.000000,TEN,0.000000,0.000000,0.000000,0.000000,0.000000,0.000000,0.000000,0.000000,0.000000,0.047619,0.000000,0.285714,0.039216,-0.986733,2026,0.571429,-0.475000,0.835000,1.243756,0.823860,0.000000,0.000000,0.000000,0.144342,8.000000
145,Malik Washington,WR,MIA,00-0039880,154.200000,155,186,5.225747,173,5.153292,0.172169,0.182322,0.167568,0.182322,4.458197,-34.782917,63,10,145,10,0,-0.343600,0.118061,-0.000000,-0.000000,0.000000,0.000000,0.057189,0.000000,1.000000,5.214936,0.530303,0.064815,0.081831,0.160053,1.000000,1.316429,0.000000,0.000000,1.000000,1269.480000,-0.719445,0.624035,0.516779,0.032468,0.000000,1.000000,0.000000,1.316429,0.530303,0.000000,0.144192,0.106107,-0.000943,-0.029833,-0.022557,-0.858235,0.000358,0.000000,2.131373,0.147059,4.000000,4.000000,0.000000,0.004000,0.000000,3.000000,0.000000,0.000000,0.000000,0.000000,1.000000,-0.000743,0.000690,0.000164,0.000502,0.010135,-0.001404,-0.003449,-0.000691,0.007180,0.004069,0.000936,0.000525,0.000494,-0.000238,-0.010550,0.005695,0.002403,0.000792,-0.000773,0.007096,-0.001883,0.006177,-0.002487,0.004830,0.000249,-0.002214,0.002358,-0.002888,-0.000207,-0.000649,0.001256,0.001019,-0.000036,-0.002045,0.006304,-0.002778,-0.002058,-0.000766,0.016877,0.000172,0.000503,0.000007,0.003239,0.001175,-0.001003,-0.000055,0.008142,-0.000208,-0.002206,-0.000454,-0.004409,0.009665,-0.001069,2.129258,true,0.000000,2.564949,25.656400,2001-01-04,6.864706,0.000000,0.000000,184,6,2024,30.750000,0.000000,0.000000,false,0.000000,0.006216,0.047916,17.000000,6.864706,0.205656,MIA,0.000000,0.000000,0.000000,0.000000,0.000000,0.000000,0.000000,0.000000,0.000000,0.074074,0.000000,0.705882,0.164179,-0.194241,2026,0.570000,0.055000,0.670000,-0.909808,-1.551140,0.000000,0.000000,0.000000,0.172169,2.000000
146,Tank Dell,WR,HOU,00-0038977,157.600000,160,195,5.273000,175,5.164786,0.187212,0.197826,0.189189,0.197826,4.364465,-34.782917,74,14,146,14,0,0.841889,0.708777,0.000000,0.000000,0.000000,0.744444,-0.148466,0.000000,0.000000,4.234107,0.180000,0.286022,0.000000,0.130217,0.000000,0.000000,0.000000,0.000000,0.000000,1372.140000,-0.187225,0.655400,0.541872,0.520000,0.023656,3.000000,0.000000,0.000000,0.180000,0.000000,0.000000,0.000000,0.000000,0.000000,0.000000,0.000000,0.000000,0.000000,0.000000,0.294118,21.000000,0.000000,0.000000,0.006000,0.000000,4.000000,0.000000,1.000000,0.000000,2.000000,0.000000,0.000124,0.000659,0.000164,0.000502,0.010135,0.010001,0.008953,-0.000691,-0.052461,0.001388,0.001027,-0.000183,-0.000005,0.002515,-0.006659,-0.000920,-0.000085,0.000792,-0.000773,-0.001733,-0.000608,0.002409,0.002256,0.001457,-0.000762,-0.001815,-0.007719,-0.002888,0.000007,-0.000075,0.001256,-0.004486,-0.000420,-0.000346,0.000657,-0.000406,-0.000973,-0.000848,0.016877,-0.000042,-0.012292,-0.000165,-0.000705,0.001175,-0.000954,-0.000055,0.012277,-0.000208,0.003513,-0.000454,0.002433,-0.006989,-0.002682,-0.000000,false,3.713572,4.615121,26.841889,1999-10-29,16.500000,0.015308,0.000000,69,3,2023,14.928571,0.000000,0.000000,false,0.000000,-0.017239,0.027678,0.000000,0.000000,0.000000,,0.000000,0.000000,0.000000,0.000000,0.000000,0.000000,1.000000,1.368012,0.346927,0.000000,0.000000,0.000000,0.000000,0.000000,2026,0.000000,0.000000,0.000000,1.535798,1.061801,0.000000,0.000000,0.000000,0.187212,3.000000
147,Ryan Flournoy,WR,DAL,00-0039410,157.600000,161,169,5.129899,167,5.117994,0.045722,0.048494,0.043243,0.048494,4.390458,-34.782917,68,14,147,14,0,0.847365,0.718027,0.000000,0.000000,2.000000,0.000000,0.062060,0.000000,1.000000,5.375278,0.069193,0.043011,0.089505,0.128621,0.000000,0.000000,0.000000,0.000000,0.000000,1689.500000,1.458065,0.638355,0.566231,0.489292,0.038710,3.000000,0.000000,0.000000,0.069193,0.000000,0.110574,0.111461,0.006916,0.086015,-0.010671,-0.334667,0.018244,0.066667,5.000000,0.352941,1.000000,0.000000,0.000000,0.004000,0.000000,0.000000,0.000000,0.000000,0.000000,0.000000,1.000000,0.000128,0.000659,0.000164,0.000502,0.001075,-0.001404,-0.003742,-0.000691,0.007180,0.004507,0.000177,-0.000406,0.000543,-0.000496,-0.006450,-0.000920,-0.000085,0.000792,-0.000773,-0.001733,0.003333,-0.009238,-0.000321,-0.001817,-0.000698,-0.001561,-0.007719,-0.002888,0.000007,0.000107,0.001256,-0.000264,-0.000017,0.012116,-0.015624,-0.001528,-0.001396,0.003355,0.010564,0.000460,-0.017409,0.000037,-0.000705,0.001175,-0.001003,-0.000055,-0.004263,-0.000208,-0.002206,-0.000454,-0.004409,0.009665,-0.000596,2.753356,true,4.962845,4.615121,26.847365,1999-10-27,7.600000,0.034416,0.000000,216,6,2024,10.411765,0.000000,0.000000,false,0.000000,-0.019691,-0.037530,15.000000,7.600000,0.210526,DAL,0.000000,0.000000,0.000000,0.000000,0.000000,0.000000,0.000000,0.000000,0.000000,0.087719,0.000000,0.538462,0.067308,0.896958,2026,0.447500,0.472500,0.720000,0.901196,1.823860,0.000000,0.000000,0.000000,0.045722,2.000000
148,Travis Hunter,WR,JAX,00-0040718,158.800000,163,164,5.099866,164,5.099866,0.005764,0.006116,0.005405,0.006116,4.342031,-34.782917,77,15,148,15,0,-2.709103,7.339241,-0.000000,-0.000000,10.000000,0.000000,-0.054422,0.000000,1.000000,0.693147,0.221477,0.548454,0.000000,0.131840,0.000000,0.000000,0.000000,0.000000,0.000000,1570.240000,0.839785,0.629713,0.551341,0.515101,0.030928,4.000000,0.000000,0.000000,0.221477,0.000000,0.175149,0.175837,0.006216,0.027426,0.001253,-4.154286,-0.009511,0.142857,0.000000,0.588235,10.000000,0.000000,0.000000,0.042000,0.000000,2.000000,1.000000,0.000000,0.000000,0.000000,1.000000,-0.002472,0.000317,0.000164,0.000502,-0.035163,-0.001404,0.003282,-0.000691,0.007180,-0.008293,-0.000062,-0.000099,-0.000597,0.002515,-0.006870,-0.000920,-0.000085,0.000792,-0.000773,-0.001733,0.001852,-0.004861,-0.001628,0.000184,-0.000752,-0.001692,-0.012757,-0.002888,0.000007,-0.000143,0.001256,0.002201,0.000217,0.010855,-0.004534,-0.000274,-0.006228,-0.003040,0.003349,-0.000042,-0.037880,-0.000054,-0.000705,0.001175,-0.000066,-0.000055,0.004007,0.000412,-0.002206,-0.000454,-0.004409,0.009665,0.000508,4.209985,true,4.174387,4.615121,23.290897,2003-05-18,9.114286,0.019526,0.000000,2,1,2025,21.117647,0.000000,0.000000,false,0.000000,-0.001611,0.003145,7.000000,9.114286,0.094044,JAX,0.000000,0.000000,0.000000,0.000000,0.000000,0.000000,0.000000,0.000000,0.000000,0.071429,0.000000,0.714286,0.057471,-0.706000,2026,0.662857,0.140000,0.740000,1.300781,-3.630846,0.000000,0.000000,0.000000,0.005764,1.000000
149,Chris Bell,WR,MIA,BEL267684,160.300000,167,223,5.407172,182,5.204007,0.274889,0.289178,0.302703,0.289178,4.384031,-34.782917,69,18,149,18,0,-3.765914,14.182106,-0.000000,-0.000000,0.000000,0.651852,-0.148466,0.000000,0.000000,4.543295,0.530303,0.064815,0.081831,0.160053,1.000000,1.316429,0.000000,0.000000,1.000000,1269.480000,-0.719445,0.624035,0.516779,0.173160,0.039352,2.000000,1.000000,1.316429,0.530303,0.000000,0.000000,0.000000,0.000000,0.000000,0.000000,0.000000,0.000000,0.000000,0.000000,0.000000,0.000000,0.000000,0.000000,0.000000,0.000000,0.000000,0.000000,1.000000,0.000000,0.000000,0.000000,-0.003245,-0.000036,0.000164,0.000502,0.010135,0.008583,0.008953,-0.000691,-0.052461,0.002233,0.001553,0.000525,0.000494,-0.000238,-0.010550,0.005695,0.002403,0.000792,-0.000773,0.007096,-0.001883,0.006177,-0.002487,0.004830,-0.000042,-0.001550,-0.002680,0.025501,-0.000207,-0.000649,0.001256,-0.004486,-0.000420,-0.000346,0.000657,-0.000406,-0.000973,-0.000848,0.016877,-0.000042,0.013297,0.000047,-0.000705,0.001175,-0.001102,-0.000055,-0.004263,-0.000208,0.003513,-0.000454,-0.004409,-0.006989,-0.002682,-0.000000,false,2.564949,4.615121,22.234086,2004-06-07,0.000000,0.000000,0.000000,94,3,2026,30.750000,0.000000,0.000000,true,0.000000,0.006216,0.047916,0.000000,0.000000,0.000000,,0.000000,0.000000,0.000000,0.000000,0.000000,0.000000,1.000000,1.058824,0.387929,0.000000,0.000000,0.000000,0.000000,0.000000,2026,0.000000,0.000000,0.000000,-0.909808,-1.551140,0.000000,0.000000,0.000000,0.274889,0.000000
150,Jack Bech,WR,LV,00-0040729,160.600000,169,208,5.337538,180,5.192957,0.197109,0.207639,0.210811,0.207639,4.376707,-34.782917,70,19,150,19,0,-2.295688,5.270183,-0.000000,-0.000000,3.000000,0.000000,-0.148466,0.000000,1.000000,4.060443,0.165236,0.216802,0.123787,0.131325,1.000000,0.000000,1.000000,0.000000,1.000000,1074.600000,-1.729761,0.688908,0.558084,0.272532,0.032520,3.000000,0.000000,0.000000,0.165236,0.000000,0.079781,0.107273,0.006082,0.085336,0.000000,-1.278571,-0.048423,0.000000,0.000000,0.176471,1.000000,0.000000,0.000000,0.007000,0.000000,2.000000,0.000000,1.000000,0.000000,0.000000,1.000000,-0.002170,0.000424,0.000164,0.000502,-0.003454,-0.001404,0.008953,-0.000691,0.007180,0.000913,0.001086,-0.000212,0.000151,-0.001650,-0.006803,0.005695,-0.000085,-0.018475,-0.000773,0.007096,-0.004303,0.013329,0.007323,-0.000722,-0.000249,-0.001665,-0.007719,-0.002888,0.000007,-0.000051,0.001256,-0.001440,-0.000032,0.010614,-0.015495,-0.000406,-0.002590,-0.012004,0.016877,-0.000042,-0.002056,0.000037,-0.000705,0.001175,-0.000929,-0.000055,0.004007,-0.000208,0.003513,-0.000454,-0.004409,0.009665,-0.003882,-1.583635,true,3.583519,4.615121,23.704312,2002-12-18,3.028571,0.000000,0.000000,58,2,2025,0.000000,0.000000,0.000000,false,0.000000,0.041588,0.088788,14.000000,3.028571,0.000000,LV,0.000000,0.000000,0.000000,0.000000,0.000000,0.000000,0.000000,0.000000,0.000000,0.000000,0.000000,0.333333,0.064516,-1.132639,2026,0.397500,0.615000,0.775000,-1.907316,-2.630257,0.000000,0.000000,0.000000,0.197109,1.000000
151,Germie Bernard,WR,PIT,BER218265,160.900000,170,207,5.332719,179,5.187386,0.186941,0.196920,0.200000,0.196920,4.374707,-34.782917,71,19,151,19,0,-3.251198,10.570287,-0.000000,-0.000000,0.000000,0.825926,-0.148466,0.000000,0.000000,3.850148,0.503650,0.339066,0.215953,0.144285,0.000000,0.000000,0.000000,1.000000,1.000000,1405.980000,-0.011788,0.645173,0.573822,0.229927,0.004914,3.000000,1.000000,0.000000,0.503650,0.000000,0.000000,0.000000,0.000000,0.000000,0.000000,0.000000,0.000000,0.000000,0.000000,0.000000,0.000000,0.000000,0.000000,0.000000,0.000000,0.000000,0.000000,1.000000,0.000000,0.000000,0.000000,-0.002868,0.000150,0.000164,0.000502,0.010135,0.011250,0.008953,-0.000691,-0.052461,0.000338,0.001025,0.000471,-0.000125,-0.004751,-0.008493,-0.000920,-0.000085,0.000792,0.003611,0.007096,-0.000188,0.001168,0.000710,-0.002837,-0.000160,-0.002131,-0.007719,0.025501,0.000007,-0.000605,0.001256,-0.004486,-0.000420,-0.000346,0.000657,-0.000406,-0.000973,-0.000848,0.016877,-0.000042,0.013297,0.000047,-0.000705,0.001175,-0.001102,-0.000055,-0.004263,-0.000208,0.003513,-0.000454,-0.004409,-0.006989,-0.002682,-0.000000,false,4.615121,4.615121,22.748802,2003-12-02,0.000000,0.018398,-0.023609,47,2,2026,0.000000,0.000000,0.000000,true,0.000000,-0.012890,-0.002149,0.000000,0.000000,0.000000,,0.000000,0.000000,0.000000,0.000000,0.000000,0.000000,1.000000,1.751971,0.696021,0.000000,0.000000,0.000000,0.000000,0.000000,2026,0.000000,0.000000,0.000000,-0.919358,-1.980846,0.000000,0.000000,0.000000,0.186941,0.000000
152,Rashod Bateman,WR,BAL,00-0036550,161.000000,171,202,5.308268,177,5.176150,0.158089,0.166604,0.167568,0.166604,4.367256,-34.782917,73,19,152,19,0,0.757016,0.573073,0.000000,0.000000,4.000000,0.000000,0.068140,0.000000,1.000000,3.295837,0.276543,0.126233,0.000000,0.157732,0.000000,0.000000,0.000000,0.000000,1.000000,1329.820000,-0.406624,0.558346,0.444079,0.311111,0.019724,2.000000,0.000000,0.000000,0.276543,0.000000,0.119439,0.175947,-0.007337,-0.098952,0.000000,-2.643077,0.004209,0.000000,-6.650962,0.270588,5.000000,0.000000,0.000000,0.044000,0.000000,0.000000,1.000000,0.000000,0.000000,1.000000,0.000000,0.000062,0.000666,0.000164,0.000502,-0.007984,-0.001404,-0.004109,-0.000691,0.007180,-0.001178,0.000852,0.000012,0.000355,0.002515,-0.010248,-0.000920,-0.000085,0.000792,-0.000773,0.007096,-0.001134,0.003963,-0.012419,0.014602,-0.000329,-0.001881,-0.002680,-0.002888,0.000007,-0.000233,0.001256,0.000074,0.000217,-0.013567,0.019387,-0.000406,-0.004316,0.000121,0.016877,-0.000711,-0.010244,-0.000003,-0.000705,0.001175,-0.000016,-0.000055,-0.004263,0.000412,-0.002206,-0.000454,-0.000988,-0.006989,-0.002987,-0.402665,true,4.990433,4.615121,26.757016,1999-11-29,10.912500,0.000000,0.000000,27,1,2021,26.846154,0.000000,0.000000,false,0.000000,0.024384,-0.015686,13.000000,4.261538,0.216606,BAL,0.000000,0.000000,0.000000,0.000000,0.000000,0.000000,0.000000,0.000000,0.000000,0.121212,0.000000,0.692308,0.160714,-0.640971,2026,0.693077,0.022500,0.815000,-0.357697,3.967978,0.000000,0.000000,0.000000,0.158089,5.000000
153,Cooper Kupp,WR,SEA,00-0033908,161.300000,172,196,5.278115,176,5.170484,0.123869,0.130620,0.129730,0.130620,4.402533,-34.782917,66,19,153,19,0,7.212868,52.025463,0.000000,0.000000,1.000000,0.000000,-0.045285,0.000000,1.000000,4.234107,0.076628,0.445525,0.000000,0.130824,0.000000,0.000000,0.000000,0.000000,0.000000,1561.000000,0.791882,0.632415,0.503861,0.542146,0.038911,3.000000,0.000000,0.000000,0.076628,0.000000,0.159878,0.148976,-0.003988,-0.055694,0.000000,-1.590625,-0.019851,0.000000,-7.314583,0.194631,7.000000,1.000000,0.000000,0.054000,0.000000,0.000000,0.000000,1.000000,0.000000,4.000000,0.000000,0.004781,-0.001990,0.000164,0.000502,0.005605,-0.001404,0.002731,-0.000691,0.007180,0.001388,0.000646,-0.000391,-0.000365,0.002515,-0.006738,-0.000920,-0.000085,0.000792,-0.000773,-0.001733,0.001737,-0.004522,-0.001219,0.006567,-0.000808,-0.001557,-0.007719,-0.002888,0.000007,0.000094,0.001256,0.001618,0.000119,-0.007532,0.011199,-0.000406,-0.002985,-0.005422,0.016877,-0.000777,-0.003636,-0.000023,0.000281,0.001175,0.000230,-0.000055,-0.004263,-0.000208,0.003513,-0.000454,0.009275,-0.006989,-0.000722,2.586944,true,3.828641,4.615121,33.212868,1993-06-15,25.852941,0.016319,0.000000,69,3,2017,5.588235,0.000000,0.000000,false,0.000000,-0.013156,0.036960,16.000000,7.268750,0.103181,SEA,0.000000,0.000000,0.000000,0.000000,0.000000,0.000000,0.000000,0.000000,0.000000,0.178571,0.000000,0.812500,0.200000,-1.962532,2026,0.755625,0.120000,0.895000,0.388462,-0.311140,0.000000,0.000000,0.000000,0.123869,9.000000
154,Adonai Mitchell,WR,NYJ,00-0039890,164.400000,174,158,5.062595,158,5.062595,-0.090972,-0.096460,-0.086486,-0.096460,4.474047,-34.782917,62,20,154,20,0,-2.101300,4.415464,-0.000000,-0.000000,1.000000,0.000000,-0.011947,0.000000,1.000000,3.951244,0.241870,0.256579,0.040268,0.201849,0.000000,0.000000,0.000000,1.000000,0.000000,1143.360000,-1.373289,0.609082,0.518987,0.227642,0.015351,3.000000,0.000000,0.000000,0.241870,0.000000,0.153450,0.316102,0.012101,0.120039,0.003255,-6.302500,-0.021756,0.062500,2.331397,0.029412,0.000000,0.000000,0.000000,0.007000,0.000000,3.000000,0.000000,1.000000,0.000000,0.000000,1.000000,-0.002028,0.000468,0.000164,0.000502,0.005605,-0.001404,0.000720,-0.000691,0.007180,0.000614,-0.000643,-0.000058,0.000061,0.001160,-0.016002,-0.000920,-0.000085,0.000792,0.003611,-0.001733,-0.003449,0.010806,-0.004748,0.004533,-0.000155,-0.001955,-0.007719,-0.002888,0.000007,-0.000176,0.001256,0.001373,0.000725,0.021460,-0.022064,-0.000063,-0.008946,-0.005861,0.010958,0.000192,0.010738,0.000047,-0.000705,0.001175,-0.000929,-0.000055,0.008142,-0.000208,0.003513,-0.000454,-0.004409,0.009665,-0.002326,0.469741,true,3.761200,4.615121,23.898700,2002-10-08,5.493750,-0.012828,0.000000,52,2,2024,0.000000,0.000000,0.000000,false,0.000000,0.032800,0.003272,16.000000,5.493750,0.136519,NYJ,0.000000,0.000000,0.000000,0.000000,0.000000,0.000000,0.000000,0.000000,0.000000,0.208333,0.000000,0.500000,0.131148,-0.533410,2026,0.506250,0.340000,0.880000,-1.018735,3.762390,0.000000,0.000000,0.000000,-0.090972,2.000000
155,Isaac TeSlaa,WR,DET,00-0040669,169.400000,179,178,5.181784,169,5.129899,-0.005305,-0.005602,-0.005405,-0.005602,4.429587,-34.782917,64,24,155,24,0,-1.471595,2.165591,-0.000000,-0.000000,3.000000,0.000000,0.325842,0.000000,1.000000,4.248495,0.145455,0.377828,0.072621,0.135119,0.000000,0.000000,0.000000,0.000000,0.000000,1691.480000,1.468330,0.627084,0.554435,0.505455,0.022624,3.000000,0.000000,0.000000,0.145455,0.000000,0.057213,0.120670,0.002791,0.036052,0.000000,0.768571,0.173799,0.000000,0.000000,0.176471,3.000000,2.000000,0.000000,0.006000,0.000000,2.000000,0.000000,1.000000,0.000000,0.000000,1.000000,-0.001567,0.000584,0.000164,0.000502,-0.003454,-0.001404,-0.019649,-0.000691,0.007180,0.001427,-0.000129,-0.000252,-0.000212,0.000072,-0.007298,-0.000920,-0.000085,0.000792,-0.000773,-0.001733,0.003358,-0.009310,-0.002026,-0.000231,-0.000732,-0.001832,-0.007719,-0.002888,0.000007,-0.000018,0.001256,-0.002301,0.000017,0.004682,-0.006167,-0.000406,-0.000000,0.039193,0.016877,-0.000042,-0.002056,0.000017,0.001267,0.001175,-0.000954,-0.000055,0.004007,-0.000208,0.003513,-0.000454,-0.004409,0.009665,-0.002218,0.612447,true,4.859812,4.615121,24.528405,2002-02-20,5.421429,-0.002782,0.000000,70,3,2025,2.647059,0.000000,0.000000,false,0.000000,-0.002579,0.011535,14.000000,5.421429,0.474308,DET,0.000000,0.000000,0.000000,0.000000,0.000000,0.000000,0.000000,0.000000,0.000000,0.366667,0.000000,0.785714,0.122222,3.432956,2026,0.396471,0.387500,0.727500,-0.393614,-2.940846,0.000000,0.000000,0.000000,-0.005305,1.000000
156,Darius Slayton,WR,NYG,00-0035535,170.800000,180,234,5.455321,184,5.214936,0.250144,0.262364,0.291892,0.262364,4.360765,-34.782917,75,24,156,24,0,3.634497,13.209568,0.000000,0.000000,3.000000,0.000000,-0.087738,0.000000,1.000000,5.141664,0.357002,0.043053,0.339303,0.160544,0.000000,0.000000,0.000000,0.000000,1.000000,1389.820000,-0.095566,0.591587,0.498035,0.171598,0.000000,2.000000,0.000000,0.000000,0.357002,0.000000,0.154614,0.258646,0.005420,0.094185,0.000000,-3.907857,-0.032550,0.000000,0.182143,0.119658,5.000000,3.000000,0.000000,0.043000,0.000000,0.000000,0.000000,0.000000,0.000000,6.000000,0.000000,0.002165,0.000014,0.000164,0.000502,-0.003454,-0.001404,0.005291,-0.000691,0.007180,0.003869,0.001404,0.000175,0.000543,-0.008901,-0.010614,-0.000920,-0.000085,0.000792,-0.000773,0.007096,-0.000389,0.001761,-0.007393,0.007350,-0.000039,-0.002214,-0.002680,-0.002888,0.000007,-0.000365,0.001256,0.001417,0.000516,0.009421,-0.017170,-0.000406,-0.005916,-0.008347,0.016877,-0.000024,0.002887,-0.000003,0.002253,0.001175,-0.000041,-0.000055,-0.004263,-0.000208,-0.002206,-0.000454,0.016117,-0.006989,-0.000778,2.512437,true,4.919981,4.615121,29.634497,1997-01-12,12.142857,-0.038264,-0.004484,171,5,2019,34.785714,0.000000,0.000000,false,0.000000,0.011476,-0.031517,14.000000,7.057143,0.060729,NYG,0.000000,0.000000,0.000000,0.000000,0.000000,0.000000,0.000000,0.000000,0.000000,0.155556,0.000000,0.571429,0.117647,-2.350082,2026,0.812857,-0.045000,0.932500,1.086040,3.459154,0.000000,0.000000,0.000000,0.250144,7.000000
157,Tyjae Spears,RB,TEN,00-0039032,130.700000,128,139,4.934474,139,4.934474,0.076693,0.082444,0.059459,0.082444,4.221417,-35.991250,46,-29,107,21,-50,-0.787132,0.619577,-0.787132,-0.000000,4.000000,0.000000,-0.116702,0.000000,1.000000,4.394449,0.280943,0.000000,0.252055,0.135592,0.000000,0.000000,0.000000,0.000000,1.000000,1115.640000,-1.516997,0.660697,0.573844,0.084479,0.677249,2.000000,0.000000,0.000000,0.000000,0.000000,0.122847,-0.048133,0.006240,0.051199,-0.045772,0.119231,-0.016116,0.076923,-0.874359,0.176471,12.000000,3.000000,1.000000,0.006000,0.000000,4.000000,0.000000,1.000000,0.000000,1.000000,0.000000,-0.001067,0.000664,-0.001222,0.000502,-0.007984,-0.001404,0.007037,-0.000691,0.007180,0.001826,0.000363,0.000021,0.000640,-0.005966,-0.007360,-0.000920,-0.000085,0.000792,-0.000773,0.007096,-0.003794,0.011823,0.003057,-0.002840,0.000141,0.009223,-0.002680,-0.002888,0.000007,0.000220,0.001256,0.000204,-0.000595,0.010897,-0.009034,-0.005219,-0.000822,-0.004561,0.009592,-0.000130,-0.002056,-0.000074,0.002253,-0.015322,-0.000954,-0.000055,0.012277,-0.000208,0.003513,-0.000454,-0.000988,-0.006989,0.000850,4.661368,true,4.025352,4.615121,25.212868,2001-06-15,9.466667,0.058196,0.016166,81,3,2023,0.000000,0.000000,0.000000,false,0.000000,0.021608,-0.008104,13.000000,8.592308,0.107431,TEN,0.000000,0.000000,0.000000,0.000000,0.000000,0.000000,0.000000,0.000000,0.000000,0.000000,0.166667,0.923077,0.137255,-1.920450,2026,0.459231,0.022500,0.542500,0.290744,2.927647,0.000000,0.000000,0.000000,0.076693,3.000000
158,Juwan Johnson,TE,NO,00-0036040,154.800000,156,143,4.962845,143,4.962845,-0.081550,-0.087011,-0.070270,-0.087011,4.583805,-38.706755,17,-2,169,-13,11,3.965777,15.727386,0.000000,0.000000,0.000000,0.000000,-0.086329,0.000000,1.000000,5.598422,0.109244,0.167816,0.067434,0.161045,0.000000,0.000000,0.000000,0.000000,0.000000,1182.280000,-1.171516,0.654329,0.522503,0.010504,0.000000,1.000000,0.000000,0.000000,0.109244,0.000000,0.176684,0.159725,-0.002159,-0.058098,0.000000,-1.600588,-0.028417,0.000000,2.395686,0.227723,2.000000,0.000000,0.000000,0.037000,0.000000,0.000000,0.000000,0.000000,0.000000,0.000000,1.000000,0.002408,-0.000116,0.000164,0.000502,0.010135,-0.001404,0.005206,-0.000691,0.007180,0.005117,-0.000586,-0.000326,0.000261,0.000246,-0.010680,-0.000920,-0.000085,0.000792,-0.000773,-0.001733,-0.002966,0.009377,0.002094,0.004061,0.000295,-0.002214,0.002358,-0.002888,0.000007,0.000041,0.001256,0.002260,0.000158,-0.004237,0.011654,-0.000406,-0.002997,-0.007395,0.016877,0.000198,-0.006515,0.000027,-0.000705,0.001175,-0.000189,-0.000055,-0.004263,-0.000208,-0.002206,-0.000454,-0.004409,0.009665,0.001170,5.083633,true,0.000000,4.615121,29.965777,1996-09-13,10.582353,-0.009312,0.000000,,,2020,16.909091,0.000000,0.000000,false,0.000000,0.007946,-0.001205,17.000000,10.582353,0.100056,NO,0.000000,0.000000,0.000000,0.000000,0.000000,0.000000,0.000000,0.000000,0.000000,0.125000,0.000000,0.470588,0.153846,0.153800,2026,0.750000,-0.255000,0.937500,0.144470,-2.043713,0.000000,0.000000,0.000000,-0.081550,6.000000
159,Chris Rodriguez Jr.,RB,JAX,00-0038611,151.500000,153,141,4.948760,141,4.948760,-0.076470,-0.081678,-0.064865,-0.081678,4.188471,-42.421111,50,-6,160,-7,1,-0.069815,0.004874,-0.069815,-0.000000,5.000000,0.000000,0.167172,1.000000,1.000000,5.262690,0.221477,0.548454,0.031674,0.000000,0.000000,0.000000,0.000000,0.000000,0.000000,1570.240000,0.839785,0.629713,0.551341,0.043624,0.224742,2.000000,0.000000,0.000000,0.000000,0.548454,0.013278,0.003800,0.003400,0.031213,0.090089,1.473333,0.019215,0.000000,2.416667,0.490196,3.000000,2.000000,0.000000,0.017000,0.000000,0.000000,0.000000,0.000000,0.000000,0.000000,1.000000,-0.000543,0.000695,0.000041,0.000502,-0.012514,-0.001404,-0.010081,0.003267,0.007180,0.004200,-0.000556,-0.000099,-0.000597,0.001449,0.010326,-0.000920,-0.000085,0.000792,-0.000773,-0.001733,0.001852,-0.004861,-0.001628,0.000184,0.000226,0.001581,-0.002680,-0.002888,0.000007,0.000220,-0.005486,-0.003979,-0.000406,0.005780,-0.005251,0.009067,0.000891,0.003578,0.016877,0.000200,-0.029351,0.000017,0.001267,0.001175,-0.000682,-0.000055,-0.004263,-0.000208,-0.002206,-0.000454,-0.004409,0.009665,0.000184,3.782372,true,4.521789,4.615121,25.930185,2000-09-26,7.666667,0.019526,0.000000,193,6,2023,0.000000,0.000000,0.000000,false,0.000000,-0.001611,0.003145,12.000000,7.666667,0.391304,WAS,0.000000,0.000000,0.000000,0.000000,0.000000,0.000000,0.000000,0.000000,0.000000,0.000000,0.378378,1.916667,0.019608,-1.496434,2026,0.312308,0.192500,0.452500,-0.135900,-0.497941,0.000000,0.000000,0.000000,-0.076470,3.000000
160,Alvin Kamara,RB,NO,00-0033906,153.400000,154,144,4.969813,144,4.969813,-0.062914,-0.067139,-0.054054,-0.067139,4.206375,-42.421111,47,-6,161,-7,1,5.104723,26.058195,5.104723,0.000000,6.000000,0.000000,-0.164550,0.000000,1.000000,4.204693,0.109244,0.167816,0.578058,0.000000,0.000000,0.000000,0.000000,0.000000,0.000000,1182.280000,-1.171516,0.654329,0.522503,0.077731,0.344828,2.000000,0.000000,0.000000,0.000000,0.167816,0.116687,0.007925,-0.004251,-0.036784,-0.036156,-3.519091,-0.026627,0.000000,-9.795455,0.154362,14.000000,3.000000,0.000000,0.020000,0.000000,0.000000,0.000000,1.000000,0.000000,5.000000,0.000000,0.003240,-0.000650,0.009155,0.000502,-0.017044,-0.001404,0.009923,-0.000691,0.007180,0.001307,-0.000475,-0.000326,0.000261,-0.016935,0.010326,-0.000920,-0.000085,0.000792,-0.000773,-0.001733,-0.002966,0.009377,0.002094,0.004061,0.000155,0.003609,-0.002680,-0.002888,0.000007,0.000220,-0.000807,-0.000031,-0.000392,-0.008007,0.007620,-0.004208,-0.005424,-0.006983,0.016877,-0.001026,-0.000133,-0.000094,0.002253,0.001175,-0.000608,-0.000055,-0.004263,-0.000208,0.003513,-0.000454,0.012696,-0.006989,0.001363,5.338418,true,4.736198,4.615121,31.104723,1995-07-25,25.186667,-0.009312,0.000000,67,3,2017,0.000000,0.000000,0.000000,false,0.000000,0.007946,-0.001205,11.000000,9.154545,0.059583,NO,0.000000,0.000000,0.000000,0.000000,0.000000,0.000000,0.000000,0.000000,0.000000,0.000000,0.117647,1.000000,0.096154,-3.009734,2026,0.637273,-0.312500,0.807500,0.663408,-0.223824,0.000000,0.000000,0.000000,-0.062914,9.000000
161,Isiah Pacheco,RB,DET,00-0037197,157.800000,162,142,4.955827,142,4.955827,-0.123614,-0.131769,-0.108108,-0.131769,4.201794,-42.421111,49,1,163,-1,2,1.501711,2.255136,1.501711,0.000000,4.000000,0.000000,-0.086675,1.000000,1.000000,5.525453,0.145455,0.377828,0.000000,0.000000,0.000000,0.000000,0.000000,0.000000,0.000000,1691.480000,1.468330,0.627084,0.554435,0.170909,0.556561,2.000000,0.000000,0.000000,0.000000,0.377828,0.067988,-0.005525,0.001104,0.013996,0.031878,-1.585385,-0.018620,0.000000,-1.413187,0.250000,14.000000,0.000000,0.000000,0.006000,0.000000,0.000000,0.000000,0.000000,0.000000,2.000000,0.000000,0.000606,0.000579,0.002809,0.000502,-0.007984,-0.001404,0.005227,0.003267,0.007180,0.004918,-0.000839,-0.000252,-0.000212,0.002515,0.010326,-0.000920,-0.000085,0.000792,-0.000773,-0.001733,0.003358,-0.009310,-0.002026,-0.000231,-0.000038,0.007184,-0.002680,-0.002888,0.000007,0.000220,-0.003388,-0.001890,-0.000440,0.001642,-0.001992,0.002946,-0.002978,-0.005138,0.016877,-0.000184,-0.008453,-0.000094,-0.000705,0.001175,-0.000954,-0.000055,-0.004263,-0.000208,-0.002206,-0.000454,0.002433,-0.006989,-0.000519,2.854049,true,5.081404,4.615121,27.501711,1999-03-02,15.278571,-0.002782,0.000000,251,7,2022,0.000000,0.000000,0.000000,false,0.000000,-0.002579,0.011535,13.000000,6.715385,0.137457,KC,0.000000,0.000000,0.000000,0.000000,0.000000,0.000000,0.000000,0.000000,0.000000,0.000000,0.000000,0.846154,0.049383,-1.514712,2026,0.516923,-0.037500,0.675000,0.491574,2.230588,0.000000,0.000000,0.000000,-0.123614,4.000000
162,Tank Bigsby,RB,PHI,00-0038555,160.300000,168,161,5.081404,161,5.081404,-0.040120,-0.042560,-0.037838,-0.042560,4.140656,-42.421111,51,6,164,4,2,-0.995209,0.990440,-0.995209,-0.000000,2.000000,0.000000,-0.001084,0.000000,1.000000,4.477337,0.371739,0.024845,0.031818,0.000000,0.000000,0.000000,0.000000,0.000000,0.000000,1353.920000,-0.281682,0.604172,0.487805,0.134783,0.608696,2.000000,0.000000,0.000000,0.000000,0.024845,0.011593,-0.001217,0.001775,0.032605,0.105347,0.694667,-0.002659,0.000000,-5.013333,0.156863,3.000000,0.000000,0.000000,0.006000,0.000000,4.000000,0.000000,1.000000,0.000000,1.000000,0.000000,-0.001219,0.000645,-0.001589,0.000502,0.001075,-0.001404,0.000065,-0.000691,0.007180,0.002053,-0.000338,0.000205,0.000584,0.001445,0.010326,-0.000920,-0.000085,0.000792,-0.000773,-0.001733,-0.000835,0.003078,-0.005490,0.008725,0.000037,0.008065,-0.002680,-0.002888,0.000007,0.000220,0.000951,-0.004043,-0.000425,0.002852,-0.005514,0.010672,-0.000094,-0.001461,0.016877,-0.000546,-0.000350,0.000017,-0.000705,0.001175,-0.000954,-0.000055,0.012277,-0.000208,0.003513,-0.000454,-0.000988,-0.006989,-0.002591,0.120224,true,5.003946,4.615121,25.004791,2001-08-30,8.600000,-0.073593,0.000000,88,3,2023,0.000000,0.000000,0.000000,false,0.000000,-0.004209,0.047117,15.000000,3.586667,0.223048,PHI,0.000000,0.000000,0.000000,0.000000,0.000000,0.000000,0.000000,0.000000,0.000000,0.000000,0.181818,0.909091,0.016393,-1.528483,2026,0.126471,0.242500,0.365000,0.682578,0.085000,0.000000,0.000000,0.000000,-0.040120,3.000000
163,Brian Robinson Jr.,RB,ATL,00-0037746,164.900000,175,163,5.093750,163,5.093750,-0.067064,-0.071036,-0.064865,-0.071036,4.127477,-42.421111,52,12,165,10,2,1.446954,2.093676,1.446954,0.000000,0.000000,0.000000,-0.032132,1.000000,1.000000,4.584967,0.271287,0.335430,0.020362,0.000000,0.000000,0.000000,0.000000,1.000000,0.000000,1317.820000,-0.468836,0.610023,0.514257,0.203960,0.620545,2.000000,0.000000,0.000000,0.000000,0.335430,0.020880,0.000002,-0.000505,-0.006133,0.001928,-0.629412,-0.013279,0.000000,-7.737815,0.147059,5.000000,2.000000,0.000000,0.008000,0.000000,0.000000,0.000000,1.000000,0.000000,2.000000,0.000000,0.000566,0.000588,0.002713,0.000502,0.010135,-0.001404,0.001938,0.003267,0.007180,0.002347,-0.000499,0.000002,-0.000117,0.001830,0.010326,-0.000920,-0.000085,0.000792,0.003611,-0.001733,-0.001283,0.004403,-0.004605,0.005169,-0.000106,0.008265,-0.002680,-0.002888,0.000007,0.000220,-0.002867,-0.003688,-0.000420,-0.001257,0.001818,-0.000203,-0.001769,-0.003908,0.016877,-0.000820,0.000503,-0.000003,0.001267,0.001175,-0.000904,-0.000055,-0.004263,-0.000208,0.003513,-0.000454,0.002433,-0.006989,-0.002495,0.247496,true,5.164786,4.615121,27.446954,1999-03-22,13.206667,0.005524,0.000000,98,3,2022,0.000000,0.000000,0.000000,false,0.000000,-0.020710,-0.005416,17.000000,3.676471,0.192000,SF,0.000000,0.000000,0.000000,0.000000,0.000000,0.000000,0.000000,0.000000,0.000000,0.000000,0.076923,0.500000,0.044444,-0.927018,2026,0.167059,-0.027500,0.252500,0.179671,-0.513529,0.000000,0.000000,0.000000,-0.067064,4.000000
164,Keaton Mitchell,RB,LAC,00-0038454,168.600000,177,155,5.043425,155,5.043425,-0.125163,-0.132725,-0.118919,-0.132725,4.114854,-42.421111,53,13,182,-5,18,-1.378508,1.900284,-1.378508,-0.000000,4.000000,0.000000,-0.115829,1.000000,1.000000,5.598422,0.292818,0.071584,0.004630,0.000000,0.000000,0.000000,0.000000,0.000000,0.000000,1410.420000,0.011230,0.650374,0.540837,0.114180,0.698482,2.000000,0.000000,0.000000,0.000000,0.071584,0.042062,-0.014854,0.001622,0.022464,0.038578,0.304615,-0.018425,0.000000,0.861538,0.568627,10.000000,0.000000,0.000000,0.015000,0.000000,0.000000,0.000000,0.000000,0.000000,2.000000,0.000000,-0.001499,0.000598,-0.002264,0.000502,-0.007984,-0.001404,0.006985,0.003267,0.007180,0.005117,-0.000848,0.000045,0.000479,0.002359,0.010326,-0.000920,-0.000085,0.000792,-0.000773,-0.001733,-0.000133,0.001005,0.001496,0.001596,0.000080,0.009581,-0.002680,-0.002888,0.000007,0.000220,0.000376,-0.002880,-0.000474,0.002577,-0.003595,0.003651,-0.000587,-0.005093,0.016877,0.000044,-0.036174,-0.000054,-0.000705,0.001175,-0.000732,-0.000055,-0.004263,-0.000208,-0.002206,-0.000454,0.002433,-0.006989,-0.002168,0.678302,true,5.075174,4.615121,24.621492,2002-01-17,9.985714,-0.058219,0.000000,,,2023,0.000000,0.000000,0.000000,false,0.000000,0.023027,0.031096,13.000000,4.261538,0.108303,BAL,0.000000,0.000000,0.000000,0.000000,0.000000,0.000000,0.000000,0.000000,0.000000,0.000000,0.000000,0.166667,0.000000,-0.285889,2026,0.174615,0.162500,0.297500,-0.355138,0.932059,0.000000,0.000000,0.000000,-0.125163,3.000000
165,Tyler Allgeier,RB,ARI,00-0037263,174.800000,185,137,4.919981,137,4.919981,-0.282567,-0.300375,-0.259459,-0.300375,4.203864,-42.421111,48,20,185,0,20,0.379192,0.143787,0.379192,0.000000,0.000000,0.000000,0.166111,1.000000,1.000000,5.017280,0.214171,0.471233,0.000000,0.500000,0.000000,0.000000,0.000000,1.000000,0.000000,1509.960000,0.527276,0.689753,0.629817,0.095008,0.424658,2.000000,0.000000,0.000000,0.000000,0.471233,0.032136,-0.006622,0.001084,-0.000080,0.007577,0.883529,0.017805,0.000000,0.988235,0.014706,1.000000,0.000000,0.000000,0.020000,0.000000,0.000000,0.000000,0.000000,0.000000,3.000000,0.000000,-0.000214,0.000688,0.000832,0.000502,0.010135,-0.001404,-0.010017,0.003267,0.007180,0.003529,-0.001793,-0.000114,-0.000423,0.002515,-0.054892,-0.000920,-0.000085,0.000792,0.003611,-0.001733,0.001103,-0.002649,0.007451,-0.010364,0.000120,0.004957,-0.002680,-0.002888,0.000007,0.000220,-0.004536,-0.003259,-0.000444,0.001606,0.000673,0.000391,0.000145,0.003254,0.016877,0.000057,0.012018,0.000037,-0.000705,0.001175,-0.000608,-0.000055,-0.004263,-0.000208,-0.002206,-0.000454,0.005854,-0.006989,-0.000214,3.256713,true,5.093750,4.615121,26.379192,2000-04-15,9.962500,0.026810,0.000000,151,5,2022,0.000000,0.000000,0.000000,false,0.000000,0.013798,0.025602,17.000000,7.235294,0.390244,ATL,0.000000,0.000000,0.000000,0.000000,0.000000,0.000000,0.000000,0.000000,0.000000,0.000000,0.416667,1.176471,0.015625,1.367555,2026,0.302353,0.077500,0.395000,-0.259983,-0.390000,0.000000,0.000000,0.000000,-0.282567,4.000000
166,Jordan Love,QB,GB,00-0036264,131.000000,129,117,4.762174,117,4.762174,-0.090287,-0.097638,-0.064865,-0.097638,5.231935,-44.115417,19,-37,166,-37,0,1.830253,3.349827,0.000000,1.830253,2.000000,0.000000,-0.035044,0.000000,1.000000,3.258097,0.369565,0.310976,0.000000,0.000000,0.000000,0.000000,0.000000,0.000000,0.000000,1420.000000,0.060896,0.611620,0.483193,0.000000,0.000000,1.000000,0.000000,0.000000,0.000000,0.000000,0.000000,0.000000,0.000000,0.000000,-0.016398,13.796000,-0.048945,0.266667,0.085333,0.329412,5.000000,1.000000,0.000000,0.215000,0.000000,0.000000,1.000000,0.000000,0.000000,2.000000,0.000000,0.000846,0.000523,0.000164,-0.001509,0.001075,-0.001404,0.002113,-0.000691,0.007180,-0.001281,-0.000639,0.000200,-0.000062,0.002515,0.010326,-0.000920,-0.000085,0.000792,-0.000773,-0.001733,-0.000014,0.000653,-0.004364,0.009345,0.000317,-0.002214,0.002358,-0.002888,0.000007,0.000220,0.001256,-0.004486,-0.000420,-0.000346,0.000657,-0.002130,0.016481,-0.012125,-0.008376,-0.000034,-0.015362,-0.000003,0.000281,0.001175,0.004202,-0.000055,-0.004263,0.000412,-0.002206,-0.000454,0.002433,-0.006989,0.000821,4.622861,true,0.000000,4.615121,27.830253,1998-11-02,18.768235,-0.015640,0.000000,26,1,2020,0.000000,0.000000,5.000000,false,0.000000,-0.012732,-0.019027,15.000000,15.676000,0.391256,GB,0.000000,0.000000,0.000000,0.000000,0.000000,13.266667,0.000000,0.000000,0.000000,0.000000,0.074074,0.200000,0.000000,-1.284163,2026,0.942667,-0.160000,1.000000,-0.079704,0.408566,0.000000,0.000000,0.000000,-0.090287,6.000000
167,Kyler Murray,QB,MIN,00-0035228,150.500000,149,114,4.736198,114,4.736198,-0.248623,-0.267748,-0.189189,-0.267748,5.244048,-44.115417,18,-18,175,-26,8,3.067762,9.411163,0.000000,3.067762,12.000000,0.000000,-0.040597,1.000000,1.000000,0.000000,0.140312,0.046914,0.000000,0.000000,0.000000,0.000000,0.000000,0.000000,0.000000,1131.140000,-1.436641,0.629365,0.525761,0.000000,0.135802,1.000000,0.000000,0.000000,0.000000,0.000000,0.000000,0.000000,0.000000,0.000000,0.000000,12.076000,-0.014462,0.000000,-1.928706,0.256410,12.000000,0.000000,0.000000,0.004000,0.000000,0.000000,1.000000,0.000000,0.000000,5.000000,0.000000,0.001751,0.000210,0.000164,-0.002868,-0.044222,-0.001404,0.002448,0.003267,0.007180,-0.010188,-0.001589,-0.000263,0.000534,0.002515,0.010326,-0.000920,-0.000085,0.000792,-0.000773,-0.001733,-0.003601,0.011254,-0.001681,0.003623,0.000317,0.000079,0.002358,-0.002888,0.000007,0.000220,0.001256,-0.004486,-0.000420,-0.000346,0.000657,-0.000406,0.014305,-0.004180,0.016877,-0.000236,-0.009011,-0.000074,-0.000705,0.001175,-0.001003,-0.000055,-0.004263,0.000412,-0.002206,-0.000454,0.012696,-0.006989,0.000606,4.338752,true,0.000000,4.615121,29.067762,1997-08-07,23.671250,0.031090,0.000000,1,1,2019,0.000000,0.000000,12.000000,false,0.000000,0.039269,-0.005090,5.000000,15.556000,0.385703,ARI,0.000000,0.000000,0.000000,0.000000,0.000000,34.600000,0.000000,0.000000,0.000000,0.000000,0.050000,0.400000,0.000000,0.239471,2026,0.988000,0.000000,0.995000,0.508808,1.388272,0.000000,0.000000,0.000000,-0.248623,7.000000
168,Tyler Shough,QB,NO,00-0040743,151.200000,150,122,4.804021,122,4.804021,-0.192372,-0.206614,-0.151351,-0.206614,5.231605,-48.119848,20,-18,176,-26,8,0.926762,0.858889,0.000000,0.926762,6.000000,0.000000,-0.059119,0.000000,1.000000,3.688879,0.109244,0.167816,0.000000,0.000000,0.000000,0.000000,0.000000,0.000000,0.000000,1182.280000,-1.171516,0.654329,0.522503,0.004202,0.071264,1.000000,0.000000,0.000000,0.000000,0.000000,0.000000,0.000000,0.000000,0.000000,0.028396,11.905455,0.017722,0.272727,0.000000,0.352941,0.000000,0.000000,0.000000,0.010000,0.000000,2.000000,0.000000,1.000000,0.000000,0.000000,1.000000,0.000186,0.000651,0.000164,-0.000516,-0.017044,-0.001404,0.003565,-0.000691,0.007180,-0.000103,-0.001252,-0.000326,0.000261,0.002515,0.010326,-0.000920,-0.000085,0.000792,-0.000773,-0.001733,-0.002966,0.009377,0.002094,0.004061,0.000308,-0.001011,0.002358,-0.002888,0.000007,0.000220,0.001256,-0.004486,-0.000420,-0.000346,0.000657,0.002580,0.014089,0.003235,-0.008950,-0.000042,-0.017409,0.000047,-0.000705,0.001175,-0.000855,-0.000055,0.004007,-0.000208,0.003513,-0.000454,-0.004409,0.009665,0.000024,3.571093,true,0.000000,4.615121,26.926762,1999-09-28,14.360000,-0.009312,0.000000,40,2,2025,0.000000,0.000000,0.000000,false,0.000000,0.007946,-0.001205,11.000000,14.360000,0.367182,NO,0.000000,0.000000,0.000000,0.000000,0.000000,16.909091,0.000000,0.000000,0.000000,0.000000,0.352941,1.100000,0.000000,-0.251348,2026,0.834545,0.410000,0.995000,0.239327,0.783272,0.000000,0.000000,0.000000,-0.192372,1.000000
169,Hunter Henry,TE,NE,00-0033090,145.600000,141,156,5.049856,156,5.049856,0.094708,0.101096,0.081081,0.101096,4.532640,-57.468750,19,-28,112,29,-57,5.734428,32.883670,0.000000,0.000000,0.000000,0.000000,0.048514,0.000000,1.000000,3.555348,0.271784,0.098990,0.043290,0.151861,0.000000,0.000000,0.000000,0.000000,0.000000,1640.360000,1.203308,0.605294,0.493347,0.000000,0.000000,1.000000,0.000000,0.000000,0.271784,0.000000,0.174187,0.157558,0.001178,-0.014596,0.000000,-0.082353,0.022631,0.117647,1.430147,0.134228,1.000000,0.000000,0.000000,0.035000,0.000000,0.000000,0.000000,1.000000,0.000000,6.000000,0.000000,0.003701,-0.001002,0.000164,0.000502,0.010135,-0.001404,-0.002925,-0.000691,0.007180,-0.000468,0.000471,0.000003,0.000417,0.001059,-0.009482,-0.000920,-0.000085,0.000792,-0.000773,-0.001733,0.002723,-0.007434,-0.005320,0.007980,0.000317,-0.002214,0.002358,-0.002888,0.000007,-0.000225,0.001256,0.002164,0.000150,0.001776,0.003420,-0.000406,-0.001077,0.004365,0.005736,0.000101,0.001619,0.000037,-0.000705,0.001175,-0.000238,-0.000055,-0.004263,-0.000208,0.003513,-0.000454,0.016117,-0.006989,0.001304,5.260724,true,0.000000,4.615121,31.734428,1994-12-07,12.516667,-0.061853,0.000000,35,2,2016,26.470588,0.000000,0.000000,false,0.000000,0.013224,0.011405,17.000000,10.517647,0.234899,NE,0.000000,0.000000,0.000000,0.000000,0.000000,0.000000,0.000000,0.000000,0.000000,0.222222,0.000000,1.294118,0.333333,0.494341,2026,0.794118,-0.110000,0.902500,-0.385357,0.153346,0.000000,0.000000,0.000000,0.094708,10.000000
170,Kenyon Sadiq,TE,NYJ,SAD482340,151.200000,152,179,5.187386,170,5.135798,0.154151,0.163505,0.145946,0.163505,4.485445,-57.468750,23,-18,158,-6,-12,-4.505133,20.296228,-0.000000,-0.000000,0.000000,0.940741,-0.186385,0.000000,0.000000,2.772589,0.241870,0.256579,0.000000,0.000000,0.000000,0.000000,0.000000,1.000000,0.000000,1143.360000,-1.373289,0.609082,0.518987,0.197154,0.000000,1.000000,1.000000,0.000000,0.241870,0.000000,0.000000,0.000000,0.000000,0.000000,0.000000,0.000000,0.000000,0.000000,0.000000,0.000000,0.000000,0.000000,0.000000,0.000000,0.000000,0.000000,1.000000,0.000000,0.000000,0.000000,0.000000,-0.003785,-0.000352,0.000164,0.000502,0.010135,0.013009,0.011239,-0.000691,-0.052461,-0.002608,0.000828,-0.000058,0.000061,0.002515,0.010326,-0.000920,-0.000085,0.000792,0.003611,-0.001733,-0.003449,0.010806,-0.004748,0.004533,-0.000092,-0.002214,0.002358,0.025501,0.000007,-0.000176,0.001256,-0.004486,-0.000420,-0.000346,0.000657,-0.000406,-0.000973,-0.000848,0.016877,-0.000042,0.013297,0.000047,-0.000705,0.001175,-0.001102,-0.000055,-0.004263,0.000412,-0.002206,-0.000454,-0.004409,-0.006989,-0.002682,-0.000000,false,0.000000,4.615121,21.494867,2005-03-04,0.000000,-0.012828,0.000000,16,1,2026,0.000000,0.000000,0.000000,true,0.000000,0.032800,0.003272,0.000000,0.000000,0.000000,,0.000000,0.000000,0.000000,0.000000,0.000000,0.000000,1.000000,2.829530,0.468911,0.000000,0.000000,0.000000,0.000000,0.000000,2026,0.000000,0.000000,0.000000,-0.720789,-0.002537,0.000000,0.000000,0.000000,0.154151,0.000000
171,T.J. Hockenson,TE,MIN,00-0035229,154.900000,157,168,5.123964,166,5.111988,0.063790,0.067718,0.059459,0.067718,4.491506,-57.468750,21,-14,170,-13,-1,3.163587,10.008280,0.000000,0.000000,2.000000,0.000000,-0.026811,0.000000,1.000000,2.079442,0.140312,0.046914,0.000000,0.136576,1.000000,3.018000,0.000000,0.000000,0.000000,1131.140000,-1.436641,0.629365,0.525761,0.048998,0.000000,1.000000,0.000000,3.018000,0.140312,0.000000,0.159430,0.101001,-0.003088,-0.030690,0.005000,-0.655333,-0.013053,0.000000,-1.130000,0.170940,9.000000,1.000000,0.000000,0.034000,0.000000,0.000000,1.000000,0.000000,0.000000,2.000000,0.000000,0.001821,0.000179,0.000164,0.000502,0.001075,-0.001404,0.001617,-0.000691,0.007180,-0.004503,0.000286,-0.000263,0.000534,0.002515,-0.007488,0.005695,0.005618,0.000792,-0.000773,-0.001733,-0.003601,0.011254,-0.001681,0.003623,0.000215,-0.002214,0.002358,-0.002888,-0.000483,-0.000010,0.001256,0.001601,-0.000054,-0.005911,0.006467,0.000120,-0.001802,-0.003856,0.016877,-0.000156,-0.001575,-0.000044,0.000281,0.001175,-0.000263,-0.000055,-0.004263,0.000412,-0.002206,-0.000454,0.002433,-0.006989,-0.000839,2.432561,true,0.000000,4.615121,29.163587,1997-07-03,14.600000,0.031090,0.000000,8,1,2019,34.600000,0.000000,0.000000,false,0.000000,0.039269,-0.005090,15.000000,7.520000,0.159574,MIN,0.000000,0.000000,0.000000,0.000000,0.000000,0.000000,0.000000,0.000000,0.000000,0.105263,0.000000,0.733333,0.142857,-0.247996,2026,0.779333,-0.057500,0.880000,0.196235,1.045993,0.000000,0.000000,0.000000,0.063790,7.000000
172,Brenton Strange,TE,JAX,00-0038935,155.600000,158,146,4.983607,146,4.983607,-0.074108,-0.078988,-0.064865,-0.078988,4.518554,-57.468750,20,-14,171,-13,-1,-0.321697,0.103489,-0.000000,-0.000000,5.000000,0.000000,-0.033843,0.000000,1.000000,4.110874,0.221477,0.548454,0.000000,0.171442,0.000000,0.000000,0.000000,0.000000,0.000000,1570.240000,0.839785,0.629713,0.551341,0.043624,0.000000,1.000000,0.000000,0.000000,0.221477,0.000000,0.156122,0.122781,0.001553,-0.010400,0.000000,-0.081667,-0.007829,0.000000,3.326190,0.392157,6.000000,0.000000,0.000000,0.040000,0.000000,0.000000,0.000000,1.000000,0.000000,0.000000,1.000000,-0.000727,0.000690,0.000164,0.000502,-0.012514,-0.001404,0.002041,-0.000691,0.007180,0.001051,-0.000542,-0.000099,-0.000597,0.002515,-0.012036,-0.000920,-0.000085,0.000792,-0.000773,-0.001733,0.001852,-0.004861,-0.001628,0.000184,0.000226,-0.002214,0.002358,-0.002888,0.000007,-0.000143,0.001256,0.001475,0.000024,0.002451,0.002626,-0.000406,-0.001076,-0.002652,0.016877,0.000292,-0.020821,-0.000013,-0.000705,0.001175,-0.000115,-0.000055,-0.004263,-0.000208,0.003513,-0.000454,-0.004409,0.009665,0.000647,4.392768,true,0.000000,4.615121,25.678303,2000-12-27,9.833333,0.019526,0.000000,61,2,2023,21.117647,0.000000,0.000000,false,0.000000,-0.001611,0.003145,12.000000,9.833333,0.152542,JAX,0.000000,0.000000,0.000000,0.000000,0.000000,0.000000,0.000000,0.000000,0.000000,0.071429,0.000000,0.833333,0.114943,0.163718,2026,0.748333,-0.067500,0.847500,0.410560,1.854816,0.000000,0.000000,0.000000,-0.074108,3.000000
173,Oronde Gadsden,TE,LAC,00-0040189,158.800000,164,157,5.056246,157,5.056246,-0.041061,-0.043621,-0.037838,-0.043621,4.532743,-57.468750,18,-9,172,-8,-1,-2.813142,7.913766,-0.000000,-0.000000,2.000000,0.000000,-0.049399,0.000000,1.000000,5.105945,0.292818,0.071584,0.128466,0.000000,0.000000,0.000000,0.000000,0.000000,0.000000,1410.420000,0.011230,0.650374,0.540837,0.000000,0.000000,1.000000,0.000000,0.000000,0.292818,0.000000,0.144224,0.170375,-0.001126,-0.000519,0.000000,-1.052000,-0.014351,0.066667,0.000000,0.117647,0.000000,0.000000,0.000000,0.004000,0.000000,2.000000,0.000000,0.000000,0.000000,0.000000,1.000000,-0.002548,0.000287,0.000164,0.000502,0.001075,-0.001404,0.002979,-0.000691,0.007180,0.003771,-0.000343,0.000045,0.000479,-0.001807,0.010326,-0.000920,-0.000085,0.000792,-0.000773,-0.001733,-0.000133,0.001005,0.001496,0.001596,0.000317,-0.002214,0.002358,-0.002888,0.000007,-0.000260,0.001256,0.001021,0.000197,-0.002375,0.000756,-0.000406,-0.002303,-0.004155,0.010564,-0.000042,0.003062,0.000047,-0.000705,0.001175,-0.001003,-0.000055,0.004007,-0.000208,-0.002206,-0.000454,-0.004409,0.009665,-0.000014,3.520632,true,0.000000,4.615121,23.186858,2003-06-25,8.760000,-0.058219,0.000000,165,5,2025,31.125000,0.000000,0.000000,false,0.000000,0.023027,0.031096,15.000000,8.760000,0.136986,LAC,0.000000,0.000000,0.000000,0.000000,0.000000,0.000000,0.000000,0.000000,0.000000,0.139535,0.000000,1.000000,0.189873,-0.910356,2026,0.626000,0.072500,0.810000,-0.264319,-0.943713,0.000000,0.000000,0.000000,-0.041061,1.000000
174,Dalton Schultz,TE,HOU,00-0034383,173.000000,182,166,5.111988,165,5.105945,-0.087011,-0.092019,-0.086486,-0.092019,4.486895,-57.468750,22,8,174,8,0,4.140999,17.147875,0.000000,0.000000,0.000000,0.000000,-0.085091,0.000000,1.000000,4.919981,0.180000,0.286022,0.021008,0.169294,0.000000,0.000000,0.000000,0.000000,0.000000,1372.140000,-0.187225,0.655400,0.541872,0.029091,0.008602,1.000000,0.000000,0.000000,0.180000,0.000000,0.190646,0.159501,0.000310,0.012466,0.000000,-1.613529,-0.029527,0.058824,3.500000,0.203008,1.000000,0.000000,0.000000,0.042000,0.000000,0.000000,0.000000,0.000000,0.000000,4.000000,0.000000,0.002536,-0.000190,0.000164,0.000502,0.010135,-0.001404,0.005131,-0.000691,0.007180,0.003263,-0.000619,-0.000183,-0.000005,0.001808,-0.011756,-0.000920,-0.000085,0.000792,-0.000773,-0.001733,-0.000608,0.002409,0.002256,0.001457,0.000256,-0.002069,0.002358,-0.002888,0.000007,-0.000075,0.001256,0.002793,0.000157,0.000212,-0.001702,-0.000406,-0.003014,-0.007651,0.011306,0.000309,-0.004365,0.000037,-0.000705,0.001175,-0.000066,-0.000055,-0.004263,-0.000208,-0.002206,-0.000454,0.009275,-0.006989,0.001371,5.349139,true,0.000000,4.615121,30.140999,1996-07-11,12.282353,0.015308,0.000000,137,4,2018,14.928571,0.000000,0.000000,false,0.000000,-0.017239,0.027678,17.000000,10.452941,0.101294,HOU,0.000000,0.000000,0.000000,0.000000,0.000000,0.000000,0.000000,0.000000,0.000000,0.128205,0.000000,0.705882,0.151899,-1.976731,2026,0.710588,0.017500,0.810000,0.093605,0.750404,0.000000,0.000000,0.000000,-0.087011,8.000000
175,Sam Darnold,QB,SEA,00-0034869,144.800000,140,136,4.912655,136,4.912655,-0.027029,-0.028988,-0.021622,-0.028988,5.146440,-58.589432,23,-35,167,-27,-8,3.240246,10.499197,0.000000,3.240246,0.000000,0.000000,-0.001528,0.000000,1.000000,1.098612,0.076628,0.445525,0.000000,0.000000,0.000000,0.000000,0.000000,0.000000,0.000000,1561.000000,0.791882,0.632415,0.503861,0.000000,0.017510,1.000000,0.000000,0.000000,0.000000,0.000000,0.000000,0.000000,0.000000,0.000000,0.039829,12.612941,-0.048945,0.235294,-4.267059,0.248120,0.000000,0.000000,0.000000,0.120000,0.000000,0.000000,1.000000,0.000000,0.000000,1.000000,0.000000,0.001877,0.000154,0.000164,-0.003058,0.010135,-0.001404,0.000092,-0.000691,0.007180,-0.007184,-0.000259,-0.000391,-0.000365,0.002515,0.010326,-0.000920,-0.000085,0.000792,-0.000773,-0.001733,0.001737,-0.004522,-0.001219,0.006567,0.000317,-0.001919,0.002358,-0.002888,0.000007,0.000220,0.001256,-0.004486,-0.000420,-0.000346,0.000657,0.003782,0.014984,-0.012125,-0.005405,-0.000471,-0.008290,0.000047,-0.000705,0.001175,0.001859,-0.000055,-0.004263,0.000412,-0.002206,-0.000454,-0.000988,-0.006989,0.000154,3.742551,true,0.000000,4.615121,29.240246,1997-06-05,18.115294,0.016319,0.000000,3,1,2018,0.000000,0.000000,0.000000,false,0.000000,-0.013156,0.036960,17.000000,13.848235,0.424773,SEA,0.000000,0.000000,0.000000,0.000000,0.000000,5.588235,0.000000,0.000000,0.000000,0.000000,0.066667,0.333333,0.000000,-1.293954,2026,0.961765,0.080000,1.000000,0.091507,-0.360846,0.000000,0.000000,0.000000,-0.027029,8.000000
176,C.J. Stroud,QB,HOU,00-0039163,148.500000,145,135,4.905275,135,4.905275,-0.066691,-0.071459,-0.054054,-0.071459,5.176582,-58.589432,21,-31,168,-23,-8,-1.088296,1.184388,-0.000000,-1.088296,3.000000,0.000000,-0.033091,0.000000,1.000000,0.693147,0.180000,0.286022,0.000000,0.000000,0.000000,0.000000,0.000000,0.000000,0.000000,1372.140000,-0.187225,0.655400,0.541872,0.000000,0.027957,1.000000,0.000000,0.000000,0.000000,0.000000,0.000000,0.000000,0.000000,0.000000,-0.022954,12.838571,-0.028111,0.214286,1.932185,0.098039,3.000000,0.000000,0.000000,0.040000,0.000000,4.000000,1.000000,0.000000,0.000000,2.000000,0.000000,-0.001287,0.000635,0.000164,0.001697,-0.003454,-0.001404,0.001995,-0.000691,0.007180,-0.008293,-0.000497,-0.000183,-0.000005,0.002515,0.010326,-0.000920,-0.000085,0.000792,-0.000773,-0.001733,-0.000608,0.002409,0.002256,0.001457,0.000317,-0.001742,0.002358,-0.002888,0.000007,0.000220,0.001256,-0.004486,-0.000420,-0.000346,0.000657,-0.002819,0.015269,-0.007325,-0.003416,0.000152,0.004768,0.000017,-0.000705,0.001175,-0.000115,-0.000055,0.012277,0.000412,-0.002206,-0.000454,0.002433,-0.006989,0.000913,4.743806,true,0.000000,4.615121,24.911704,2001-10-03,18.334667,0.015308,0.000000,2,1,2023,0.000000,0.000000,3.000000,false,0.000000,-0.017239,0.027678,14.000000,14.895714,0.393210,HOU,0.000000,0.000000,0.000000,0.000000,0.000000,14.928571,0.000000,0.000000,0.000000,0.000000,0.080000,0.214286,0.000000,-0.364735,2026,0.912143,-0.087500,1.000000,0.649985,1.634154,0.000000,0.000000,0.000000,-0.066691,3.000000
177,Malik Willis,QB,MIA,00-0038128,159.800000,165,132,4.882802,132,4.882802,-0.208959,-0.223144,-0.178378,-0.223144,5.118474,-58.589432,25,-12,177,-12,0,1.271732,1.617301,0.000000,1.271732,13.000000,0.000000,0.042633,1.000000,1.000000,4.454347,0.530303,0.064815,0.000000,0.000000,0.000000,0.000000,0.000000,0.000000,1.000000,1269.480000,-0.719445,0.624035,0.516779,0.002165,0.018519,1.000000,0.000000,0.000000,0.000000,0.000000,0.000000,0.000000,0.000000,0.000000,0.000000,9.495000,0.041964,0.250000,4.161667,0.720588,2.000000,0.000000,0.000000,0.075000,0.000000,0.000000,0.000000,1.000000,0.000000,0.000000,1.000000,0.000438,0.000612,0.000164,-0.000895,-0.048752,-0.001404,-0.002571,0.003267,0.007180,0.001990,-0.001351,0.000525,0.000494,0.002515,0.010326,-0.000920,-0.000085,0.000792,-0.000773,0.007096,-0.001883,0.006177,-0.002487,0.004830,0.000312,-0.001902,0.002358,-0.002888,0.000007,0.000220,0.001256,-0.004486,-0.000420,-0.000346,0.000657,-0.000406,0.011039,0.008820,-0.006798,0.000376,-0.049395,0.000027,-0.000705,0.001175,0.000748,-0.000055,-0.004263,-0.000208,0.003513,-0.000454,-0.004409,0.009665,-0.000786,2.502132,true,0.000000,4.615121,27.271732,1999-05-25,12.795000,0.000000,0.000000,86,3,2022,0.000000,0.000000,2.000000,false,0.000000,0.006216,0.047916,4.000000,12.795000,0.468933,GB,0.000000,0.000000,0.000000,0.000000,0.000000,30.750000,0.000000,0.000000,0.000000,0.000000,0.037037,0.750000,0.000000,1.159422,2026,0.422500,0.000000,0.422500,-0.516382,-1.454669,0.000000,0.000000,0.000000,-0.208959,4.000000
178,Daniel Jones,QB,IND,00-0035710,160.100000,166,153,5.030438,153,5.030438,-0.076734,-0.081550,-0.070270,-0.081550,5.062694,-58.589432,26,-12,178,-12,0,3.264887,10.659488,0.000000,3.264887,4.000000,0.000000,0.041815,0.000000,1.000000,1.791759,0.254864,0.058824,0.000000,0.000000,0.000000,0.000000,0.000000,0.000000,0.000000,1488.400000,0.415502,0.600847,0.537657,0.001946,0.022624,1.000000,0.000000,0.000000,0.000000,0.000000,0.000000,0.000000,0.000000,0.000000,-0.020579,15.341538,0.062166,0.384615,3.888462,0.290598,4.000000,0.000000,0.000000,0.146000,0.000000,0.000000,1.000000,0.000000,0.000000,3.000000,0.000000,0.001895,0.000145,0.000164,-0.003085,-0.007984,-0.001404,-0.002521,-0.000691,0.007180,-0.005289,-0.000558,-0.000031,0.000507,0.002515,0.010326,-0.000920,-0.000085,0.000792,-0.000773,-0.001733,0.000836,-0.001857,-0.005993,0.002024,0.000313,-0.001832,0.002358,-0.002888,0.000007,0.000220,0.001256,-0.004486,-0.000420,-0.000346,0.000657,-0.002570,0.018436,0.013474,-0.019546,0.000348,-0.011985,0.000007,-0.000705,0.001175,0.002500,-0.000055,-0.004263,0.000412,-0.002206,-0.000454,0.005854,-0.006989,0.003414,8.044765,true,0.000000,4.615121,29.264887,1997-05-27,18.062500,-0.015208,0.000000,6,1,2019,0.000000,0.000000,4.000000,false,0.000000,-0.017145,-0.020534,13.000000,17.418462,0.468115,IND,0.000000,0.000000,0.000000,0.000000,0.000000,12.615385,0.000000,0.000000,0.000000,0.000000,0.166667,0.769231,0.000000,1.771119,2026,0.914615,-0.162500,1.000000,0.385694,-0.019963,0.000000,0.000000,0.000000,-0.076734,7.000000
179,Bryce Young,QB,CAR,00-0039150,163.700000,173,151,5.017280,151,5.017280,-0.128082,-0.136012,-0.118919,-0.136012,5.124704,-58.589432,24,-6,179,-6,0,-0.896646,0.803974,-0.000000,-0.896646,1.000000,0.000000,0.050676,0.000000,1.000000,0.000000,0.158333,0.523913,0.000000,0.000000,0.000000,0.000000,0.000000,0.000000,0.000000,1245.260000,-0.845008,0.645166,0.510638,0.000000,0.000000,1.000000,0.000000,0.000000,0.000000,0.000000,0.000000,0.000000,0.000000,0.000000,0.088899,11.602500,-0.011908,0.187500,-0.302500,0.098039,1.000000,0.000000,0.000000,0.042000,0.000000,4.000000,1.000000,0.000000,0.000000,1.000000,0.000000,-0.001147,0.000654,0.000164,0.001487,0.005605,-0.001404,-0.003056,-0.000691,0.007180,-0.010188,-0.000866,-0.000226,-0.000542,0.002515,0.010326,-0.000920,-0.000085,0.000792,-0.000773,-0.001733,-0.002184,0.007066,0.000709,0.005656,0.000317,-0.002214,0.002358,-0.002888,0.000007,0.000220,0.001256,-0.004486,-0.000420,-0.000346,0.000657,0.008942,0.013706,-0.003592,-0.000879,-0.000073,0.004768,0.000037,-0.000705,0.001175,-0.000066,-0.000055,0.012277,0.000412,-0.002206,-0.000454,-0.000988,-0.006989,0.000480,4.172653,true,0.000000,4.615121,25.103354,2001-07-25,13.930000,-0.000042,0.000000,1,1,2023,0.000000,0.000000,1.000000,false,0.000000,-0.005250,-0.029628,16.000000,13.627500,0.476977,CAR,0.000000,0.000000,0.000000,0.000000,0.000000,13.500000,0.000000,0.000000,0.000000,0.000000,0.142857,0.312500,0.000000,0.305001,2026,0.967500,0.052500,1.000000,-0.242610,0.196801,0.000000,0.000000,0.000000,-0.128082,3.000000
180,Cam Ward,QB,TEN,00-0040676,167.000000,176,147,4.990433,147,4.990433,-0.169501,-0.180051,-0.156757,-0.180051,5.171793,-58.589432,22,-4,180,-4,0,-1.728953,2.989278,-0.000000,-1.728953,0.000000,0.000000,-0.040572,0.000000,1.000000,0.000000,0.280943,0.000000,0.000000,0.000000,0.000000,0.000000,0.000000,0.000000,1.000000,1115.640000,-1.516997,0.660697,0.573844,0.000000,0.000000,1.000000,0.000000,0.000000,0.000000,0.000000,0.000000,0.000000,0.000000,0.000000,-0.023737,9.603529,0.002337,0.058824,0.000000,0.000000,0.000000,0.000000,0.000000,0.044000,0.000000,2.000000,1.000000,0.000000,0.000000,0.000000,1.000000,-0.001756,0.000541,0.000164,0.002401,0.010135,-0.001404,0.002447,-0.000691,0.007180,-0.010188,-0.001114,0.000021,0.000640,0.002515,0.010326,-0.000920,-0.000085,0.000792,-0.000773,0.007096,-0.003794,0.011823,0.003057,-0.002840,0.000317,-0.002214,0.002358,-0.002888,0.000007,0.000220,0.001256,-0.004486,-0.000420,-0.000346,0.000657,-0.002902,0.011177,-0.000310,0.011306,-0.000042,0.013297,0.000047,-0.000705,0.001175,-0.000016,-0.000055,0.004007,0.000412,-0.002206,-0.000454,-0.004409,0.009665,-0.001652,1.359043,true,0.000000,4.615121,24.271047,2002-05-25,10.980000,0.058196,0.016166,1,1,2025,0.000000,0.000000,0.000000,false,0.000000,0.021608,-0.008104,17.000000,10.980000,0.385728,TEN,0.000000,0.000000,0.000000,0.000000,0.000000,9.352941,0.000000,0.000000,0.000000,0.000000,0.166667,0.571429,0.000000,0.172713,2026,0.946471,-0.227500,1.000000,0.715521,1.308272,0.000000,0.000000,0.000000,-0.169501,1.000000
181,Fernando Mendoza,QB,LV,MEN516487,171.700000,181,218,5.384495,181,5.198497,0.177072,0.185998,0.200000,0.185998,5.016254,-58.589432,27,0,181,0,0,-3.081451,9.495341,-0.000000,-3.081451,0.000000,0.996296,-0.426301,0.000000,0.000000,0.000000,0.165236,0.216802,0.000000,0.000000,0.000000,0.000000,0.000000,0.000000,1.000000,1074.600000,-1.729761,0.688908,0.558084,0.000000,0.002710,1.000000,1.000000,0.000000,0.000000,0.000000,0.000000,0.000000,0.000000,0.000000,0.000000,0.000000,0.000000,0.000000,0.000000,0.000000,0.000000,0.000000,0.000000,0.000000,0.000000,0.000000,1.000000,0.000000,0.000000,0.000000,0.000000,-0.002744,0.000206,0.000164,0.003887,0.010135,0.013860,0.025707,-0.000691,-0.052461,-0.010188,0.000966,-0.000212,0.000151,0.002515,0.010326,-0.000920,-0.000085,0.000792,-0.000773,0.007096,-0.004303,0.013329,0.007323,-0.000722,0.000317,-0.002169,0.002358,0.025501,0.000007,0.000220,0.001256,-0.004486,-0.000420,-0.000346,0.000657,-0.000406,-0.000973,-0.000848,0.016877,-0.000042,0.013297,0.000047,-0.000705,0.001175,-0.001102,-0.000055,-0.004263,0.000412,-0.002206,-0.000454,-0.004409,-0.006989,-0.002682,-0.000000,false,0.000000,4.615121,22.918549,2003-10-01,0.000000,0.000000,0.000000,1,1,2026,0.000000,0.000000,0.000000,true,0.000000,0.041588,0.088788,0.000000,0.000000,0.000000,,0.000000,0.000000,0.000000,0.000000,0.000000,0.000000,1.000000,5.602119,0.380623,0.000000,0.000000,0.000000,0.000000,0.000000,2026,0.000000,0.000000,0.000000,-1.054859,-1.347610,0.000000,0.000000,0.000000,0.177072,0.000000
182,Jordan James,RB,SF,00-0040177,144.600000,139,246,5.505332,185,5.220356,0.541231,0.570858,0.578378,0.570858,3.970487,-64.781019,56,-43,108,31,-74,-3.574264,12.775365,-3.574264,-0.000000,0.000000,0.455556,-0.224132,0.000000,0.000000,4.990433,0.298893,0.195426,0.000000,0.153662,1.000000,7.887071,0.000000,0.000000,0.000000,1560.220000,0.787839,0.653626,0.529814,0.289668,0.650728,2.000000,0.000000,0.000000,0.000000,0.195426,0.000000,0.000000,0.000000,0.000000,0.000000,0.000000,0.000000,0.000000,0.000000,0.000000,1.000000,0.000000,0.000000,0.004000,0.000000,2.000000,0.000000,0.000000,0.000000,0.000000,0.000000,-0.003105,0.000036,-0.006132,0.000502,0.010135,0.005576,0.013516,-0.000691,-0.052461,0.003455,0.003151,0.000058,0.000199,0.002515,-0.009717,0.005695,0.014818,0.000792,-0.000773,-0.001733,0.001727,-0.004493,0.001988,0.003078,-0.000284,0.008775,-0.002680,-0.002888,0.000007,0.000220,-0.001146,-0.004486,-0.000420,-0.000346,0.000657,-0.000406,-0.000973,-0.000848,0.016877,-0.000042,0.013297,0.000037,-0.000705,0.001175,-0.001003,-0.000055,0.004007,-0.000208,-0.002206,-0.000454,-0.004409,-0.006989,-0.002682,-0.000000,false,4.905275,4.615121,22.425736,2004-03-29,0.000000,-0.023672,0.000000,147,5,2025,0.000000,0.000000,0.000000,false,0.000000,-0.022154,0.004290,0.000000,0.000000,0.000000,,0.000000,0.000000,0.000000,0.000000,0.000000,0.000000,1.000000,0.611686,0.225190,0.000000,0.000000,0.000000,0.000000,0.000000,2026,0.016667,0.000000,0.000000,-0.074170,0.085000,0.000000,0.000000,0.000000,0.541231,1.000000
183,Jaydon Blue,RB,DAL,00-0040586,146.400000,144,229,5.433722,183,5.209486,0.439511,0.463909,0.459459,0.463909,3.905785,-64.781019,57,-39,128,16,-55,-3.352498,11.239245,-3.352498,-0.000000,12.000000,0.000000,0.069985,0.000000,1.000000,5.003946,0.069193,0.043011,0.000000,0.000000,0.000000,0.000000,0.000000,0.000000,0.000000,1689.500000,1.458065,0.638355,0.566231,0.120264,0.698925,2.000000,0.000000,0.000000,0.000000,0.043011,0.006667,-0.004717,0.000000,0.000000,0.000000,-0.710000,-0.006868,0.000000,0.000000,0.705882,0.000000,0.000000,0.000000,0.004000,0.000000,2.000000,0.000000,0.000000,0.000000,0.000000,1.000000,-0.002942,0.000115,-0.005741,0.000502,-0.044222,-0.001404,-0.004220,-0.000691,0.007180,0.003492,0.002541,-0.000406,0.000543,0.002515,0.010326,-0.000920,-0.000085,0.000792,-0.000773,-0.001733,0.003333,-0.009238,-0.000321,-0.001817,0.000067,0.009589,-0.002680,-0.002888,0.000007,0.000220,0.000728,-0.004231,-0.000437,-0.000346,0.000657,-0.000406,-0.001871,-0.002431,0.016877,-0.000042,-0.048116,0.000047,-0.000705,0.001175,-0.001003,-0.000055,0.004007,-0.000208,-0.002206,-0.000454,-0.004409,0.009665,-0.001932,0.990232,true,4.691348,4.615121,22.647502,2004-01-08,4.080000,0.034416,0.000000,149,5,2025,0.000000,0.000000,0.000000,false,0.000000,-0.019691,-0.037530,5.000000,4.080000,0.294118,DAL,0.000000,0.000000,0.000000,0.000000,0.000000,0.000000,0.000000,0.000000,0.000000,0.000000,0.030303,0.400000,0.000000,0.052317,2026,0.256000,0.000000,0.297500,0.541055,1.599706,0.000000,0.000000,0.000000,0.439511,1.000000
184,Jonah Coleman,RB,DEN,COL293648,173.100000,183,159,5.068904,159,5.068904,-0.132791,-0.140582,-0.129730,-0.140582,4.113989,-64.781019,54,-1,183,0,-1,-2.966461,8.799893,-2.966461,-0.000000,0.000000,0.600000,-0.224132,0.000000,0.000000,4.682131,0.000000,0.000000,0.000000,0.000000,0.000000,0.000000,0.000000,0.000000,0.000000,1494.540000,0.447334,0.625945,0.564054,0.198305,0.776316,3.000000,1.000000,0.000000,0.000000,0.000000,0.000000,0.000000,0.000000,0.000000,0.000000,0.000000,0.000000,0.000000,0.000000,0.000000,0.000000,0.000000,0.000000,0.000000,0.000000,0.000000,0.000000,0.000000,0.000000,0.000000,0.000000,-0.002660,0.000241,-0.005061,0.000502,0.010135,0.007788,0.013516,-0.000691,-0.052461,0.002612,-0.000894,-0.000546,0.000640,0.002515,0.010326,-0.000920,-0.000085,0.000792,-0.000773,-0.001733,0.000912,-0.002083,-0.002198,-0.001524,-0.000095,0.010896,-0.007719,0.025501,0.000007,0.000220,0.001256,-0.004486,-0.000420,-0.000346,0.000657,-0.000406,-0.000973,-0.000848,0.016877,-0.000042,0.013297,0.000047,-0.000705,0.001175,-0.001102,-0.000055,-0.004263,-0.000208,-0.002206,-0.000454,-0.004409,-0.006989,-0.002682,-0.000000,false,4.477337,4.615121,23.033539,2003-08-20,0.000000,0.013948,0.000000,108,4,2026,0.000000,0.000000,0.000000,true,0.000000,-0.031055,-0.002697,0.000000,0.000000,0.000000,,0.000000,0.000000,0.000000,0.000000,0.000000,0.000000,1.000000,0.919988,0.000000,0.000000,0.000000,0.000000,0.000000,0.000000,2026,0.000000,0.000000,0.000000,-0.359291,-1.645882,0.000000,0.000000,0.000000,-0.132791,0.000000
185,Ray Davis,RB,BUF,00-0039875,173.800000,184,180,5.192957,171,5.141664,-0.020834,-0.021979,-0.021622,-0.021979,4.083991,-64.781019,55,-1,184,0,-1,0.806297,0.650115,0.806297,0.000000,0.000000,0.000000,-0.036925,0.000000,1.000000,4.852030,0.162698,0.031079,0.000000,0.000000,0.000000,0.000000,0.000000,0.000000,0.000000,1656.240000,1.285635,0.574554,0.479543,0.144841,0.656307,2.000000,0.000000,0.000000,0.000000,0.031079,0.028367,0.004430,0.002006,0.048011,0.045545,0.572353,-0.004340,0.058824,-3.485662,0.029412,1.000000,1.000000,0.000000,0.005000,0.000000,3.000000,0.000000,0.000000,0.000000,1.000000,0.000000,0.000098,0.000662,0.001584,0.000502,0.010135,-0.001404,0.002227,-0.000691,0.007180,0.003077,-0.000222,-0.000218,0.000570,0.002515,0.010326,-0.000920,-0.000085,0.000792,-0.000773,-0.001733,0.002920,-0.008017,-0.009968,0.009835,0.000016,0.008869,-0.002680,-0.002888,0.000007,0.000220,0.000874,-0.003403,-0.000404,0.003269,-0.008430,0.004383,-0.000248,-0.001848,0.011306,-0.000393,0.010738,0.000037,0.000281,0.001175,-0.000978,-0.000055,0.008142,-0.000208,-0.002206,-0.000454,-0.000988,-0.006989,-0.002315,0.484688,true,5.141664,4.615121,26.806297,1999-11-11,7.256250,-0.024587,0.000000,128,4,2024,0.000000,0.000000,0.000000,false,0.000000,0.002375,-0.044101,17.000000,3.770588,0.187207,BUF,0.000000,0.000000,0.000000,0.000000,0.000000,0.000000,0.000000,0.000000,0.000000,0.000000,0.046512,0.615385,0.064103,-1.107981,2026,0.142941,0.120000,0.332500,-0.453408,-2.806176,0.000000,0.000000,0.000000,-0.020834,2.000000
