season,gsis_id,prop_mvp,prop_pass_yds,prop_pass_td,prop_rush_yds,prop_rush_td,prop_rec_yds,prop_rec_td,prop_oroy,prop_comeback,prop_n_markets,has_prop,prop_market_seasons
2012,00-0010346,0.04771315273952326,0.054143059326221765,0.0,0.0,0.0,0.0,0.0,0.0,0.0,2,true,5
2012,00-0019596,0.08861014080197176,0.1407719542481766,0.0,0.0,0.0,0.0,0.0,0.0,0.0,2,true,5
2012,00-0020245,0.05638827141943657,0.01380117198511535,0.0,0.0,0.0,0.0,0.0,0.0,0.0,2,true,5
2012,00-0020498,0.0,0.0,0.0,0.0,0.0,0.010362052076114311,0.0,0.0,0.0,1,true,5
2012,00-0020531,0.06891899840153358,0.1407719542481766,0.0,0.0,0.0,0.0,0.0,0.0,0.0,2,true,5
2012,00-0021429,0.0,0.027071529663110883,0.0,0.0,0.0,0.0,0.0,0.0,0.0,1,true,5
2012,00-0021678,0.029536713600657252,0.04140351595534605,0.0,0.0,0.0,0.0,0.0,0.0,0.0,2,true,5
2012,00-0022044,0.01824326428275889,0.0,0.0,0.0,0.0,0.0771397210110732,0.0,0.0,0.0,2,true,5
2012,00-0022097,0.0,0.0,0.0,0.0,0.0,0.030185108221724297,0.0,0.0,0.0,1,true,5
2012,00-0022178,0.0,0.0,0.0,0.018638213565827014,0.0,0.0,0.0,0.0,0.0,1,true,5
2012,00-0022427,0.012162176188505928,0.0,0.0,0.0,0.0,0.036539867847350464,0.0,0.0,0.0,2,true,5
2012,00-0022736,0.0,0.0,0.0,0.03638889315232893,0.0,0.0,0.0,0.0,0.0,1,true,5
2012,00-0022787,0.02696830372233923,0.024271026594513204,0.0,0.0,0.0,0.0,0.0,0.0,0.0,2,true,5
2012,00-0022803,0.029536713600657252,0.06398725193098935,0.0,0.0,0.0,0.0,0.0,0.0,0.0,2,true,5
2012,00-0022821,0.0076576664890592875,0.0,0.0,0.033224641573865545,0.0,0.0,0.0,0.0,0.0,2,true,5
2012,00-0022921,0.012162176188505928,0.0,0.0,0.0,0.0,0.0771397210110732,0.0,0.0,0.0,2,true,5
2012,00-0022924,0.02696830372233923,0.030602598749603603,0.0,0.0,0.0,0.0,0.0,0.0,0.0,2,true,5
2012,00-0022942,0.02138865467633801,0.08798247140511035,0.0,0.0,0.0,0.0,0.0,0.0,0.0,2,true,5
2012,00-0023436,0.0,0.008689626805442998,0.0,0.0,0.0,0.0,0.0,0.0,0.0,1,true,5
2012,00-0023439,0.0,0.0,0.0,0.01498366188625309,0.0,0.0,0.0,0.0,0.0,1,true,5
2012,00-0023459,0.10337849760230038,0.11730996187348047,0.0,0.0,0.0,0.0,0.0,0.0,0.0,2,true,5
2012,00-0023462,0.0,0.0,0.0,0.0,0.0,0.0408386758293917,0.0,0.0,0.0,1,true,5
2012,00-0023496,0.0,0.0,0.0,0.0,0.0,0.02041933791469585,0.0,0.0,0.0,1,true,5
2012,00-0023500,0.012162176188505928,0.0,0.0,0.02939102908457337,0.0,0.0,0.0,0.0,0.0,2,true,5
2012,00-0023682,0.0,0.010505369720013176,0.0,0.0,0.0,0.0,0.0,0.0,0.0,1,true,5
2012,00-0023921,0.0,0.0,0.0,0.0,0.0,0.016933109490235583,0.0,0.0,0.0,1,true,5
2012,00-0024204,0.0,0.0,0.0,0.018638213565827014,0.0,0.0,0.0,0.0,0.0,1,true,5
2012,00-0024217,0.00614129688726537,0.0,0.0,0.00943415748393713,0.0,0.0,0.0,0.0,0.0,2,true,5
2012,00-0024226,0.02696830372233923,0.01716731149368007,0.0,0.0,0.0,0.0,0.0,0.0,0.0,2,true,5
2012,00-0024267,0.0,0.0,0.0,0.0,0.0,0.03305988043331708,0.0,0.0,0.0,1,true,5
2012,00-0024275,0.015128560624726886,0.0,0.0,0.08490741735543417,0.0,0.0,0.0,0.0,0.0,2,true,5
2012,00-0024334,0.0,0.0,0.0,0.0,0.0,0.0408386758293917,0.0,0.0,0.0,1,true,5
2012,00-0024466,0.0,0.0,0.0,0.0,0.0,0.02041933791469585,0.0,0.0,0.0,1,true,5
2012,00-0025389,0.029536713600657252,0.0,0.0,0.0,0.0,0.17356437227491472,0.0,0.0,0.0,2,true,5
2012,00-0025394,0.015128560624726886,0.0,0.0,0.04021930295783724,0.0,0.0,0.0,0.0,0.0,2,true,5
2012,00-0025399,0.0,0.0,0.0,0.033224641573865545,0.0,0.0,0.0,0.0,0.0,1,true,5
2012,00-0025410,0.0,0.0,0.0,0.0,0.0,0.016933109490235583,0.0,0.0,0.0,1,true,5
2012,00-0025431,0.0,0.0,0.0,0.0,0.0,0.010362052076114311,0.0,0.0,0.0,1,true,5
2012,00-0025637,0.0,0.0,0.0,0.01498366188625309,0.0,0.0,0.0,0.0,0.0,1,true,5
2012,00-0025860,0.0,0.0,0.0,0.012527323872113241,0.0,0.0,0.0,0.0,0.0,1,true,5
2012,00-0026143,0.029536713600657252,0.030602598749603603,0.0,0.0,0.0,0.0,0.0,0.0,0.0,2,true,5
2012,00-0026144,0.012162176188505928,0.0,0.0,0.04495098565875927,0.0,0.0,0.0,0.0,0.0,2,true,5
2012,00-0026158,0.015128560624726886,0.01380117198511535,0.0,0.0,0.0,0.0,0.0,0.0,0.0,2,true,5
2012,00-0026164,0.02138865467633801,0.0,0.0,0.0694697051089916,0.0,0.0,0.0,0.0,0.0,2,true,5
2012,00-0026176,0.0,0.0,0.0,0.0,0.0,0.02041933791469585,0.0,0.0,0.0,1,true,5
2012,00-0026184,0.0,0.0,0.0,0.02939102908457337,0.0,0.0,0.0,0.0,0.0,1,true,5
2012,00-0026189,0.0,0.0,0.0,0.0,0.0,0.016933109490235583,0.0,0.0,0.0,1,true,5
2012,00-0026195,0.02696830372233923,0.0,0.0,0.1091666794569868,0.0,0.0,0.0,0.0,0.0,2,true,5
2012,00-0026213,0.012162176188505928,0.0,0.0,0.04495098565875927,0.0,0.0,0.0,0.0,0.0,2,true,5
2012,00-0026498,0.04135139904092015,0.10055139589155469,0.0,0.0,0.0,0.0,0.0,0.0,0.0,2,true,5
2012,00-0026796,0.04135139904092015,0.0,0.0,0.15283335123978153,0.0,0.0,0.0,0.0,0.0,2,true,5
2012,00-0026898,0.009257775904683616,0.0069689086261473555,0.0,0.0,0.0,0.0,0.0,0.0,0.0,2,true,5
2012,00-0026899,0.0,0.0,0.0,0.022475492829379634,0.0,0.0,0.0,0.0,0.0,1,true,5
2012,00-0026901,0.0,0.0,0.0,0.0,0.0,0.0408386758293917,0.0,0.0,0.0,1,true,5
2012,00-0026983,0.0,0.0,0.0,0.0,0.0,0.016933109490235583,0.0,0.0,0.0,1,true,5
2012,00-0026993,0.0,0.008689626805442998,0.0,0.0,0.0,0.0,0.0,0.0,0.0,1,true,5
2012,00-0026995,0.0,0.0,0.0,0.0,0.0,0.013612891943130565,0.0,0.0,0.0,1,true,5
2012,00-0027005,0.0,0.0,0.0,0.0,0.0,0.0408386758293917,0.0,0.0,0.0,1,true,5
2012,00-0027006,0.0,0.0,0.0,0.0,0.0,0.013612891943130565,0.0,0.0,0.0,1,true,5
2012,00-0027029,0.02696830372233923,0.0,0.0,0.0694697051089916,0.0,0.0,0.0,0.0,0.0,2,true,5
2012,00-0027265,0.015128560624726886,0.0,0.0,0.0,0.0,0.04628383260664392,0.0,0.0,0.0,2,true,5
2012,00-0027696,0.01824326428275889,0.0,0.0,0.0,0.0,0.0,0.0,0.0,0.0,1,true,5
2012,00-0027793,0.0,0.0,0.0,0.0,0.0,0.016933109490235583,0.0,0.0,0.0,1,true,5
2012,00-0027854,0.0,0.008689626805442998,0.0,0.0,0.0,0.0,0.0,0.0,0.0,1,true,5
2012,00-0027864,0.0,0.0,0.0,0.04495098565875927,0.0,0.0,0.0,0.0,0.0,1,true,5
2012,00-0027874,0.0,0.0,0.0,0.0,0.0,0.023939913417229616,0.0,0.0,0.0,1,true,5
2012,00-0027876,0.009257775904683616,0.0,0.0,0.0,0.0,0.0,0.0,0.0,0.0,1,true,5
2012,00-0027902,0.0,0.0,0.0,0.0,0.0,0.02670221111921765,0.0,0.0,0.0,1,true,5
2012,00-0027939,0.02385657636976163,0.020701757977673024,0.0,0.0,0.0,0.0,0.0,0.0,0.0,2,true,5
2012,00-0027942,0.0,0.0,0.0,0.0,0.0,0.0408386758293917,0.0,0.0,0.0,1,true,5
2012,00-0027944,0.0,0.0,0.0,0.0,0.0,0.036539867847350464,0.0,0.0,0.0,1,true,5
2012,00-0027973,0.015128560624726886,0.010505369720013176,0.0,0.0,0.0,0.0,0.0,0.0,0.0,2,true,5
2012,00-0028009,0.0,0.0,0.0,0.02939102908457337,0.0,0.0,0.0,0.0,0.0,1,true,5
2012,00-0028995,0.0,0.0,0.0,0.0,0.0,0.0,0.0,0.02055676750716537,0.0,1,true,5
2012,00-0029137,0.0,0.0,0.0,0.0,0.0,0.0,0.0,0.04625272689112209,0.0,1,true,5
2012,00-0029209,0.0,0.0,0.0,0.0,0.0,0.0,0.0,0.018049844640437886,0.0,1,true,5
2012,00-0029251,0.0,0.0,0.0,0.0,0.0,0.0,0.0,0.02846321654838282,0.0,1,true,5
2012,00-0029260,0.0,0.0,0.0,0.0,0.0,0.0,0.0,0.0238723751696114,0.0,1,true,5
2012,00-0029262,0.0,0.0,0.0,0.0,0.0,0.0,0.0,0.0238723751696114,0.0,1,true,5
2012,00-0029263,0.0,0.0,0.0,0.0,0.0,0.0,0.0,0.0870639565009357,0.0,1,true,5
2012,00-0029613,0.0,0.0,0.0,0.0,0.0,0.0,0.0,0.05692643309676564,0.0,1,true,5
2012,00-0029638,0.0,0.0,0.0,0.0,0.0,0.0,0.0,0.03524017286942635,0.0,1,true,5
2012,00-0029654,0.0,0.0,0.0,0.0,0.0,0.0,0.0,0.018049844640437886,0.0,1,true,5
2012,00-0029665,0.00614129688726537,0.010505369720013176,0.0,0.0,0.0,0.0,0.0,0.14800872605159068,0.0,3,true,5
2012,00-0029668,0.00614129688726537,0.010505369720013176,0.0,0.0,0.0,0.0,0.0,0.22770573238706257,0.0,3,true,5
2012,00-0029675,0.0,0.0,0.0,0.03638889315232893,0.0,0.0,0.0,0.09250545378224417,0.0,2,true,5
2012,00-0029677,0.0,0.0,0.0,0.0,0.0,0.0,0.0,0.0389496647504186,0.0,1,true,5
2012,00-0029697,0.0,0.0,0.0,0.0,0.0,0.0,0.0,0.018049844640437886,0.0,1,true,5
2012,00-0029701,0.0,0.0,0.0,0.0,0.0,0.0,0.0,0.0389496647504186,0.0,1,true,5
2012,00-0029707,0.0,0.0,0.0,0.0,0.0,0.0,0.0,0.05692643309676564,0.0,1,true,5
2012,00-0029708,0.0,0.0,0.0,0.0,0.0,0.0,0.0,0.02055676750716537,0.0,1,true,5
2013,00-0010346,0.09540082376597106,0.10683973275197951,0.0,0.0,0.0,0.0,0.0,0.0,0.0,2,true,5
2013,00-0019596,0.07029534382755762,0.06944582628878668,0.0,0.0,0.0,0.0,0.0,0.0,0.0,2,true,5
2013,00-0020245,0.01964134606946463,0.010365048699818908,0.0,0.0,0.0,0.0,0.0,0.0,0.0,2,true,5
2013,00-0020337,0.0,0.0,0.0,0.0,0.0,0.016158291779895213,0.0,0.0,0.0,1,true,5
2013,00-0020498,0.0,0.0,0.0,0.0,0.0,0.02548038319137322,0.0,0.0,0.0,1,true,5
2013,00-0020531,0.06070961512379977,0.15432405841952596,0.0,0.0,0.0,0.0,0.0,0.0,0.0,2,true,5
2013,00-0021429,0.0,0.02042524302611373,0.0,0.0,0.0,0.0,0.0,0.0,0.0,1,true,5
2013,00-0021678,0.023027785046958533,0.04629721752585778,0.0,0.0,0.0,0.0,0.0,0.0,0.0,2,true,5
2013,00-0022044,0.009967250244205932,0.0,0.0,0.0,0.0,0.060226360270518524,0.0,0.0,0.0,2,true,5
2013,00-0022084,0.0,0.0,0.0,0.0,0.0,0.016158291779895213,0.0,0.0,0.0,1,true,5
2013,00-0022427,0.01964134606946463,0.0,0.0,0.0,0.0,0.03896999782210022,0.0,0.0,0.0,2,true,5
2013,00-0022736,0.01309423071297642,0.0,0.0,0.02697673112295999,0.0,0.0,0.0,0.0,0.0,2,true,5
2013,00-0022787,0.01628794552101945,0.02042524302611373,0.0,0.0,0.0,0.0,0.0,0.0,0.0,2,true,5
2013,00-0022803,0.023027785046958533,0.04085048605222746,0.0,0.0,0.0,0.0,0.0,0.0,0.0,2,true,5
2013,00-0022921,0.008244515634096264,0.0,0.0,0.0,0.0,0.03486789278819493,0.0,0.0,0.0,2,true,5
2013,00-0022924,0.01964134606946463,0.01693800641189919,0.0,0.0,0.0,0.0,0.0,0.0,0.0,2,true,5
2013,00-0022942,0.0,0.02042524302611373,0.0,0.0,0.0,0.0,0.0,0.0,0.0,1,true,5
2013,00-0023436,0.008244515634096264,0.010365048699818908,0.0,0.0,0.0,0.0,0.0,0.0,0.0,2,true,5
2013,00-0023459,0.07420064070686637,0.07716202920976298,0.0,0.0,0.0,0.0,0.0,0.0,0.0,2,true,5
2013,00-0023462,0.0,0.0,0.0,0.0,0.0,0.03896999782210022,0.0,0.0,0.0,1,true,5
2013,00-0023496,0.0,0.0,0.0,0.0,0.0,0.03896999782210022,0.0,0.0,0.0,1,true,5
2013,00-0023500,0.009967250244205932,0.0,0.0,0.02697673112295999,0.0,0.0,0.0,0.0,0.0,2,true,5
2013,00-0023921,0.0,0.0,0.0,0.0,0.0,0.009887909895159757,0.0,0.0,0.0,1,true,5
2013,00-0024217,0.0,0.0,0.0,0.017107195346267312,0.0,0.0,0.0,0.0,0.0,1,true,5
2013,00-0024226,0.009967250244205932,0.02042524302611373,0.0,0.0,0.0,0.0,0.0,0.0,0.0,2,true,5
2013,00-0024267,0.0,0.0,0.0,0.0,0.0,0.009887909895159757,0.0,0.0,0.0,1,true,5
2013,00-0024275,0.009967250244205932,0.0,0.0,0.033399762342712365,0.0,0.0,0.0,0.0,0.0,2,true,5
2013,00-0024334,0.009967250244205932,0.0,0.0,0.0,0.0,0.08833199506342716,0.0,0.0,0.0,2,true,5
2013,00-0024466,0.0,0.0,0.0,0.0,0.0,0.02548038319137322,0.0,0.0,0.0,1,true,5
2013,00-0025389,0.031800274588657015,0.0,0.0,0.0,0.0,0.17666399012685433,0.0,0.0,0.0,2,true,5
2013,00-0025394,0.06070961512379977,0.0,0.0,0.17534875229923994,0.0,0.0,0.0,0.0,0.0,2,true,5
2013,00-0025399,0.023027785046958533,0.0,0.0,0.07793277879966219,0.0,0.0,0.0,0.0,0.0,2,true,5
2013,00-0025410,0.0,0.0,0.0,0.0,0.0,0.016158291779895213,0.0,0.0,0.0,1,true,5
2013,00-0025423,0.0,0.006875824385028384,0.0,0.0,0.0,0.0,0.0,0.0,0.0,1,true,5
2013,00-0025637,0.0,0.0,0.0,0.010468582226820294,0.0,0.0,0.0,0.0,0.0,1,true,5
2013,00-0025860,0.0,0.0,0.0,0.013752843317587445,0.0,0.0,0.0,0.0,0.0,1,true,5
2013,00-0026035,0.0,0.0,0.0,0.0,0.0,0.05096076638274644,0.0,0.0,0.0,1,true,5
2013,00-0026143,0.044520384424119826,0.07716202920976298,0.0,0.0,0.0,0.0,0.0,0.0,0.0,2,true,5
2013,00-0026144,0.0,0.0,0.0,0.020629264976381168,0.0,0.0,0.0,0.0,0.0,1,true,5
2013,00-0026158,0.01628794552101945,0.01693800641189919,0.0,0.0,0.0,0.0,0.0,0.0,0.0,2,true,5
2013,00-0026164,0.01628794552101945,0.0,0.0,0.041258529952762336,0.0,0.0,0.0,0.0,0.0,2,true,5
2013,00-0026176,0.0,0.0,0.0,0.0,0.0,0.009887909895159757,0.0,0.0,0.0,1,true,5
2013,00-0026184,0.0,0.0,0.0,0.024186034799895163,0.0,0.0,0.0,0.0,0.0,1,true,5
2013,00-0026189,0.0,0.0,0.0,0.0,0.0,0.016158291779895213,0.0,0.0,0.0,1,true,5
2013,00-0026195,0.01309423071297642,0.0,0.0,0.033399762342712365,0.0,0.0,0.0,0.0,0.0,2,true,5
2013,00-0026213,0.01309423071297642,0.0,0.0,0.06376318265426907,0.0,0.0,0.0,0.0,0.0,2,true,5
2013,00-0026349,0.0,0.010365048699818908,0.0,0.0,0.0,0.0,0.0,0.0,0.0,1,true,5
2013,00-0026498,0.025684837167761442,0.09259443505171557,0.0,0.0,0.0,0.0,0.0,0.0,0.0,2,true,5
2013,00-0026796,0.01964134606946463,0.0,0.0,0.07793277879966219,0.0,0.0,0.0,0.0,0.0,2,true,5
2013,00-0026898,0.0,0.004599061343628257,0.0,0.0,0.0,0.0,0.0,0.0,0.0,1,true,5
2013,00-0026901,0.0,0.0,0.0,0.0,0.0,0.012989999274033406,0.0,0.0,0.0,1,true,5
2013,00-0026993,0.009967250244205932,0.01693800641189919,0.0,0.0,0.0,0.0,0.0,0.0,0.0,2,true,5
2013,00-0027005,0.0,0.0,0.0,0.0,0.0,0.016158291779895213,0.0,0.0,0.0,1,true,5
2013,00-0027029,0.009967250244205932,0.0,0.0,0.02697673112295999,0.0,0.0,0.0,0.0,0.0,2,true,5
2013,00-0027265,0.0,0.0,0.0,0.0,0.0,0.02548038319137322,0.0,0.0,0.0,1,true,5
2013,00-0027793,0.0,0.0,0.0,0.0,0.0,0.012989999274033406,0.0,0.0,0.0,1,true,5
2013,00-0027854,0.0,0.01361682868407582,0.0,0.0,0.0,0.0,0.0,0.0,0.0,1,true,5
2013,00-0027861,0.0,0.0,0.0,0.05395346224591998,0.0,0.0,0.0,0.0,0.0,1,true,5
2013,00-0027864,0.0,0.0,0.0,0.013752843317587445,0.0,0.0,0.0,0.0,0.0,1,true,5
2013,00-0027874,0.009967250244205932,0.0,0.0,0.0,0.0,0.05096076638274644,0.0,0.0,0.0,2,true,5
2013,00-0027902,0.0,0.0,0.0,0.0,0.0,0.0736099958861893,0.0,0.0,0.0,1,true,5
2013,00-0027939,0.01628794552101945,0.01693800641189919,0.0,0.0,0.0,0.0,0.0,0.0,0.0,2,true,5
2013,00-0027942,0.009967250244205932,0.0,0.0,0.0,0.0,0.06624899629757038,0.0,0.0,0.0,2,true,5
2013,00-0027944,0.0,0.0,0.0,0.0,0.0,0.03896999782210022,0.0,0.0,0.0,1,true,5
2013,00-0027946,0.0,0.006875824385028384,0.0,0.0,0.0,0.0,0.0,0.0,0.0,1,true,5
2013,00-0027948,0.0,0.004599061343628257,0.0,0.0,0.0,0.0,0.0,0.0,0.0,1,true,5
2013,00-0027949,0.009967250244205932,0.0,0.0,0.0,0.0,0.0,0.0,0.0,0.0,1,true,5
2013,00-0027950,0.0,0.00551157351498307,0.0,0.0,0.0,0.0,0.0,0.0,0.0,1,true,5
2013,00-0027973,0.01309423071297642,0.01361682868407582,0.0,0.0,0.0,0.0,0.0,0.0,0.0,2,true,5
2013,00-0027974,0.051369674335522884,0.01361682868407582,0.0,0.004645000060907018,0.0,0.0,0.0,0.0,0.0,3,true,5
2013,00-0027996,0.0,0.0,0.0,0.0,0.0,0.009887909895159757,0.0,0.0,0.0,1,true,5
2013,00-0028002,0.0,0.0,0.0,0.0,0.0,0.01948499891105011,0.0,0.0,0.0,1,true,5
2013,00-0028009,0.0,0.0,0.0,0.024186034799895163,0.0,0.0,0.0,0.0,0.0,1,true,5
2013,00-0028011,0.0,0.0,0.0,0.033399762342712365,0.0,0.0,0.0,0.0,0.0,1,true,5
2013,00-0029141,0.009967250244205932,0.0,0.0,0.06376318265426907,0.0,0.0,0.0,0.0,0.0,2,true,5
2013,00-0029263,0.03928269213892926,0.01361682868407582,0.0,0.0,0.0,0.0,0.0,0.0,0.0,2,true,5
2013,00-0029613,0.0,0.0,0.0,0.06376318265426907,0.0,0.0,0.0,0.0,0.0,1,true,5
2013,00-0029615,0.0,0.0,0.0,0.020629264976381168,0.0,0.0,0.0,0.0,0.0,1,true,5
2013,00-0029665,0.029035033320078146,0.01693800641189919,0.0,0.004645000060907018,0.0,0.0,0.0,0.0,0.0,3,true,5
2013,00-0029668,0.025684837167761442,0.03306944108989841,0.0,0.0,0.0,0.0,0.0,0.0,0.0,2,true,5
2013,00-0029675,0.0,0.0,0.0,0.033399762342712365,0.0,0.0,0.0,0.0,0.0,1,true,5
2013,00-0029677,0.0,0.006875824385028384,0.0,0.0,0.0,0.0,0.0,0.0,0.0,1,true,5
2013,00-0029701,0.0,0.010365048699818908,0.0,0.0,0.0,0.0,0.0,0.0,0.0,1,true,5
2013,00-0030000,0.0,0.0,0.0,0.0,0.0,0.0,0.0,0.041012449387222136,0.0,1,true,5
2013,00-0030061,0.0,0.0,0.0,0.0,0.0,0.0,0.0,0.03320055426584649,0.0,1,true,5
2013,00-0030078,0.0,0.0,0.0,0.0,0.0,0.0,0.0,0.03320055426584649,0.0,1,true,5
2013,00-0030431,0.0,0.0,0.0,0.0,0.0,0.0,0.0,0.03320055426584649,0.0,1,true,5
2013,00-0030456,0.0,0.0,0.0,0.0,0.0,0.0,0.0,0.03669534945172507,0.0,1,true,5
2013,00-0030485,0.0,0.0,0.0,0.0,0.0,0.0,0.0,0.07746795995364181,0.0,1,true,5
2013,00-0030496,0.0,0.0,0.0,0.0,0.0,0.0,0.0,0.04648077597218509,0.0,1,true,5
2013,00-0030521,0.0,0.0,0.0,0.0,0.0,0.0,0.0,0.041012449387222136,0.0,1,true,5
2013,00-0030522,0.0,0.0,0.0,0.013752843317587445,0.0,0.0,0.0,0.13944232791655528,0.0,2,true,5
2013,00-0030525,0.0,0.0,0.0,0.0,0.0,0.0,0.0,0.12676575265141388,0.0,1,true,5
2013,00-0030526,0.0,0.0,0.0,0.0,0.0,0.0,0.0,0.04648077597218509,0.0,1,true,5
2013,00-0030532,0.0,0.0,0.0,0.0,0.0,0.0,0.0,0.03669534945172507,0.0,1,true,5
2013,00-0030533,0.0,0.0,0.0,0.0,0.0,0.0,0.0,0.017005161941043324,0.0,1,true,5
2013,00-0030545,0.0,0.0,0.0,0.0,0.0,0.0,0.0,0.026815832291645244,0.0,1,true,5
2013,00-0030547,0.0,0.0,0.0,0.0,0.0,0.0,0.0,0.03320055426584649,0.0,1,true,5
2013,00-0030549,0.0,0.0,0.0,0.0,0.0,0.0,0.0,0.04648077597218509,0.0,1,true,5
2013,00-0030564,0.0,0.0,0.0,0.0,0.0,0.0,0.0,0.06338287632570694,0.0,1,true,5
2013,00-0030565,0.0,0.004599061343628257,0.0,0.0,0.0,0.0,0.0,0.041012449387222136,0.0,2,true,5
2013,00-0030578,0.0,0.0,0.0,0.0,0.0,0.0,0.0,0.05363166458329049,0.0,1,true,5
2013,00-0030584,0.0,0.0,0.0,0.0,0.0,0.0,0.0,0.026815832291645244,0.0,1,true,5
2014,00-0010346,0.21054500512925006,0.2392701694404314,0.0,0.0,0.0,0.0,0.0,0.0,0.0,2,true,6
2014,00-0019596,0.08613204755287504,0.05981754236010785,0.0,0.0,0.0,0.0,0.0,0.0,0.0,2,true,6
2014,00-0020245,0.0,0.0,0.0,0.0,0.0,0.0,0.0,0.0,0.03204466441917948,1,true,6
2014,00-0020531,0.12632700307755004,0.259209350227134,0.0,0.0,0.0,0.0,0.0,0.0,0.0,2,true,6
2014,00-0021678,0.016918795055029023,0.029908771180053924,0.0,0.0,0.0,0.0,0.0,0.0,0.02266573824771232,3,true,6
2014,00-0022044,0.0,0.0,0.0,0.0,0.0,0.030291084624155307,0.0,0.0,0.0,1,true,6
2014,00-0022427,0.0,0.0,0.0,0.0,0.0,0.011092509862366732,0.0,0.0,0.0,1,true,6
2014,00-0022736,0.0,0.0,0.0,0.010874279903074505,0.0,0.0,0.0,0.0,0.0,1,true,6
2014,00-0022787,0.0,0.0,0.0,0.0,0.0,0.0,0.0,0.0,0.044252155626485955,1,true,6
2014,00-0022803,0.014355341258812505,0.026814760368324204,0.0,0.0,0.0,0.0,0.0,0.0,0.06195301787708034,3,true,6
2014,00-0022921,0.0,0.0,0.0,0.0,0.0,0.015442513729961528,0.0,0.0,0.0,1,true,6
2014,00-0022942,0.0,0.03380991524701748,0.0,0.0,0.0,0.0,0.0,0.0,0.0,1,true,6
2014,00-0023459,0.1353503604402322,0.11108972152591456,0.0,0.0,0.0,0.0,0.0,0.0,0.08448138801420046,3,true,6
2014,00-0023462,0.0,0.0,0.0,0.0,0.0,0.015442513729961528,0.0,0.0,0.0,1,true,6
2014,00-0023496,0.0,0.0,0.0,0.0,0.0,0.030291084624155307,0.0,0.0,0.0,1,true,6
2014,00-0023500,0.0,0.0,0.0,0.010874279903074505,0.0,0.0,0.0,0.0,0.0,1,true,6
2014,00-0023682,0.0,0.0,0.0,0.0,0.0,0.0,0.0,0.0,0.02733221376930015,1,true,6
2014,00-0024226,0.036440481656985595,0.02287141325533535,0.0,0.0,0.0,0.0,0.0,0.0,0.0,2,true,6
2014,00-0024334,0.0,0.0,0.0,0.0,0.0,0.04922301251425237,0.0,0.0,0.0,1,true,6
2014,00-0024466,0.0,0.0,0.0,0.0,0.0,0.010362739476684708,0.0,0.0,0.0,1,true,6
2014,00-0025389,0.03267077665798708,0.0,0.0,0.0,0.0,0.2250194857794394,0.0,0.0,0.0,2,true,6
2014,00-0025394,0.03267077665798708,0.0,0.0,0.2066113181584156,0.0,0.0,0.0,0.0,0.0,2,true,6
2014,00-0025399,0.0,0.0,0.0,0.07513138842124203,0.0,0.0,0.0,0.0,0.0,1,true,6
2014,00-0025410,0.0,0.0,0.0,0.0,0.0,0.008654595606901516,0.0,0.0,0.0,1,true,6
2014,00-0026143,0.01857750045258089,0.0457428265106707,0.0,0.0,0.0,0.0,0.0,0.0,0.0546644275386003,3,true,6
2014,00-0026164,0.0,0.0,0.0,0.010874279903074505,0.0,0.0,0.0,0.0,0.02266573824771232,2,true,6
2014,00-0026176,0.0,0.0,0.0,0.0,0.0,0.028127435722429924,0.0,0.0,0.0,1,true,6
2014,00-0026184,0.0,0.0,0.0,0.045913626257425684,0.0,0.0,0.0,0.0,0.0,1,true,6
2014,00-0026189,0.0,0.0,0.0,0.0,0.0,0.012910954102098983,0.0,0.0,0.0,1,true,6
2014,00-0026195,0.0,0.0,0.0,0.010203028057205708,0.0,0.0,0.0,0.0,0.0,1,true,6
2014,00-0026213,0.015532008575108613,0.0,0.0,0.0635727132795125,0.0,0.0,0.0,0.0,0.0,2,true,6
2014,00-0026345,0.0,0.0,0.0,0.0,0.0,0.02187689445077883,0.0,0.0,0.0,1,true,6
2014,00-0026498,0.026318125641156258,0.1036837400908536,0.0,0.0,0.0,0.0,0.0,0.0,0.0,2,true,6
2014,00-0026796,0.0,0.0,0.0,0.04861442780198014,0.0,0.0,0.0,0.0,0.044252155626485955,2,true,6
2014,00-0026901,0.0,0.0,0.0,0.0,0.0,0.015442513729961528,0.0,0.0,0.0,1,true,6
2014,00-0026995,0.0,0.0,0.0,0.0,0.0,0.0,0.0,0.0,0.02266573824771232,1,true,6
2014,00-0026998,0.0,0.0,0.0,0.0,0.0,0.0,0.0,0.0,0.044252155626485955,1,true,6
2014,00-0027029,0.026318125641156258,0.0,0.0,0.15026277684248407,0.0,0.0,0.0,0.0,0.0,2,true,6
2014,00-0027150,0.0,0.0,0.0,0.0,0.0,0.008654595606901516,0.0,0.0,0.0,1,true,6
2014,00-0027155,0.0,0.0,0.0,0.010874279903074505,0.0,0.0,0.0,0.0,0.0,1,true,6
2014,00-0027265,0.0,0.0,0.0,0.0,0.0,0.015442513729961528,0.0,0.0,0.0,1,true,6
2014,00-0027656,0.0,0.0,0.0,0.0,0.0,0.0,0.0,0.0,0.08448138801420046,1,true,6
2014,00-0027696,0.0,0.0,0.0,0.0,0.0,0.012910954102098983,0.0,0.0,0.0,1,true,6
2014,00-0027793,0.0,0.0,0.0,0.0,0.0,0.04632754118988458,0.0,0.0,0.0,1,true,6
2014,00-0027854,0.0,0.0,0.0,0.0,0.0,0.0,0.0,0.0,0.03204466441917948,1,true,6
2014,00-0027861,0.0,0.0,0.0,0.016204809267326713,0.0,0.0,0.0,0.0,0.02733221376930015,2,true,6
2014,00-0027864,0.0,0.0,0.0,0.016204809267326713,0.0,0.0,0.0,0.0,0.0,1,true,6
2014,00-0027874,0.0,0.0,0.0,0.0,0.0,0.08290191581347767,0.0,0.0,0.0,1,true,6
2014,00-0027888,0.0,0.0,0.0,0.012521898070207005,0.0,0.0,0.0,0.0,0.0,1,true,6
2014,00-0027890,0.0,0.0,0.0,0.013548283157928892,0.0,0.0,0.0,0.0,0.0,1,true,6
2014,00-0027902,0.016918795055029023,0.0,0.0,0.0,0.0,0.13126136670467298,0.0,0.0,0.0,2,true,6
2014,00-0027939,0.023108598123942083,0.0,0.0,0.0,0.0,0.0,0.0,0.0,0.0,1,true,6
2014,00-0027940,0.0,0.0,0.0,0.0,0.0,0.0,0.0,0.0,0.03204466441917948,1,true,6
2014,00-0027942,0.0,0.0,0.0,0.0,0.0,0.04922301251425237,0.0,0.0,0.0,1,true,6
2014,00-0027944,0.0,0.0,0.0,0.0,0.0,0.07159710911163981,0.0,0.0,0.13275646687945786,2,true,6
2014,00-0027974,0.03789810092326502,0.0,0.0,0.0,0.0,0.0,0.0,0.0,0.0,1,true,6
2014,00-0027996,0.0,0.0,0.0,0.0,0.0,0.015442513729961528,0.0,0.0,0.0,1,true,6
2014,00-0028002,0.0,0.0,0.0,0.0,0.0,0.015442513729961528,0.0,0.0,0.0,1,true,6
2014,00-0028009,0.0,0.0,0.0,0.026659524923666526,0.0,0.0,0.0,0.0,0.0,1,true,6
2014,00-0028011,0.0,0.0,0.0,0.02015720177155274,0.0,0.0,0.0,0.0,0.0,1,true,6
2014,00-0028052,0.0,0.0,0.0,0.0,0.0,0.015442513729961528,0.0,0.0,0.0,1,true,6
2014,00-0029137,0.0,0.0,0.0,0.0,0.0,0.030291084624155307,0.0,0.0,0.0,1,true,6
2014,00-0029141,0.0,0.0,0.0,0.04132226363168312,0.0,0.0,0.0,0.0,0.0,1,true,6
2014,00-0029263,0.03267077665798708,0.0,0.0,0.0,0.0,0.0,0.0,0.0,0.0,1,true,6
2014,00-0029567,0.02871068251762501,0.015247608836890235,0.0,0.0,0.0,0.0,0.0,0.0,0.0,2,true,6
2014,00-0029608,0.0,0.0,0.0,0.0,0.0,0.015442513729961528,0.0,0.0,0.0,1,true,6
2014,00-0029613,0.0,0.0,0.0,0.045913626257425684,0.0,0.0,0.0,0.0,0.044252155626485955,2,true,6
2014,00-0029665,0.03267077665798708,0.011606388816140328,0.0,0.0,0.0,0.0,0.0,0.0,0.18585905363124103,3,true,6
2014,00-0029668,0.04986592226745396,0.04092779214112642,0.0,0.0,0.0,0.0,0.0,0.0,0.0,2,true,6
2014,00-0029675,0.0,0.0,0.0,0.010203028057205708,0.0,0.0,0.0,0.0,0.0,1,true,6
2014,00-0030279,0.0,0.0,0.0,0.0,0.0,0.015442513729961528,0.0,0.0,0.0,1,true,6
2014,00-0030287,0.0,0.0,0.0,0.01796620157899266,0.0,0.0,0.0,0.0,0.0,1,true,6
2014,00-0030456,0.0,0.0,0.0,0.02015720177155274,0.0,0.0,0.0,0.0,0.0,1,true,6
2014,00-0030485,0.0,0.0,0.0,0.034435219693069265,0.0,0.0,0.0,0.0,0.0,1,true,6
2014,00-0030496,0.0,0.0,0.0,0.01796620157899266,0.0,0.0,0.0,0.0,0.0,1,true,6
2014,00-0030522,0.0,0.0,0.0,0.034435219693069265,0.0,0.0,0.0,0.0,0.0,1,true,6
2014,00-0030536,0.0,0.0,0.0,0.02849811284943663,0.0,0.0,0.0,0.0,0.0,1,true,6
2014,00-0031042,0.0,0.0,0.0,0.0,0.0,0.0,0.0,0.026937561265540755,0.0,1,true,6
2014,00-0031045,0.0,0.0,0.0,0.0,0.0,0.0,0.0,0.026937561265540755,0.0,1,true,6
2014,00-0031235,0.0,0.0,0.0,0.0,0.0,0.0,0.0,0.026937561265540755,0.0,1,true,6
2014,00-0031236,0.0,0.0,0.0,0.0,0.0,0.0,0.0,0.10005379898629423,0.0,1,true,6
2014,00-0031237,0.0,0.0,0.0,0.0,0.0,0.0,0.0,0.05387512253108151,0.0,1,true,6
2014,00-0031280,0.0,0.0,0.0,0.0,0.0,0.0,0.0,0.06367059935491451,0.0,1,true,6
2014,00-0031299,0.0,0.0,0.0,0.0,0.0,0.0,0.0,0.05387512253108151,0.0,1,true,6
2014,00-0031301,0.0,0.0,0.0,0.0,0.0,0.0,0.0,0.02415091699669171,0.0,1,true,6
2014,00-0031325,0.0,0.0,0.0,0.0,0.0,0.0,0.0,0.10775024506216302,0.0,1,true,6
2014,00-0031344,0.0,0.0,0.0,0.0,0.0,0.0,0.0,0.02415091699669171,0.0,1,true,6
2014,00-0031359,0.0,0.0,0.0,0.0,0.0,0.0,0.0,0.04669177286027064,0.0,1,true,6
2014,00-0031381,0.0,0.0,0.0,0.0,0.0,0.0,0.0,0.02415091699669171,0.0,1,true,6
2014,00-0031382,0.0,0.0,0.0,0.0,0.0,0.0,0.0,0.022592793319485792,0.0,1,true,6
2014,00-0031387,0.0,0.0,0.0,0.0,0.0,0.0,0.0,0.04669177286027064,0.0,1,true,6
2014,00-0031390,0.0,0.0,0.0,0.0,0.0,0.0,0.0,0.015225578106609992,0.0,1,true,6
2014,00-0031391,0.0,0.0,0.0,0.0,0.0,0.0,0.0,0.026937561265540755,0.0,1,true,6
2014,00-0031407,0.0,0.0,0.0,0.0,0.0,0.0,0.0,0.04669177286027064,0.0,1,true,6
2014,00-0031408,0.0,0.0,0.0,0.0,0.0,0.0,0.0,0.05387512253108151,0.0,1,true,6
2014,00-0031409,0.0,0.0,0.0,0.0,0.0,0.0,0.0,0.06367059935491451,0.0,1,true,6
2014,00-0031413,0.0,0.0,0.0,0.0,0.0,0.0,0.0,0.0778196214337844,0.0,1,true,6
2014,00-0031428,0.0,0.0,0.0,0.0,0.0,0.0,0.0,0.030451156213219983,0.0,1,true,6
2014,00-0031431,0.0,0.0,0.0,0.0,0.0,0.0,0.0,0.03686192594231893,0.0,1,true,6
2015,00-0005106,0.0,0.0,0.0,0.0,0.0,0.0,0.0,0.0,0.0003546670064062987,1,true,6
2015,00-0007091,0.0,0.0,0.0,0.0,0.0,0.0,0.0,0.0,0.0035307894518358395,1,true,6
2015,00-0010346,0.04844030938094942,0.07046772343126077,0.0,0.0,0.0,0.0,0.0,0.0,0.0,2,true,6
2015,00-0020337,0.0,0.0,0.0,0.0,0.0,0.00493820050542916,0.0,0.0,0.0,1,true,6
2015,00-0020531,0.020085006328686345,0.11744620571876796,0.0,0.0,0.0,0.0,0.0,0.0,0.027295718454577067,3,true,6
2015,00-0021206,0.0,0.00350934877645721,0.0,0.0,0.0,0.0,0.0,0.0,0.0070266205922673635,2,true,6
2015,00-0021429,0.00545354476474265,0.0108746486776637,0.0,0.0,0.0,0.0,0.0,0.0,0.04731257865460025,3,true,6
2015,00-0021678,0.03921358378457809,0.02752645446533624,0.0,0.0,0.0,0.0,0.0,0.0,0.0,2,true,6
2015,00-0022044,0.0,0.0,0.0,0.0,0.0,0.01621017991999572,0.0,0.0,0.013915464310176543,2,true,6
2015,00-0022059,0.0,0.0,0.0,0.0,0.0,0.0,0.0,0.0,0.013915464310176543,1,true,6
2015,00-0022084,0.0,0.0,0.0,0.0,0.0,0.004236751569998882,0.0,0.0,0.0,1,true,6
2015,00-0022123,0.0,0.0,0.0,0.0,0.0,0.0,0.0,0.0,0.004699925031913932,1,true,6
2015,00-0022787,0.0,0.0,0.0,0.0,0.0,0.0,0.0,0.0,0.004699925031913932,1,true,6
2015,00-0022803,0.010835332361528158,0.05872310285938398,0.0,0.0,0.0,0.0,0.0,0.0,0.027295718454577067,3,true,6
2015,00-0022921,0.0,0.0,0.0,0.0,0.0,0.00493820050542916,0.0,0.0,0.0,1,true,6
2015,00-0022924,0.04844030938094942,0.10362900504597174,0.0,0.0,0.0,0.0,0.0,0.0,0.0,2,true,6
2015,00-0022930,0.0,0.0,0.0,0.0,0.0,0.0,0.0,0.0,0.0070266205922673635,1,true,6
2015,00-0022942,0.01790185346687261,0.023180172181335782,0.0,0.0,0.0,0.0,0.0,0.0,0.0,2,true,6
2015,00-0023436,0.00545354476474265,0.004382321108909252,0.0,0.0,0.0,0.0,0.0,0.0,0.0,2,true,6
2015,00-0023459,0.13724754324602334,0.09787183809897329,0.0,0.0,0.0,0.0,0.0,0.0,0.0,2,true,6
2015,00-0023462,0.0,0.0,0.0,0.0,0.0,0.003709792419501508,0.0,0.0,0.0,1,true,6
2015,00-0023496,0.0,0.0,0.0,0.0,0.0,0.00738285422098815,0.0,0.0,0.0,1,true,6
2015,00-0023500,0.0,0.0,0.0,0.00890399885644289,0.0,0.0,0.0,0.0,0.0,1,true,6
2015,00-0023662,0.0032808177668372115,0.00350934877645721,0.0,0.0,0.0,0.0,0.0,0.0,0.010592368355507519,3,true,6
2015,00-0024217,0.0,0.0,0.0,0.003809671152507903,0.0,0.0,0.0,0.0,0.0,1,true,6
2015,00-0024226,0.008153319400753862,0.008721252899908513,0.0,0.0,0.0,0.0,0.0,0.0,0.027295718454577067,3,true,6
2015,00-0024267,0.0,0.0,0.0,0.0,0.0,0.0,0.0,0.0,0.0070266205922673635,1,true,6
2015,00-0024334,0.0,0.0,0.0,0.0,0.0,0.005918002193014311,0.0,0.0,0.0,1,true,6
2015,00-0024466,0.0,0.0,0.0,0.0,0.0,0.005918002193014311,0.0,0.0,0.0,1,true,6
2015,00-0025389,0.012110077345237355,0.0,0.0,0.0,0.0,0.09942243684264042,0.0,0.0,0.0,2,true,6
2015,00-0025394,0.03167250997985154,0.0,0.0,0.12762398360901475,0.0,0.0,0.0,0.0,0.10918287381830827,3,true,6
2015,00-0025399,0.01790185346687261,0.0,0.0,0.0827831245031447,0.0,0.0,0.0,0.0,0.0,2,true,6
2015,00-0025401,0.0032808177668372115,0.0,0.0,0.0,0.0,0.0,0.0,0.0,0.0,1,true,6
2015,00-0025410,0.0,0.0,0.0,0.0,0.0,0.003709792419501508,0.0,0.0,0.0,1,true,6
2015,00-0025418,0.0,0.0,0.0,0.0,0.0,0.00493820050542916,0.0,0.0,0.0,1,true,6
2015,00-0026143,0.019606791892289047,0.0838901469419771,0.0,0.0,0.0,0.0,0.0,0.0,0.0,2,true,6
2015,00-0026144,0.0,0.0,0.0,0.011602180328092251,0.0,0.0,0.0,0.0,0.027295718454577067,2,true,6
2015,00-0026150,0.0,0.0,0.0,0.0,0.0,0.0,0.0,0.0,0.013915464310176543,1,true,6
2015,00-0026153,0.0,0.0,0.0,0.013673998243823008,0.0,0.0,0.0,0.0,0.0,1,true,6
2015,00-0026158,0.010835332361528158,0.011590086090667891,0.0,0.0,0.0,0.0,0.0,0.0,0.0,2,true,6
2015,00-0026184,0.004678893519750796,0.0,0.0,0.02015115530668654,0.0,0.0,0.0,0.0,0.0,2,true,6
2015,00-0026189,0.0,0.0,0.0,0.0,0.0,0.010965709945879457,0.0,0.0,0.0,1,true,6
2015,00-0026201,0.0,0.0,0.0,0.0,0.0,0.00493820050542916,0.0,0.0,0.0,1,true,6
2015,00-0026213,0.016146769793649804,0.0,0.0,0.06961308196855351,0.0,0.0,0.0,0.0,0.0,2,true,6
2015,00-0026345,0.0,0.0,0.0,0.0,0.0,0.00738285422098815,0.0,0.0,0.0,1,true,6
2015,00-0026373,0.0,0.0,0.0,0.028360885246447722,0.0,0.0,0.0,0.0,0.0,1,true,6
2015,00-0026498,0.012110077345237355,0.05872310285938398,0.0,0.0,0.0,0.0,0.0,0.0,0.0,2,true,6
2015,00-0026625,0.0032808177668372115,0.00350934877645721,0.0,0.0,0.0,0.0,0.0,0.0,0.013915464310176543,3,true,6
2015,00-0026796,0.006805663301455703,0.0,0.0,0.007581622788654342,0.0,0.0,0.0,0.0,0.0,2,true,6
2015,00-0026901,0.0,0.0,0.0,0.0,0.0,0.005918002193014311,0.0,0.0,0.015428014778673994,2,true,6
2015,00-0026986,0.0,0.0,0.0,0.0,0.0,0.0,0.0,0.0,0.010592368355507519,1,true,6
2015,00-0026989,0.0,0.0,0.0,0.0,0.0,0.0,0.0,0.0,0.010592368355507519,1,true,6
2015,00-0026991,0.0,0.0,0.0,0.0,0.0,0.0,0.0,0.0,0.013915464310176543,1,true,6
2015,00-0026995,0.0,0.0,0.0,0.0,0.0,0.005918002193014311,0.0,0.0,0.0,1,true,6
2015,00-0026998,0.0,0.0,0.0,0.0,0.0,0.0,0.0,0.0,0.013915464310176543,1,true,6
2015,00-0027018,0.0,0.0,0.0,0.0,0.0,0.0,0.0,0.0,0.010592368355507519,1,true,6
2015,00-0027029,0.008153319400753862,0.0,0.0,0.0510495934436059,0.0,0.0,0.0,0.0,0.010592368355507519,3,true,6
2015,00-0027150,0.0,0.0,0.0,0.0,0.0,0.00738285422098815,0.0,0.0,0.0,1,true,6
2015,00-0027155,0.0,0.0,0.0,0.003809671152507903,0.0,0.0,0.0,0.0,0.0,1,true,6
2015,00-0027218,0.0,0.0,0.0,0.007581622788654342,0.0,0.0,0.0,0.0,0.0,1,true,6
2015,00-0027265,0.0,0.0,0.0,0.0,0.0,0.00738285422098815,0.0,0.0,0.020873196465264816,2,true,6
2015,00-0027325,0.0,0.0,0.0,0.0030507725165501536,0.0,0.0,0.0,0.0,0.0,1,true,6
2015,00-0027531,0.0,0.0,0.0,0.007581622788654342,0.0,0.0,0.0,0.0,0.0,1,true,6
2015,00-0027656,0.012290824768300597,0.0,0.0,0.0,0.0,0.013315504934282197,0.0,0.0,0.0,2,true,6
2015,00-0027685,0.0,0.0,0.0,0.0,0.0,0.014620946594505944,0.0,0.0,0.0,1,true,6
2015,00-0027690,0.0,0.0,0.0,0.0,0.0,0.00493820050542916,0.0,0.0,0.0,1,true,6
2015,00-0027696,0.007418786121406667,0.0,0.0,0.0,0.0,0.00738285422098815,0.0,0.0,0.0,2,true,6
2015,00-0027714,0.0,0.0,0.0,0.0,0.0,0.0,0.0,0.0,0.0070266205922673635,1,true,6
2015,00-0027720,0.0,0.0,0.0,0.0,0.0,0.0,0.0,0.0,0.0070266205922673635,1,true,6
2015,00-0027758,0.0,0.0,0.0,0.0,0.0,0.00738285422098815,0.0,0.0,0.0,1,true,6
2015,00-0027793,0.014705093919216787,0.0,0.0,0.0,0.0,0.0932085345399754,0.0,0.0,0.0,2,true,6
2015,00-0027854,0.02287459054100389,0.028414404609379346,0.0,0.0,0.0,0.0,0.0,0.0,0.04731257865460025,3,true,6
2015,00-0027858,0.0,0.0,0.0,0.0,0.0,0.0,0.0,0.0,0.11828144663650061,1,true,6
2015,00-0027861,0.0,0.0,0.0,0.007581622788654342,0.0,0.0,0.0,0.0,0.027295718454577067,2,true,6
2015,00-0027864,0.0,0.0,0.0,0.007581622788654342,0.0,0.0,0.0,0.0,0.0,1,true,6
2015,00-0027874,0.008153319400753862,0.0,0.0,0.0,0.0,0.06628162456176027,0.0,0.0,0.0,2,true,6
2015,00-0027876,0.001643683152646986,0.0,0.0,0.0,0.0,0.0,0.0,0.0,0.005632449839833363,2,true,6
2015,00-0027891,0.0,0.0,0.0,0.0,0.0,0.009093515564875648,0.0,0.0,0.0,1,true,6
2015,00-0027902,0.012290824768300597,0.0,0.0,0.0,0.0,0.06778802511998211,0.0,0.0,0.0,2,true,6
2015,00-0027939,0.015537457725964907,0.005833420813846091,0.0,0.0,0.0,0.0,0.0,0.0,0.0,2,true,6
2015,00-0027942,0.006535597297429683,0.0,0.0,0.0,0.0,0.03924569875367385,0.0,0.0,0.0,2,true,6
2015,00-0027944,0.010835332361528158,0.0,0.0,0.0,0.0,0.10652403947425758,0.0,0.0,0.0,2,true,6
2015,00-0027949,0.02287459054100389,0.0,0.0,0.0,0.0,0.0,0.0,0.0,0.0,1,true,6
2015,00-0027966,0.0,0.0,0.0,0.011260939730207184,0.0,0.0,0.0,0.0,0.0,1,true,6
2015,00-0027973,0.00545354476474265,0.006990845578498093,0.0,0.0,0.0,0.0,0.0,0.0,0.0,2,true,6
2015,00-0027974,0.00545354476474265,0.005004809902788407,0.0,0.0,0.0,0.0,0.0,0.0,0.017309479995585457,3,true,6
2015,00-0027996,0.0,0.0,0.0,0.0,0.0,0.005918002193014311,0.0,0.0,0.0,1,true,6
2015,00-0028002,0.008153319400753862,0.0,0.0,0.0,0.0,0.0466042672699877,0.0,0.0,0.0,2,true,6
2015,00-0028009,0.010166484684890618,0.0,0.0,0.06381199180450738,0.0,0.0,0.0,0.0,0.0,2,true,6
2015,00-0028040,0.0,0.0,0.0,0.0,0.0,0.0,0.0,0.0,0.017309479995585457,1,true,6
2015,00-0028067,0.0,0.0,0.0,0.0,0.0,0.0029707899454972236,0.0,0.0,0.0,1,true,6
2015,00-0028092,0.00545354476474265,0.0,0.0,0.0,0.0,0.0,0.0,0.0,0.0,1,true,6
2015,00-0028912,0.0,0.0,0.0,0.0,0.0,0.0,0.0,0.0,0.008761588639740787,1,true,6
2015,00-0029137,0.0,0.0,0.0,0.0,0.0,0.0286795490892232,0.0,0.0,0.0,1,true,6
2015,00-0029141,0.0,0.0,0.0,0.02015115530668654,0.0,0.0,0.0,0.0,0.0,1,true,6
2015,00-0029248,0.00545354476474265,0.0,0.0,0.0,0.0,0.0,0.0,0.0,0.0,1,true,6
2015,00-0029263,0.03167250997985154,0.005833420813846091,0.0,0.0,0.0,0.0,0.0,0.0,0.0,2,true,6
2015,00-0029567,0.0032808177668372115,0.005833420813846091,0.0,0.0,0.0,0.0,0.0,0.0,0.020873196465264816,3,true,6
2015,00-0029577,0.0,0.0,0.0,0.0,0.0,0.0,0.0,0.0,0.013915464310176543,1,true,6
2015,00-0029608,0.008153319400753862,0.0,0.0,0.0,0.0,0.04386283978351783,0.0,0.0,0.0,2,true,6
2015,00-0029613,0.0,0.0,0.0,0.009453628415482574,0.0,0.0,0.0,0.0,0.013915464310176543,2,true,6
2015,00-0029615,0.0,0.0,0.0,0.013673998243823008,0.0,0.0,0.0,0.0,0.0,1,true,6
2015,00-0029638,0.0,0.0,0.0,0.0,0.0,0.00493820050542916,0.0,0.0,0.0,1,true,6
2015,00-0029665,0.0032808177668372115,0.004382321108909252,0.0,0.0,0.0,0.0,0.0,0.0,0.020873196465264816,3,true,6
2015,00-0029668,0.164697051895228,0.19574367619794658,0.0,0.0,0.0,0.0,0.0,0.0,0.0,2,true,6
2015,00-0029701,0.012290824768300597,0.01727150084099529,0.0,0.0,0.0,0.0,0.0,0.0,0.0,2,true,6
2015,00-0029708,0.0,0.0,0.0,0.0,0.0,0.003709792419501508,0.0,0.0,0.0,1,true,6
2015,00-0029854,0.006286147018901832,0.0,0.0,0.04030231061337308,0.0,0.0,0.0,0.0,0.0,2,true,6
2015,00-0030085,0.0,0.0,0.0,0.0,0.0,0.00493820050542916,0.0,0.0,0.0,1,true,6
2015,00-0030279,0.0,0.0,0.0,0.0,0.0,0.00738285422098815,0.0,0.0,0.0,1,true,6
2015,00-0030287,0.0,0.0,0.0,0.006077332552810226,0.0,0.0,0.0,0.0,0.020873196465264816,2,true,6
2015,00-0030388,0.0,0.0,0.0,0.027347996487646017,0.0,0.0,0.0,0.0,0.0,1,true,6
2015,00-0030401,0.0,0.0,0.0,0.0,0.0,0.0,0.0,0.0,0.013915464310176543,1,true,6
2015,00-0030456,0.0,0.0,0.0,0.007581622788654342,0.0,0.0,0.0,0.0,0.0,1,true,6
2015,00-0030459,0.0,0.0,0.0,0.0,0.0,0.0,0.0,0.0,0.020873196465264816,1,true,6
2015,00-0030485,0.014705093919216787,0.0,0.0,0.06961308196855351,0.0,0.0,0.0,0.0,0.0,2,true,6
2015,00-0030496,0.014705093919216787,0.0,0.0,0.036463995316861356,0.0,0.0,0.0,0.0,0.0,2,true,6
2015,00-0030506,0.0,0.0,0.0,0.0,0.0,0.0029707899454972236,0.0,0.0,0.0,1,true,6
2015,00-0030513,0.0,0.0,0.0,0.013673998243823008,0.0,0.0,0.0,0.0,0.0,1,true,6
2015,00-0030526,0.0,0.0,0.0,0.0,0.0,0.0,0.0,0.0,0.0070266205922673635,1,true,6
2015,00-0030564,0.0032808177668372115,0.0,0.0,0.0,0.0,0.025712699183441486,0.0,0.0,0.0,2,true,6
2015,00-0030565,0.0,0.0008799665763144453,0.0,0.0,0.0,0.0,0.0,0.0,0.013915464310176543,2,true,6
2015,00-0030656,0.0,0.0,0.0,0.005071151666583368,0.0,0.0,0.0,0.0,0.0,1,true,6
2015,00-0031045,0.0,0.0,0.0,0.015014586306942912,0.0,0.0,0.0,0.0,0.0,1,true,6
2015,00-0031235,0.010166484684890618,0.0,0.0,0.0,0.0,0.08521923157940607,0.0,0.0,0.0,2,true,6
2015,00-0031236,0.0,0.0,0.0,0.0,0.0,0.010965709945879457,0.0,0.0,0.0,1,true,6
2015,00-0031237,0.010166484684890618,0.0075935046800927565,0.0,0.0,0.0,0.0,0.0,0.0,0.0,2,true,6
2015,00-0031280,0.0032808177668372115,0.008309873046139242,0.0,0.0,0.0,0.0,0.0,0.0,0.0,2,true,6
2015,00-0031285,0.0,0.0,0.0,0.007581622788654342,0.0,0.0,0.0,0.0,0.0,1,true,6
2015,00-0031299,0.0,0.0,0.0,0.0,0.0,0.013315504934282197,0.0,0.0,0.0,1,true,6
2015,00-0031301,0.00545354476474265,0.0,0.0,0.12762398360901475,0.0,0.0,0.0,0.0,0.0,2,true,6
2015,00-0031325,0.00545354476474265,0.0,0.0,0.0,0.0,0.010965709945879457,0.0,0.0,0.0,2,true,6
2015,00-0031364,0.0,0.0,0.0,0.0,0.0,0.0,0.0,0.0,0.020873196465264816,1,true,6
2015,00-0031373,0.0,0.0,0.0,0.0,0.0,0.00738285422098815,0.0,0.0,0.0,1,true,6
2015,00-0031382,0.0,0.0,0.0,0.0,0.0,0.00738285422098815,0.0,0.0,0.0,1,true,6
2015,00-0031391,0.0,0.0,0.0,0.003809671152507903,0.0,0.0,0.0,0.0,0.0,1,true,6
2015,00-0031407,0.0032808177668372115,0.004382321108909252,0.0,0.0,0.0,0.0,0.0,0.0,0.0,2,true,6
2015,00-0031408,0.0,0.0,0.0,0.0,0.0,0.018187031129751296,0.0,0.0,0.0,1,true,6
2015,00-0031409,0.001643683152646986,0.0,0.0,0.0,0.0,0.0,0.0,0.0,0.011634240652770553,2,true,6
2015,00-0031413,0.0,0.0,0.0,0.003809671152507903,0.0,0.0,0.0,0.0,0.0,1,true,6
2015,00-0031428,0.0,0.0,0.0,0.0,0.0,0.009093515564875648,0.0,0.0,0.0,1,true,6
2015,00-0031431,0.0,0.0,0.0,0.0,0.0,0.0,0.0,0.0,0.033794699039000176,1,true,6
2015,00-0031503,0.004096941589433533,0.011590086090667891,0.0,0.0,0.0,0.0,0.0,0.11492521812820533,0.0,3,true,6
2015,00-0031534,0.0,0.0,0.0,0.0,0.0,0.0,0.0,0.004570889357371803,0.0,1,true,6
2015,00-0031544,0.008153319400753862,0.0,0.0,0.0,0.0,0.008670561352555851,0.0,0.10726353691965831,0.0,3,true,6
2015,00-0031545,0.0,0.0,0.0,0.0,0.0,0.0014883598329736589,0.0,0.006384734340455851,0.0,2,true,6
2015,00-0031547,0.0,0.0,0.0,0.0,0.0,0.0,0.0,0.030941404880670667,0.0,1,true,6
2015,00-0031549,0.0,0.0,0.0,0.0,0.0,0.00493820050542916,0.0,0.061882809761341334,0.0,2,true,6
2015,00-0031558,0.0,0.0,0.0,0.0,0.0,0.0,0.0,0.019621378704815545,0.0,1,true,6
2015,00-0031560,0.0,0.0,0.0,0.0,0.0,0.0,0.0,0.01133065530841461,0.0,1,true,6
2015,00-0031568,0.0,0.0,0.0,0.0,0.0,0.0,0.0,0.0079651141276974,0.0,1,true,6
2015,00-0031569,0.0,0.0,0.0,0.0,0.0,0.0,0.0,0.0061410421900567735,0.0,1,true,6
2015,00-0031570,0.0,0.0,0.0,0.0,0.0,0.0,0.0,0.005327659118526075,0.0,1,true,6
2015,00-0031572,0.0,0.0,0.0,0.0,0.0,0.0,0.0,0.005327659118526075,0.0,1,true,6
2015,00-0031590,0.0,0.0,0.0,0.0,0.0,0.0,0.0,0.009931808974042436,0.0,1,true,6
2015,00-0031599,0.0,0.0,0.0,0.0,0.0,0.0,0.0,0.006384734340455851,0.0,1,true,6
2015,00-0031934,0.0,0.0,0.0,0.0,0.0,0.0,0.0,0.006384734340455851,0.0,1,true,6
2015,00-0031939,0.0,0.0,0.0,0.0,0.0,0.0,0.0,0.009931808974042436,0.0,1,true,6
2015,00-0031941,0.0,0.0,0.0,0.0,0.0,0.0,0.0,0.004570889357371803,0.0,1,true,6
2015,00-0032053,0.0,0.0,0.0,0.0,0.0,0.0,0.0,0.005327659118526075,0.0,1,true,6
2015,00-0032054,0.0,0.0,0.0,0.0,0.0,0.003709792419501508,0.0,0.019154203021367555,0.0,2,true,6
2015,00-0032055,0.0,0.0,0.0,0.0,0.0,0.0,0.0,0.02234657019159548,0.0,1,true,6
2015,00-0032058,0.0,0.0,0.0,0.007581622788654342,0.0,0.0,0.0,0.022985043625641067,0.0,2,true,6
2015,00-0032104,0.0,0.0,0.0,0.0,0.0,0.0,0.0,0.061882809761341334,0.0,1,true,6
2015,00-0032128,0.0,0.0,0.0,0.0,0.0,0.0,0.0,0.0079651141276974,0.0,1,true,6
2015,00-0032144,0.010835332361528158,0.0,0.0,0.021878397190116815,0.0,0.0,0.0,0.10055956586217966,0.0,3,true,6
2015,00-0032148,0.0,0.0,0.0,0.0,0.0,0.0,0.0,0.004570889357371803,0.0,1,true,6
2015,00-0032166,0.0,0.0,0.0,0.0,0.0,0.0,0.0,0.009354378219737643,0.0,1,true,6
2015,00-0032187,0.0,0.0,0.0,0.0,0.0,0.0,0.0,0.01133065530841461,0.027295718454577067,2,true,6
2015,00-0032200,0.0,0.0,0.0,0.0,0.0,0.0,0.0,0.006384734340455851,0.0,1,true,6
2015,00-0032203,0.0,0.0,0.0,0.0,0.0,0.0,0.0,0.006384734340455851,0.0,1,true,6
2015,00-0032208,0.0,0.0,0.0,0.0,0.0,0.0,0.0,0.02401422468350559,0.0,1,true,6
2015,00-0032209,0.0,0.0,0.0,0.014447998144416765,0.0,0.0,0.0,0.036567114858974424,0.0,2,true,6
2015,00-0032211,0.0,0.0,0.0,0.0,0.0,0.0,0.0,0.023661074320512863,0.0,1,true,6
2015,00-0032214,0.0,0.0,0.0,0.0,0.0,0.0,0.0,0.006384734340455851,0.0,1,true,6
2015,00-0032218,0.0,0.0,0.0,0.0,0.0,0.0,0.0,0.019621378704815545,0.0,1,true,6
2015,00-0032222,0.0,0.0,0.0,0.0,0.0,0.0,0.0,0.004570889357371803,0.0,1,true,6
2015,00-0032241,0.00545354476474265,0.0,0.0,0.01142901345752371,0.0,0.0,0.0,0.055481139786030156,0.0,3,true,6
2015,00-0032245,0.0,0.0,0.0,0.0,0.0,0.0,0.0,0.004570889357371803,0.0,1,true,6
2015,00-0032256,0.0,0.0,0.0,0.0,0.0,0.0,0.0,0.007589401197145635,0.0,1,true,6
2015,00-0032257,0.0,0.0,0.0,0.0,0.0,0.0,0.0,0.019621378704815545,0.0,1,true,6
2015,00-0032259,0.0,0.0,0.0,0.0,0.0,0.0,0.0,0.0061410421900567735,0.0,1,true,6
2015,00-0032268,0.0032808177668372115,0.004382321108909252,0.0,0.0,0.0,0.0,0.0,0.09464429728205145,0.0,3,true,6
2016,00-0019596,0.04625631691278278,0.027612502684075738,0.0,0.0,0.0,0.0,0.0,0.0,0.0,2,true,6
2016,00-0020337,0.0,0.0,0.0,0.0,0.0,0.003959441215136592,0.0,0.0,0.03316288089976893,2,true,6
2016,00-0020531,0.02244791850179164,0.11486801116575505,0.0,0.0,0.0,0.0,0.0,0.0,0.02048295584985728,3,true,6
2016,00-0021206,0.0,0.002601177789079598,0.0,0.0,0.0,0.0,0.0,0.0,0.0,1,true,6
2016,00-0021429,0.04770182681630724,0.055225005368151475,0.0,0.0,0.0,0.0,0.0,0.0,0.0,2,true,6
2016,00-0021678,0.007556725040207087,0.017510367555755343,0.0,0.0,0.0,0.0,0.0,0.0,0.06964204988951476,3,true,6
2016,00-0022161,0.0,0.0,0.0,0.0,0.0,0.0,0.0,0.0,0.013655303899904854,1,true,6
2016,00-0022803,0.02120081191835877,0.05982708914883075,0.0,0.0,0.0,0.0,0.0,0.0,0.016985865826710918,3,true,6
2016,00-0022921,0.0025356452792721458,0.0,0.0,0.0,0.0,0.0068996203352875264,0.0,0.0,0.0,2,true,6
2016,00-0022924,0.09540365363261448,0.08446177291599637,0.0,0.0,0.0,0.0,0.0,0.0,0.0,2,true,6
2016,00-0022942,0.007556725040207087,0.07179250697859692,0.0,0.0,0.0,0.0,0.0,0.0,0.0,2,true,6
2016,00-0023013,0.0,0.0,0.0,0.0,0.0,0.0,0.0,0.0,0.006895252464308391,1,true,6
2016,00-0023368,0.0,0.0,0.0,0.0,0.0,0.0,0.0,0.0,0.013655303899904854,1,true,6
2016,00-0023436,0.005054498205701429,0.009446382497183804,0.0,0.0,0.0,0.0,0.0,0.0,0.0,2,true,6
2016,00-0023459,0.11307099689791344,0.07179250697859692,0.0,0.0,0.0,0.0,0.0,0.0,0.0,2,true,6
2016,00-0023496,0.0,0.0,0.0,0.0,0.0,0.002315154996226047,0.0,0.0,0.010394335804405188,2,true,6
2016,00-0023500,0.0,0.0,0.0,0.016667799351175353,0.0,0.0,0.0,0.0,0.0,1,true,6
2016,00-0023682,0.003377120482570424,0.01994236304961025,0.0,0.0,0.0,0.0,0.0,0.0,0.0,2,true,6
2016,00-0024226,0.006057374833816792,0.012272223415144773,0.0,0.0,0.0,0.0,0.0,0.0,0.016985865826710918,3,true,6
2016,00-0024334,0.003377120482570424,0.0,0.0,0.0,0.0,0.02402971220220828,0.0,0.0,0.0,2,true,6
2016,00-0024389,0.0,0.0,0.0,0.0,0.0,0.002315154996226047,0.0,0.0,0.0,1,true,6
2016,00-0025394,0.024620297711642446,0.0,0.0,0.08572011094890182,0.0,0.0,0.0,0.0,0.0,2,true,6
2016,00-0025418,0.0025356452792721458,0.0,0.0,0.0,0.0,0.002315154996226047,0.0,0.0,0.0,2,true,6
2016,00-0026143,0.010042489856064681,0.0652659154350881,0.0,0.0,0.0,0.0,0.0,0.0,0.0,2,true,6
2016,00-0026144,0.0,0.0,0.0,0.0,0.0,0.0,0.0,0.0,0.005527146816628155,1,true,6
2016,00-0026153,0.003040753900641099,0.0,0.0,0.026088729419230988,0.0,0.0,0.0,0.0,0.0,2,true,6
2016,00-0026158,0.007556725040207087,0.026589817399480336,0.0,0.0,0.0,0.0,0.0,0.0,0.03316288089976893,3,true,6
2016,00-0026164,0.0,0.0,0.0,0.00594099778853775,0.0,0.0,0.0,0.0,0.0,1,true,6
2016,00-0026176,0.003040753900641099,0.0,0.0,0.0,0.0,0.058071804488670005,0.0,0.0,0.09948864269930678,3,true,6
2016,00-0026184,0.0,0.0,0.0,0.016667799351175353,0.0,0.0,0.0,0.0,0.0,1,true,6
2016,00-0026189,0.0,0.0,0.0,0.0,0.0,0.008103042486791164,0.0,0.0,0.0,1,true,6
2016,00-0026213,0.006057374833816792,0.0,0.0,0.04000271844282085,0.0,0.0,0.0,0.0,0.09948864269930678,3,true,6
2016,00-0026373,0.0,0.0,0.0,0.016667799351175353,0.0,0.0,0.0,0.0,0.02048295584985728,2,true,6
2016,00-0026498,0.007556725040207087,0.03263295771754405,0.0,0.0,0.0,0.0,0.0,0.0,0.013655303899904854,3,true,6
2016,00-0026796,0.0,0.0,0.0,0.028573370316300604,0.0,0.0,0.0,0.0,0.02048295584985728,2,true,6
2016,00-0026898,0.0016923042772969308,0.005697818014174358,0.0,0.0,0.0,0.0,0.0,0.0,0.0,2,true,6
2016,00-0026995,0.0025356452792721458,0.0,0.0,0.0,0.0,0.015837764860546368,0.0,0.0,0.0,2,true,6
2016,00-0027002,0.0019033147856880694,0.0,0.0,0.0,0.0,0.0,0.0,0.0,0.0,1,true,6
2016,00-0027029,0.003040753900641099,0.0,0.0,0.04000271844282085,0.0,0.0,0.0,0.0,0.0,2,true,6
2016,00-0027150,0.0019033147856880694,0.0,0.0,0.0,0.0,0.009169232287684738,0.0,0.0,0.0,2,true,6
2016,00-0027155,0.0,0.0,0.0,0.009836734043316604,0.0,0.0,0.0,0.0,0.0,1,true,6
2016,00-0027265,0.0,0.0,0.0,0.0,0.0,0.0,0.0,0.0,0.02048295584985728,1,true,6
2016,00-0027325,0.0,0.0,0.0,0.007895273376872536,0.0,0.0,0.0,0.0,0.0,1,true,6
2016,00-0027531,0.0,0.0,0.0,0.011765505424359073,0.0,0.0,0.0,0.0,0.0,1,true,6
2016,00-0027656,0.011564079228195695,0.0,0.0,0.0,0.0,0.01699662570400098,0.0,0.0,0.0,2,true,6
2016,00-0027685,0.0019033147856880694,0.0,0.0,0.0,0.0,0.011912165023316927,0.0,0.0,0.0,2,true,6
2016,00-0027690,0.0,0.0,0.0,0.0,0.0,0.01366395399733412,0.0,0.0,0.0,1,true,6
2016,00-0027696,0.0025356452792721458,0.0,0.0,0.0,0.0,0.0,0.0,0.0,0.016985865826710918,2,true,6
2016,00-0027714,0.0,0.0,0.0,0.0,0.0,0.0,0.0,0.0,0.006895252464308391,1,true,6
2016,00-0027791,0.0,0.0,0.0,0.0019934909523000423,0.0,0.0,0.0,0.0,0.0,1,true,6
2016,00-0027793,0.01861534705026624,0.0,0.0,0.0,0.0,0.15485814530312003,0.0,0.0,0.0,2,true,6
2016,00-0027854,0.005054498205701429,0.01407696215266606,0.0,0.0,0.0,0.0,0.0,0.0,0.026785403803659524,3,true,6
2016,00-0027855,0.0019033147856880694,0.0,0.0,0.0,0.0,0.0,0.0,0.0,0.0,1,true,6
2016,00-0027861,0.0,0.0,0.0,0.0,0.0,0.0,0.0,0.0,0.013655303899904854,1,true,6
2016,00-0027864,0.0,0.0,0.0,0.01764825813653861,0.0,0.0,0.0,0.0,0.0,1,true,6
2016,00-0027874,0.0015234116348521274,0.0,0.0,0.0,0.0,0.02049593099600118,0.0,0.0,0.0,2,true,6
2016,00-0027891,0.0015234116348521274,0.0,0.0,0.0,0.0,0.015837764860546368,0.0,0.0,0.0,2,true,6
2016,00-0027902,0.0037971603435866456,0.0,0.0,0.0,0.0,0.026802371302463084,0.0,0.0,0.0,2,true,6
2016,00-0027939,0.08979167400716656,0.01407696215266606,0.0,0.0,0.0,0.0,0.0,0.0,0.0,2,true,6
2016,00-0027940,0.006057374833816792,0.0,0.0,0.0,0.0,0.0,0.0,0.0,0.0,1,true,6
2016,00-0027942,0.003040753900641099,0.0,0.0,0.0,0.0,0.04495881637832517,0.0,0.0,0.0,2,true,6
2016,00-0027944,0.00795030446938454,0.0,0.0,0.0,0.0,0.11614360897734001,0.0,0.0,0.0,2,true,6
2016,00-0027948,0.0015234116348521274,0.004754470660834232,0.0,0.0,0.0,0.0,0.0,0.0,0.0,2,true,6
2016,00-0027949,0.010042489856064681,0.0,0.0,0.0,0.0,0.0,0.0,0.0,0.0,1,true,6
2016,00-0027966,0.0016923042772969308,0.0,0.0,0.023078491409319724,0.0,0.0,0.0,0.0,0.0,2,true,6
2016,00-0027973,0.014965279001194428,0.01407696215266606,0.0,0.0,0.0,0.0,0.0,0.0,0.0,2,true,6
2016,00-0027974,0.0025356452792721458,0.003571766516348105,0.0,0.0,0.0,0.0,0.0,0.0,0.03316288089976893,3,true,6
2016,00-0028002,0.0,0.0,0.0,0.0,0.0,0.0068996203352875264,0.0,0.0,0.0,1,true,6
2016,00-0028009,0.003040753900641099,0.0,0.0,0.01764825813653861,0.0,0.0,0.0,0.0,0.016985865826710918,3,true,6
2016,00-0028087,0.0015234116348521274,0.0,0.0,0.0,0.0,0.0,0.0,0.0,0.0,1,true,6
2016,00-0028092,0.0019033147856880694,0.0,0.0,0.0,0.0,0.0,0.0,0.0,0.0,1,true,6
2016,00-0028118,0.005054498205701429,0.005697818014174358,0.0,0.0,0.0,0.0,0.0,0.0,0.0,2,true,6
2016,00-0028434,0.0019033147856880694,0.0,0.0,0.0,0.0,0.01699662570400098,0.0,0.0,0.0,2,true,6
2016,00-0029137,0.0037971603435866456,0.0,0.0,0.0,0.0,0.026802371302463084,0.0,0.0,0.0,2,true,6
2016,00-0029248,0.003040753900641099,0.0,0.0,0.0,0.0,0.0,0.0,0.0,0.0,1,true,6
2016,00-0029263,0.06938447536917416,0.02111544322899909,0.0,0.0,0.0,0.0,0.0,0.0,0.0,2,true,6
2016,00-0029285,0.003040753900641099,0.0,0.0,0.0,0.0,0.0,0.0,0.0,0.0,1,true,6
2016,00-0029293,0.0,0.0,0.0,0.0,0.0,0.010974199273449451,0.0,0.0,0.0,1,true,6
2016,00-0029567,0.0,0.0,0.0,0.0,0.0,0.0,0.0,0.0,0.006895252464308391,1,true,6
2016,00-0029604,0.011564079228195695,0.034186908085046146,0.0,0.0,0.0,0.0,0.0,0.0,0.0,2,true,6
2016,00-0029608,0.0023411939541745884,0.0,0.0,0.0,0.0,0.025809690883853337,0.0,0.0,0.0,2,true,6
2016,00-0029613,0.0025356452792721458,0.0,0.0,0.06000407766423128,0.0,0.0,0.0,0.0,0.0,2,true,6
2016,00-0029615,0.003377120482570424,0.0,0.0,0.06000407766423128,0.0,0.0,0.0,0.0,0.0,2,true,6
2016,00-0029638,0.0,0.0,0.0,0.0,0.0,0.0068996203352875264,0.0,0.0,0.0,1,true,6
2016,00-0029665,0.003040753900641099,0.0071081690077818725,0.0,0.0,0.0,0.0,0.0,0.0,0.026785403803659524,3,true,6
2016,00-0029668,0.05653549844895672,0.07179250697859692,0.0,0.0,0.0,0.0,0.0,0.0,0.08705256236189345,3,true,6
2016,00-0029682,0.007556725040207087,0.01407696215266606,0.0,0.0,0.0,0.0,0.0,0.0,0.0,2,true,6
2016,00-0029701,0.005054498205701429,0.02111544322899909,0.0,0.0,0.0,0.0,0.0,0.0,0.0,2,true,6
2016,00-0029854,0.0,0.0,0.0,0.028573370316300604,0.0,0.0,0.0,0.0,0.0,1,true,6
2016,00-0030279,0.003377120482570424,0.0,0.0,0.0,0.0,0.02049593099600118,0.0,0.0,0.0,2,true,6
2016,00-0030456,0.0,0.0,0.0,0.0034093225945585953,0.0,0.0,0.0,0.0,0.0,1,true,6
2016,00-0030459,0.003040753900641099,0.0,0.0,0.0,0.0,0.0,0.0,0.0,0.06331095444501342,2,true,6
2016,00-0030472,0.003040753900641099,0.0,0.0,0.0,0.0,0.002776341250454343,0.0,0.0,0.0,2,true,6
2016,00-0030485,0.005054498205701429,0.0,0.0,0.033335598702350706,0.0,0.0,0.0,0.0,0.02048295584985728,3,true,6
2016,00-0030496,0.014965279001194428,0.0,0.0,0.05000339805352606,0.0,0.0,0.0,0.0,0.09948864269930678,3,true,6
2016,00-0030506,0.0015234116348521274,0.0,0.0,0.0,0.0,0.002315154996226047,0.0,0.0,0.0,2,true,6
2016,00-0030513,0.0015234116348521274,0.0,0.0,0.01764825813653861,0.0,0.0,0.0,0.0,0.0,2,true,6
2016,00-0030564,0.005054498205701429,0.0,0.0,0.0,0.0,0.06335105944218547,0.0,0.0,0.0,2,true,6
2016,00-0030565,0.0,0.004754470660834232,0.0,0.0,0.0,0.0,0.0,0.0,0.006895252464308391,2,true,6
2016,00-0030656,0.0,0.0,0.0,0.00594099778853775,0.0,0.0,0.0,0.0,0.0,1,true,6
2016,00-0030663,0.0,0.0,0.0,0.0,0.0,0.0068996203352875264,0.0,0.0,0.0,1,true,6
2016,00-0030821,0.0,0.0,0.0,0.0,0.0,0.003959441215136592,0.0,0.0,0.0,1,true,6
2016,00-0031040,0.007556725040207087,0.0,0.0,0.0,0.0,0.0,0.0,0.0,0.0,1,true,6
2016,00-0031045,0.0,0.0,0.0,0.03243463657526015,0.0,0.0,0.0,0.0,0.0,1,true,6
2016,00-0031051,0.0,0.0,0.0,0.0,0.0,0.010974199273449451,0.0,0.0,0.0,1,true,6
2016,00-0031235,0.007556725040207087,0.0,0.0,0.0,0.0,0.06636777655848,0.0,0.0,0.0,2,true,6
2016,00-0031236,0.0015234116348521274,0.0,0.0,0.0,0.0,0.02049593099600118,0.0,0.0,0.0,2,true,6
2016,00-0031280,0.010749707451562195,0.02111544322899909,0.0,0.0,0.0,0.0,0.0,0.0,0.0,2,true,6
2016,00-0031285,0.0025356452792721458,0.0,0.0,0.023078491409319724,0.0,0.0,0.0,0.0,0.0,2,true,6
2016,00-0031299,0.0025356452792721458,0.0,0.0,0.0,0.0,0.010974199273449451,0.0,0.0,0.0,2,true,6
2016,00-0031301,0.0,0.0,0.0,0.01764825813653861,0.0,0.0,0.0,0.0,0.0,1,true,6
2016,00-0031325,0.0,0.0,0.0,0.0,0.0,0.02049593099600118,0.0,0.0,0.0,1,true,6
2016,00-0031339,0.0,0.0,0.0,0.0,0.0,0.00860323029461778,0.0,0.0,0.0,1,true,6
2016,00-0031345,0.0025356452792721458,0.002601177789079598,0.0,0.0,0.0,0.0,0.0,0.0,0.0,2,true,6
2016,00-0031359,0.0015234116348521274,0.0,0.0,0.0,0.0,0.010400920206925972,0.0,0.0,0.03316288089976893,3,true,6
2016,00-0031364,0.0,0.0,0.0,0.0,0.0,0.0,0.0,0.0,0.013655303899904854,1,true,6
2016,00-0031382,0.0,0.0,0.0,0.0,0.0,0.015837764860546368,0.0,0.0,0.0,1,true,6
2016,00-0031407,0.010042489856064681,0.03121413346895518,0.0,0.0,0.0,0.0,0.0,0.0,0.0,2,true,6
2016,00-0031408,0.0,0.0,0.0,0.0,0.0,0.02049593099600118,0.0,0.0,0.0,1,true,6
2016,00-0031409,0.00008479382613719763,0.0,0.0,0.0,0.0,0.0,0.0,0.0,0.0027745836609368428,2,true,6
2016,00-0031428,0.0025356452792721458,0.0,0.0,0.0,0.0,0.02402971220220828,0.0,0.0,0.0,2,true,6
2016,00-0031503,0.00838713438528479,0.01407696215266606,0.0,0.0,0.0,0.0,0.0,0.0,0.0,2,true,6
2016,00-0031544,0.003040753900641099,0.0,0.0,0.0,0.0,0.02402971220220828,0.0,0.0,0.0,2,true,6
2016,00-0031545,0.0,0.0,0.0,0.0,0.0,0.0068996203352875264,0.0,0.0,0.0,1,true,6
2016,00-0031547,0.0,0.0,0.0,0.0,0.0,0.0068996203352875264,0.0,0.0,0.0,1,true,6
2016,00-0031569,0.0,0.0,0.0,0.016667799351175353,0.0,0.0,0.0,0.0,0.0,1,true,6
2016,00-0031590,0.0,0.0,0.0,0.016667799351175353,0.0,0.0,0.0,0.0,0.0,1,true,6
2016,00-0031897,0.0037971603435866456,0.0,0.0,0.033335598702350706,0.0,0.0,0.0,0.0,0.0,2,true,6
2016,00-0031939,0.0,0.0,0.0,0.023078491409319724,0.0,0.0,0.0,0.0,0.0,1,true,6
2016,00-0032058,0.0,0.0,0.0,0.0019934909523000423,0.0,0.0,0.0,0.0,0.0,1,true,6
2016,00-0032104,0.0,0.0,0.0,0.007895273376872536,0.0,0.0,0.0,0.0,0.0,1,true,6
2016,00-0032144,0.0015234116348521274,0.0,0.0,0.013044364709615494,0.0,0.0,0.0,0.0,0.0,2,true,6
2016,00-0032152,0.0,0.0,0.0,0.0019934909523000423,0.0,0.0,0.0,0.0,0.0,1,true,6
2016,00-0032156,0.0037971603435866456,0.0,0.0,0.0,0.0,0.0,0.0,0.0,0.0,1,true,6
2016,00-0032187,0.010749707451562195,0.0,0.0,0.03000203883211564,0.0,0.0,0.0,0.0,0.0,2,true,6
2016,00-0032209,0.0015234116348521274,0.0,0.0,0.00594099778853775,0.0,0.0,0.0,0.0,0.0,2,true,6
2016,00-0032218,0.0,0.0,0.0,0.0,0.0,0.002315154996226047,0.0,0.0,0.0,1,true,6
2016,00-0032241,0.015576106715528892,0.0,0.0,0.0800054368856417,0.0,0.0,0.0,0.0,0.0,2,true,6
2016,00-0032268,0.009422583074826121,0.011305906610802663,0.0,0.0,0.0,0.0,0.0,0.0,0.0,2,true,6
2016,00-0032385,0.0,0.0,0.0,0.0,0.0,0.0,0.0,0.06684585336466904,0.0,1,true,6
2016,00-0032393,0.0,0.0,0.0,0.0,0.0,0.0,0.0,0.013107030071503732,0.0,1,true,6
2016,00-0032411,0.0,0.0,0.0,0.0,0.0,0.0,0.0,0.023050294263678977,0.0,1,true,6
2016,00-0032417,0.0,0.0,0.0,0.0,0.0,0.0,0.0,0.01630386667430952,0.0,1,true,6
2016,00-0032760,0.0,0.0,0.0,0.0,0.0,0.0,0.0,0.025709943601795786,0.0,1,true,6
2016,00-0032764,0.004336529710573385,0.0,0.0,0.00594099778853775,0.0,0.0,0.0,0.05141988720359157,0.0,3,true,6
2016,00-0032765,0.0,0.0,0.0,0.0,0.0,0.0,0.0,0.031831358745080494,0.0,1,true,6
2016,00-0032778,0.0,0.0,0.0,0.0,0.0,0.0,0.0,0.031831358745080494,0.0,1,true,6
2016,00-0032780,0.0,0.0,0.0,0.0019934909523000423,0.0,0.0,0.0,0.01630386667430952,0.0,2,true,6
2016,00-0032950,0.0021744422480367972,0.004079119714693006,0.0,0.0,0.0,0.0,0.0,0.07427317040518781,0.0,3,true,6
2016,00-0032951,0.0025356452792721458,0.0,0.0,0.0,0.0,0.0,0.0,0.031831358745080494,0.0,2,true,6
2016,00-0032966,0.0,0.0,0.0,0.0,0.0,0.002315154996226047,0.0,0.031831358745080494,0.0,2,true,6
2016,00-0032972,0.0,0.0,0.0,0.0,0.0,0.0,0.0,0.023050294263678977,0.0,1,true,6
2016,00-0033009,0.0,0.0,0.0,0.0,0.0,0.0,0.0,0.025709943601795786,0.0,1,true,6
2016,00-0033045,0.007556725040207087,0.0,0.0,0.06316218701498029,0.0,0.0,0.0,0.3899341446272361,0.0,3,true,6
2016,00-0033069,0.0,0.0,0.0,0.0,0.0,0.0,0.0,0.013107030071503732,0.0,1,true,6
2016,00-0033077,0.007556725040207087,0.0,0.0,0.0,0.0,0.0,0.0,0.06684585336466904,0.0,2,true,6
2016,00-0033106,0.0019033147856880694,0.005278860807249773,0.0,0.0,0.0,0.0,0.0,0.03518202808666791,0.0,3,true,6
2016,00-0033108,0.0015234116348521274,0.002385133122212522,0.0,0.0,0.0,0.0,0.0,0.0,0.0,2,true,6
2016,00-0033127,0.0,0.0,0.0,0.0,0.0,0.0,0.0,0.031831358745080494,0.0,1,true,6
2017,00-0019596,0.16230301885005355,0.11530970641665943,0.16163930342474023,0.0,0.0,0.0,0.0,0.0,0.0,3,true,9
2017,00-0020531,0.023152048277139993,0.23740233674018119,0.11545664530338587,0.0,0.0,0.0,0.0,0.0,0.0,3,true,9
2017,00-0021206,0.0026151815329659794,0.003215808545484526,0.0,0.0,0.0,0.0,0.0,0.0,0.0,2,true,9
2017,00-0021429,0.014056600739692138,0.019687023046746733,0.023770485797755914,0.0,0.0,0.0,0.0,0.0,0.021080996246406414,4,true,9
2017,00-0021678,0.0,0.0,0.0,0.0,0.0,0.0,0.0,0.0,0.003629840413288521,1,true,9
2017,00-0022803,0.011748800618250146,0.019687023046746733,0.038485548434461954,0.0,0.0,0.0,0.0,0.0,0.0,3,true,9
2017,00-0022921,0.0,0.0,0.0,0.0,0.0,0.007064707617280561,0.0,0.0,0.0,1,true,9
2017,00-0022924,0.04770725099531878,0.026037675642471485,0.06216896285566932,0.0,0.0,0.0,0.0,0.0,0.0,3,true,9
2017,00-0022942,0.009718143721268639,0.031044920958331387,0.06216896285566932,0.0,0.0,0.0,0.0,0.0,0.0,3,true,9
2017,00-0023436,0.006247378106529839,0.005345483078917987,0.0,0.0,0.0,0.0,0.0,0.0,0.0,2,true,9
2017,00-0023459,0.09839620517784498,0.084965046833328,0.16163930342474023,0.0,0.0,0.0,0.0,0.0,0.0,3,true,9
2017,00-0024226,0.009718143721268639,0.0,0.015846990531837277,0.0,0.0,0.0,0.0,0.0,0.04216199249281283,3,true,9
2017,00-0024334,0.0,0.0,0.0,0.0,0.0,0.0035499277081857544,0.0,0.0,0.013368436644062603,2,true,9
2017,00-0024389,0.0,0.0,0.0,0.0,0.0,0.002370549732044308,0.0,0.0,0.0,1,true,9
2017,00-0025394,0.0044725547808111355,0.0,0.0,0.01417706214232416,0.02210406441264558,0.0,0.0,0.0,0.026100281066979366,4,true,9
2017,00-0025396,0.0,0.0,0.0,0.0,0.0,0.002370549732044308,0.0,0.0,0.0,1,true,9
2017,00-0025399,0.0,0.0,0.0,0.0278088526637897,0.02635484603046204,0.0,0.0,0.0,0.06090065582295185,3,true,9
2017,00-0025418,0.0031361340295727484,0.0,0.0,0.0,0.0,0.008296924062155077,0.0,0.0,0.0,2,true,9
2017,00-0025708,0.0,0.0,0.0,0.0,0.0,0.0,0.0,0.0,0.006766739535883539,1,true,9
2017,00-0026143,0.04142998112751367,0.084965046833328,0.10102456464046264,0.0,0.0,0.0,0.0,0.0,0.0,3,true,9
2017,00-0026144,0.0,0.0,0.0,0.0,0.0,0.0,0.0,0.0,0.028847679074029825,1,true,9
2017,00-0026158,0.0044725547808111355,0.019687023046746733,0.0,0.0,0.0,0.0,0.0,0.0,0.0,2,true,9
2017,00-0026176,0.0044725547808111355,0.0,0.0,0.0,0.0,0.026427239605382836,0.08889362772577118,0.0,0.0,3,true,9
2017,00-0026184,0.0,0.0,0.0,0.0071587145471141795,0.0,0.0,0.0,0.0,0.0,1,true,9
2017,00-0026189,0.0,0.0,0.0,0.0,0.0,0.00566297991543918,0.0,0.0,0.016120761835487257,2,true,9
2017,00-0026201,0.0,0.0,0.0,0.0,0.0,0.0017793901978686699,0.0,0.0,0.0,1,true,9
2017,00-0026213,0.0031361340295727484,0.0,0.0,0.010791495063560181,0.009016131536737013,0.0,0.0,0.0,0.026100281066979366,4,true,9
2017,00-0026345,0.0,0.0,0.0,0.0,0.0,0.00472540045924064,0.0,0.0,0.0,1,true,9
2017,00-0026498,0.007793758825967919,0.031044920958331387,0.01971211017374881,0.0,0.0,0.0,0.0,0.0,0.0,3,true,9
2017,00-0026625,0.0026151815329659794,0.005345483078917987,0.0,0.0,0.0,0.0,0.0,0.0,0.0,2,true,9
2017,00-0026901,0.0,0.0,0.0,0.0,0.0,0.0035499277081857544,0.0,0.0,0.0,1,true,9
2017,00-0026986,0.0,0.0,0.0,0.0,0.0,0.008296924062155077,0.033864239133627114,0.0,0.0,2,true,9
2017,00-0026995,0.0,0.0,0.0,0.0,0.0,0.0,0.0,0.0,0.016120761835487257,1,true,9
2017,00-0027002,0.0,0.0,0.0,0.0,0.0,0.0,0.0,0.0,0.008180685110545772,1,true,9
2017,00-0027006,0.0,0.0,0.0,0.0,0.0,0.0035499277081857544,0.0,0.0,0.0,1,true,9
2017,00-0027029,0.006247378106529839,0.0,0.0,0.04253118642697248,0.04282662479950081,0.0,0.0,0.0,0.0,3,true,9
2017,00-0027265,0.0,0.0,0.0,0.0,0.0,0.0,0.0,0.0,0.008180685110545772,1,true,9
2017,00-0027325,0.0,0.0,0.0,0.0071587145471141795,0.019034055466444804,0.0,0.0,0.0,0.0,2,true,9
2017,00-0027551,0.0,0.0,0.0,0.0,0.0,0.0,0.0,0.0,0.010747174556991503,1,true,9
2017,00-0027656,0.006247378106529839,0.0,0.0,0.0,0.0,0.007064707617280561,0.07111490218061695,0.0,0.021080996246406414,4,true,9
2017,00-0027685,0.0,0.0,0.0,0.0,0.0,0.013990891555790915,0.0,0.0,0.0,1,true,9
2017,00-0027690,0.0,0.0,0.0,0.0,0.0,0.0035499277081857544,0.0,0.0,0.021080996246406414,2,true,9
2017,00-0027696,0.0031361340295727484,0.0,0.0,0.0,0.0,0.0035499277081857544,0.0,0.0,0.0,2,true,9
2017,00-0027793,0.007793758825967919,0.0,0.0,0.0,0.0,0.15021799354638665,0.10159271740088134,0.0,0.0,3,true,9
2017,00-0027854,0.015434698851426662,0.00996503635699526,0.0,0.0,0.0,0.0,0.0,0.0,0.0,2,true,9
2017,00-0027861,0.0,0.0,0.0,0.0,0.0,0.0,0.0,0.0,0.004350046844496561,1,true,9
2017,00-0027866,0.0,0.0,0.0,0.0,0.0,0.0,0.0,0.0,0.04982780930968789,1,true,9
2017,00-0027874,0.0,0.0,0.0,0.0,0.0,0.017403304130374064,0.020916147700181454,0.0,0.0,2,true,9
2017,00-0027891,0.0,0.0,0.0,0.0,0.0,0.017403304130374064,0.0,0.0,0.0,1,true,9
2017,00-0027902,0.007793758825967919,0.0,0.0,0.0,0.0,0.02098633733368637,0.05470377090816688,0.0,0.0,3,true,9
2017,00-0027939,0.023152048277139993,0.007991761830857584,0.0,0.0,0.0,0.0,0.0,0.0,0.016120761835487257,3,true,9
2017,00-0027940,0.006247378106529839,0.0,0.0,0.0,0.0,0.0,0.0,0.0,0.0,1,true,9
2017,00-0027942,0.005213043982932184,0.0,0.0,0.0,0.0,0.04920934271347149,0.02735188545408344,0.0,0.0,3,true,9
2017,00-0027944,0.01919925954689658,0.0,0.0,0.0,0.0,0.12973372169915212,0.05470377090816688,0.0,0.0,3,true,9
2017,00-0027949,0.006247378106529839,0.0,0.0,0.0,0.0,0.0,0.0,0.0,0.10962118048131335,2,true,9
2017,00-0027952,0.0,0.0,0.0,0.0,0.0,0.0,0.0,0.0,0.016120761835487257,1,true,9
2017,00-0027966,0.0,0.0,0.0,0.0071587145471141795,0.0045379205085563775,0.0,0.0,0.0,0.0,2,true,9
2017,00-0027973,0.009718143721268639,0.015826822449345412,0.015846990531837277,0.0,0.0,0.0,0.0,0.0,0.0,3,true,9
2017,00-0027974,0.0026151815329659794,0.0,0.0,0.0,0.0,0.0,0.0,0.0,0.003629840413288521,2,true,9
2017,00-0027981,0.0,0.0,0.0,0.0,0.0,0.002842770794204528,0.0,0.0,0.0,1,true,9
2017,00-0028002,0.0,0.0,0.0,0.0,0.0,0.0035499277081857544,0.0,0.0,0.008180685110545772,2,true,9
2017,00-0028008,0.0,0.0,0.0,0.0,0.0,0.0,0.0,0.0,0.04982780930968789,1,true,9
2017,00-0028009,0.006247378106529839,0.0,0.0,0.06573001538713928,0.04282662479950081,0.0,0.0,0.0,0.0,3,true,9
2017,00-0028064,0.0,0.0,0.0,0.010791495063560181,0.0034090845611542933,0.0,0.0,0.0,0.0,2,true,9
2017,00-0028118,0.0031361340295727484,0.005345483078917987,0.0,0.0,0.0,0.0,0.0,0.0,0.0,2,true,9
2017,00-0028434,0.0026151815329659794,0.0,0.0,0.0,0.0,0.0155116406379421,0.020916147700181454,0.0,0.0,3,true,9
2017,00-0028825,0.0,0.0,0.0,0.0,0.0,0.01169730277615306,0.0,0.0,0.0,1,true,9
2017,00-0029000,0.0,0.0,0.0,0.0,0.0,0.002370549732044308,0.0,0.0,0.0,1,true,9
2017,00-0029137,0.0,0.0,0.0,0.0,0.0,0.0155116406379421,0.020916147700181454,0.0,0.0,2,true,9
2017,00-0029248,0.0044725547808111355,0.0,0.0,0.0,0.0,0.0,0.0,0.0,0.03224152367097451,2,true,9
2017,00-0029263,0.04919810258892249,0.019687023046746733,0.023770485797755914,0.0,0.0,0.0,0.0,0.0,0.0,3,true,9
2017,00-0029293,0.0,0.0,0.0,0.0,0.0,0.0035499277081857544,0.0,0.0,0.0,1,true,9
2017,00-0029580,0.0,0.0,0.0,0.0,0.0,0.0035499277081857544,0.0,0.0,0.0,1,true,9
2017,00-0029604,0.009153135365380928,0.053811196327774403,0.01971211017374881,0.0,0.0,0.0,0.0,0.0,0.0,3,true,9
2017,00-0029608,0.0044725547808111355,0.0,0.0,0.0,0.0,0.05946128911211138,0.020916147700181454,0.0,0.0,3,true,9
2017,00-0029613,0.0044725547808111355,0.0,0.0,0.010791495063560181,0.0,0.0,0.0,0.0,0.0,2,true,9
2017,00-0029615,0.005213043982932184,0.0,0.0,0.02126559321348624,0.02635484603046204,0.0,0.0,0.0,0.0,3,true,9
2017,00-0029632,0.0,0.0,0.0,0.0,0.0,0.0017793901978686699,0.0,0.0,0.0,1,true,9
2017,00-0029665,0.0,0.0,0.0,0.0,0.0,0.0,0.0,0.0,0.004350046844496561,1,true,9
2017,00-0029668,0.023152048277139993,0.04748046734803624,0.06216896285566932,0.0,0.0,0.0,0.0,0.0,0.0,3,true,9
2017,00-0029682,0.0031361340295727484,0.0,0.0,0.0,0.0,0.0,0.0,0.0,0.006766739535883539,2,true,9
2017,00-0029701,0.0,0.012047282759949493,0.0,0.0,0.0,0.0,0.0,0.0,0.0,1,true,9
2017,00-0029854,0.0026151815329659794,0.0,0.0,0.01417706214232416,0.016712829190049096,0.0,0.0,0.0,0.0,3,true,9
2017,00-0030035,0.0,0.0,0.0,0.0,0.0,0.0035499277081857544,0.0,0.0,0.0,1,true,9
2017,00-0030061,0.0,0.0,0.0,0.0,0.0,0.002842770794204528,0.0,0.0,0.0,1,true,9
2017,00-0030085,0.0,0.0,0.0,0.0,0.0,0.0014242224937032666,0.0,0.0,0.0,1,true,9
2017,00-0030181,0.0,0.0,0.0,0.0,0.0,0.0014242224937032666,0.0,0.0,0.0,1,true,9
2017,00-0030279,0.0,0.0,0.0,0.0,0.0,0.007064707617280561,0.0,0.0,0.054810590240656674,2,true,9
2017,00-0030433,0.0,0.0,0.0,0.010791495063560181,0.032629809371048236,0.0,0.0,0.0,0.0,2,true,9
2017,00-0030459,0.0,0.0,0.0,0.0,0.0,0.0,0.0,0.0,0.04216199249281283,1,true,9
2017,00-0030472,0.0,0.0,0.0,0.0,0.0,0.0035499277081857544,0.0,0.0,0.0,1,true,9
2017,00-0030485,0.0044725547808111355,0.0,0.0,0.01417706214232416,0.016712829190049096,0.0,0.0,0.0,0.016120761835487257,4,true,9
2017,00-0030496,0.023152048277139993,0.0,0.0,0.18075754231463304,0.11420433279866883,0.0,0.0,0.0,0.0,3,true,9
2017,00-0030506,0.0,0.0,0.0,0.0,0.0,0.013990891555790915,0.0,0.0,0.0,1,true,9
2017,00-0030520,0.0031361340295727484,0.005345483078917987,0.0,0.0,0.0,0.0,0.0,0.0,0.0,2,true,9
2017,00-0030549,0.0031361340295727484,0.0,0.0,0.0,0.0,0.002842770794204528,0.020916147700181454,0.0,0.0,3,true,9
2017,00-0030562,0.0,0.0,0.0,0.0,0.0,0.0,0.0,0.0,0.028847679074029825,1,true,9
2017,00-0030564,0.0044725547808111355,0.0,0.0,0.0,0.0,0.02098633733368637,0.020916147700181454,0.0,0.008180685110545772,4,true,9
2017,00-0030656,0.0,0.0,0.0,0.01417706214232416,0.016712829190049096,0.0,0.0,0.0,0.0,2,true,9
2017,00-0030663,0.0,0.0,0.0,0.0,0.0,0.007064707617280561,0.0,0.0,0.0,1,true,9
2017,00-0031023,0.0,0.0,0.0,0.0,0.0,0.00472540045924064,0.0,0.0,0.0,1,true,9
2017,00-0031040,0.005213043982932184,0.0,0.0,0.0,0.0,0.0,0.0,0.0,0.0,1,true,9
2017,00-0031045,0.0034830515107201762,0.0,0.0,0.01417706214232416,0.02210406441264558,0.0,0.0,0.0,0.0,3,true,9
2017,00-0031051,0.0,0.0,0.0,0.0,0.0,0.00472540045924064,0.0,0.0,0.0,1,true,9
2017,00-0031235,0.01108689635806704,0.0,0.0,0.0,0.0,0.07928171881614851,0.07901655797846327,0.0,0.0,3,true,9
2017,00-0031236,0.0044725547808111355,0.0,0.0,0.0,0.0,0.023784515644844555,0.05470377090816688,0.0,0.0,3,true,9
2017,00-0031237,0.0,0.0,0.0,0.0,0.0,0.0,0.0,0.0,0.003629840413288521,1,true,9
2017,00-0031280,0.04142998112751367,0.0504479965572885,0.038485548434461954,0.0,0.0,0.0,0.0,0.0,0.09135098373442778,4,true,9
2017,00-0031285,0.006247378106529839,0.0,0.0,0.03143609431558835,0.032629809371048236,0.0,0.0,0.0,0.0,3,true,9
2017,00-0031299,0.0,0.0,0.0,0.0,0.0,0.0035499277081857544,0.0,0.0,0.0,1,true,9
2017,00-0031301,0.0044725547808111355,0.0,0.0,0.0,0.0,0.0,0.0,0.0,0.0,1,true,9
2017,00-0031325,0.0,0.0,0.0,0.0,0.0,0.010649783124557263,0.0,0.0,0.0,1,true,9
2017,00-0031339,0.0,0.0,0.0,0.0,0.0,0.0035499277081857544,0.0,0.0,0.0,1,true,9
2017,00-0031359,0.0,0.0,0.0,0.0,0.0,0.007064707617280561,0.020916147700181454,0.0,0.0,2,true,9
2017,00-0031364,0.0044725547808111355,0.0,0.0,0.0,0.0,0.0,0.0,0.0,0.0,1,true,9
2017,00-0031373,0.0,0.0,0.0,0.0,0.0,0.007064707617280561,0.0,0.0,0.016120761835487257,2,true,9
2017,00-0031381,0.0,0.0,0.0,0.0,0.0,0.007064707617280561,0.0,0.0,0.0,1,true,9
2017,00-0031382,0.0044725547808111355,0.0,0.0,0.0,0.0,0.010649783124557263,0.0,0.0,0.0,2,true,9
2017,00-0031407,0.0026151815329659794,0.012047282759949493,0.0,0.0,0.0,0.0,0.0,0.0,0.006766739535883539,3,true,9
2017,00-0031408,0.006247378106529839,0.0,0.0,0.0,0.0,0.04920934271347149,0.07901655797846327,0.0,0.0,3,true,9
2017,00-0031428,0.0,0.0,0.0,0.0,0.0,0.013990891555790915,0.020916147700181454,0.0,0.0,2,true,9
2017,00-0031431,0.0,0.0,0.0,0.0,0.0,0.0017793901978686699,0.0,0.0,0.0,1,true,9
2017,00-0031503,0.014056600739692138,0.031044920958331387,0.038485548434461954,0.0,0.0,0.0,0.0,0.0,0.0,3,true,9
2017,00-0031544,0.0044725547808111355,0.0,0.0,0.0,0.0,0.027443671897897565,0.02735188545408344,0.0,0.0,3,true,9
2017,00-0031547,0.0,0.0,0.0,0.0,0.0,0.00472540045924064,0.0,0.0,0.0,1,true,9
2017,00-0031588,0.0,0.0,0.0,0.0,0.0,0.007064707617280561,0.0,0.0,0.0,1,true,9
2017,00-0031590,0.0044725547808111355,0.0,0.0,0.06573001538713928,0.04282662479950081,0.0,0.0,0.0,0.0,3,true,9
2017,00-0031897,0.0,0.0,0.0,0.0071587145471141795,0.0045379205085563775,0.0,0.0,0.0,0.0,2,true,9
2017,00-0031912,0.0,0.0,0.0,0.0,0.0,0.002842770794204528,0.0,0.0,0.0,1,true,9
2017,00-0031941,0.0,0.0,0.0,0.0,0.0,0.00472540045924064,0.0,0.0,0.0,1,true,9
2017,00-0032054,0.0,0.0,0.0,0.0,0.0,0.002370549732044308,0.0,0.0,0.0,1,true,9
2017,00-0032144,0.0044725547808111355,0.0,0.0,0.038054219434659586,0.04282662479950081,0.0,0.0,0.0,0.0,3,true,9
2017,00-0032156,0.006247378106529839,0.0040157609199831645,0.0,0.0,0.0,0.0,0.0,0.0,0.0,2,true,9
2017,00-0032160,0.0,0.0,0.0,0.0,0.0,0.002842770794204528,0.0,0.0,0.0,1,true,9
2017,00-0032187,0.023152048277139993,0.0,0.0,0.18075754231463304,0.17130649919800325,0.0,0.0,0.0,0.0,3,true,9
2017,00-0032200,0.0,0.0,0.0,0.01417706214232416,0.013435803858666922,0.0,0.0,0.0,0.0,2,true,9
2017,00-0032241,0.0044725547808111355,0.0,0.0,0.0344300080599301,0.02635484603046204,0.0,0.0,0.0,0.016120761835487257,4,true,9
2017,00-0032268,0.021865823372854438,0.007991761830857584,0.023770485797755914,0.0,0.0,0.0,0.0,0.0,0.04216199249281283,4,true,9
2017,00-0032371,0.0,0.0,0.0,0.0071587145471141795,0.0045379205085563775,0.0,0.0,0.0,0.0,2,true,9
2017,00-0032385,0.0,0.0,0.0,0.0,0.0,0.0017793901978686699,0.0,0.0,0.0,1,true,9
2017,00-0032417,0.0,0.0,0.0,0.01417706214232416,0.009016131536737013,0.0,0.0,0.0,0.0,2,true,9
2017,00-0032688,0.0,0.0,0.0,0.0,0.0,0.002370549732044308,0.0,0.0,0.0,1,true,9
2017,00-0032764,0.0026151815329659794,0.0,0.0,0.0,0.0,0.0,0.0,0.0,0.0,1,true,9
2017,00-0032765,0.0,0.0,0.0,0.0,0.0,0.03243343042478803,0.04183229540036291,0.0,0.0,2,true,9
2017,00-0032780,0.0,0.0,0.0,0.06573001538713928,0.05270969206092408,0.0,0.0,0.030052422601511572,0.0,3,true,9
2017,00-0032893,0.0,0.0,0.0,0.0,0.0,0.0,0.0,0.051089118422569677,0.0,1,true,9
2017,00-0032950,0.008650215839810549,0.012047282759949493,0.0,0.0,0.0,0.0,0.0,0.0,0.0,2,true,9
2017,00-0032966,0.0,0.0,0.0,0.0,0.0,0.002842770794204528,0.0,0.0,0.0,1,true,9
2017,00-0032972,0.0,0.0,0.0,0.0071587145471141795,0.0045379205085563775,0.0,0.0,0.0,0.0,2,true,9
2017,00-0032975,0.0,0.0,0.0,0.0,0.0,0.0,0.0,0.03929932186351514,0.0,1,true,9
2017,00-0033040,0.0044725547808111355,0.0,0.0,0.0,0.0,0.00472540045924064,0.0,0.0,0.0,2,true,9
2017,00-0033045,0.0,0.0,0.0,0.0,0.10541938412184816,0.0,0.0,0.0,0.0,1,true,9
2017,00-0033077,0.04142998112751367,0.012047282759949493,0.015846990531837277,0.0,0.0,0.0,0.0,0.0,0.0,3,true,9
2017,00-0033090,0.0,0.0,0.0,0.0,0.0,0.0014242224937032666,0.0,0.0,0.0,1,true,9
2017,00-0033098,0.0,0.0,0.0,0.0,0.0,0.0,0.0,0.012460760590870652,0.0,1,true,9
2017,00-0033104,0.0,0.003215808545484526,0.0,0.0,0.0,0.0,0.0,0.0,0.0,1,true,9
2017,00-0033106,0.0026151815329659794,0.0016111136625082156,0.0,0.0,0.0,0.0,0.0,0.0,0.0,2,true,9
2017,00-0033108,0.0044725547808111355,0.0,0.0,0.0,0.0,0.0,0.0,0.0,0.0,1,true,9
2017,00-0033280,0.0044725547808111355,0.0,0.0,0.010791495063560181,0.009016131536737013,0.0,0.0,0.08514853070428278,0.0,4,true,9
2017,00-0033282,0.0,0.0,0.0,0.0,0.0,0.0,0.0,0.015026211300755786,0.0,1,true,9
2017,00-0033286,0.0,0.0,0.0,0.0,0.0,0.0,0.0,0.005058328556690066,0.0,1,true,9
2017,00-0033460,0.0,0.0,0.0,0.0,0.0,0.0,0.0,0.030052422601511572,0.0,1,true,9
2017,00-0033526,0.0,0.0,0.0,0.0,0.0,0.0,0.0,0.010017474200503857,0.0,1,true,9
2017,00-0033536,0.0,0.0,0.0,0.0,0.0,0.0,0.0,0.0268890096960893,0.0,1,true,9
2017,00-0033537,0.005213043982932184,0.0026816210794571964,0.0,0.0,0.0,0.0,0.0,0.09731260651918032,0.0,3,true,9
2017,00-0033553,0.0,0.0,0.0,0.0,0.0,0.0,0.0,0.0029027908194641863,0.0,1,true,9
2017,00-0033561,0.0,0.0,0.0,0.0,0.0,0.0,0.0,0.005614188837645019,0.0,1,true,9
2017,00-0033594,0.0,0.0,0.0,0.0,0.0034090845611542933,0.0,0.0,0.0,0.0,1,true,9
2017,00-0033839,0.0,0.0,0.0,0.0,0.0,0.0,0.0,0.006307298570687614,0.0,1,true,9
2017,00-0033856,0.007793758825967919,0.0,0.0,0.02126559321348624,0.02635484603046204,0.0,0.0,0.11353137427237704,0.0,4,true,9
2017,00-0033857,0.0,0.0,0.0,0.0,0.0,0.0,0.0,0.012460760590870652,0.0,1,true,9
2017,00-0033869,0.005213043982932184,0.0016111136625082156,0.0,0.0,0.0,0.0,0.0,0.03784379142412568,0.0,3,true,9
2017,00-0033871,0.0,0.0,0.0,0.0,0.0,0.0,0.0,0.04644465311142698,0.0,1,true,9
2017,00-0033873,0.0,0.0,0.0,0.0,0.0,0.0,0.0,0.02619954790901009,0.0,1,true,9
2017,00-0033881,0.0,0.0,0.0,0.0,0.0,0.0,0.0,0.01964966093175757,0.0,1,true,9
2017,00-0033885,0.0,0.0,0.0,0.0,0.0,0.0,0.0,0.015026211300755786,0.0,1,true,9
2017,00-0033893,0.0,0.0,0.0,0.01417706214232416,0.02210406441264558,0.0,0.0,0.04644465311142698,0.0,3,true,9
2017,00-0033896,0.0,0.0,0.0,0.0,0.0,0.0,0.0,0.012460760590870652,0.0,1,true,9
2017,00-0033897,0.0031361340295727484,0.0,0.0,0.01417706214232416,0.013435803858666922,0.0,0.0,0.0537780193921786,0.0,4,true,9
2017,00-0033899,0.0,0.0,0.0,0.0,0.0,0.0,0.0,0.051089118422569677,0.0,1,true,9
2017,00-0033906,0.0,0.0,0.0,0.0,0.0,0.0,0.0,0.010017474200503857,0.0,1,true,9
2017,00-0033908,0.0,0.0,0.0,0.0,0.0,0.0,0.0,0.01648036078147409,0.0,1,true,9
2017,00-0033916,0.0,0.0,0.0,0.0,0.0,0.0,0.0,0.005614188837645019,0.0,1,true,9
2017,00-0033923,0.0,0.0,0.0,0.0,0.0,0.0,0.0,0.060104845203023144,0.0,1,true,9
2017,00-0033925,0.0,0.0,0.0,0.0,0.0,0.0,0.0,0.010017474200503857,0.0,1,true,9
2017,00-0033932,0.0,0.0,0.0,0.0,0.0,0.0,0.0,0.01964966093175757,0.0,1,true,9
2017,00-0033948,0.0,0.0,0.0,0.0,0.0,0.0,0.0,0.01964966093175757,0.0,1,true,9
2017,00-0033950,0.0,0.0,0.0,0.0,0.0,0.0,0.0,0.006307298570687614,0.0,1,true,9
2018,00-0019596,0.08773080681663792,0.14521275787796564,0.1029505179672392,0.0,0.0,0.0,0.0,0.0,0.0,3,true,9
2018,00-0020531,0.04549004797899744,0.12101063156497135,0.06266553267571082,0.0,0.0,0.0,0.0,0.0,0.0,3,true,9
2018,00-0021206,0.0,0.0036122576586558614,0.003773055632307196,0.0,0.0,0.0,0.0,0.0,0.0,2,true,9
2018,00-0022803,0.0071408796246100635,0.014817628354894452,0.01583854122572911,0.0,0.0,0.0,0.0,0.0,0.0,3,true,9
2018,00-0022921,0.0,0.0,0.0,0.0,0.0,0.008964260670147016,0.011625864181087157,0.0,0.0,2,true,9
2018,00-0022924,0.020817479583608998,0.06600579903543893,0.09608715010275659,0.0,0.0,0.0,0.0,0.0,0.0,3,true,9
2018,00-0022942,0.023619832604479443,0.07260637893898282,0.06266553267571082,0.0,0.0,0.0,0.0,0.0,0.0,3,true,9
2018,00-0023436,0.011478797153578793,0.02234042428891779,0.010597847437804035,0.0,0.0,0.0,0.0,0.0,0.0,3,true,9
2018,00-0023459,0.09447933041791777,0.06600579903543893,0.11086978858010377,0.0,0.0,0.0,0.0,0.0,0.11568601082339729,4,true,9
2018,00-0023500,0.0015314604681208614,0.0,0.0,0.0,0.0,0.0,0.0,0.0,0.0,1,true,9
2018,00-0025399,0.0,0.0,0.0,0.009323538317000285,0.017316204652770513,0.0,0.0,0.0,0.0,2,true,9
2018,00-0025418,0.0,0.0,0.0,0.0,0.0,0.0030801369601216053,0.0,0.0,0.0,1,true,9
2018,00-0026143,0.029243602272212642,0.05007336478550539,0.026690875028543497,0.0,0.0,0.0,0.0,0.0,0.0,3,true,9
2018,00-0026158,0.00529410041134884,0.006000527185039902,0.007135184413571034,0.0,0.0,0.0,0.0,0.0,0.0,3,true,9
2018,00-0026176,0.002040251321317161,0.0,0.0,0.0,0.0,0.006434741570155036,0.0,0.0,0.0,2,true,9
2018,00-0026189,0.0,0.0,0.0,0.0,0.0,0.0023547423861799226,0.0,0.0,0.0,1,true,9
2018,00-0026345,0.0,0.0,0.0,0.0,0.0,0.006434741570155036,0.0,0.0,0.0,1,true,9
2018,00-0026498,0.02193270170415948,0.05479726712376062,0.04970025005314996,0.0,0.0,0.0,0.0,0.0,0.0,3,true,9
2018,00-0026986,0.0,0.0,0.0,0.0,0.0,0.006434741570155036,0.0,0.0,0.0,1,true,9
2018,00-0027029,0.00529410041134884,0.0,0.0,0.029160853885085998,0.01632102047732393,0.0,0.0,0.0,0.0,3,true,9
2018,00-0027150,0.0,0.0,0.0,0.0,0.0,0.005602662918841885,0.0,0.0,0.0,1,true,9
2018,00-0027656,0.00808046904890086,0.0,0.0,0.0,0.0,0.00915364645895294,0.11819628584105275,0.0,0.0,3,true,9
2018,00-0027685,0.0,0.0,0.0,0.0,0.0,0.005158007131632211,0.0,0.0,0.0,1,true,9
2018,00-0027696,0.0,0.0,0.0,0.0,0.0,0.0,0.05065555107473689,0.0,0.0,1,true,9
2018,00-0027793,0.012662178303432277,0.0,0.0,0.0,0.0,0.1830729291790588,0.13638032981659934,0.0,0.0,3,true,9
2018,00-0027854,0.0043554301256486915,0.008963750486294175,0.0051110186224870525,0.0,0.0,0.0,0.0,0.0,0.03653242447054651,4,true,9
2018,00-0027874,0.0,0.0,0.0,0.0,0.0,0.013331464586372485,0.0,0.0,0.0,1,true,9
2018,00-0027891,0.0,0.0,0.0,0.0,0.0,0.00902651248035637,0.015416906848832969,0.0,0.0,2,true,9
2018,00-0027902,0.002040251321317161,0.0,0.0,0.0,0.0,0.0,0.0,0.0,0.0,1,true,9
2018,00-0027939,0.028563518498440254,0.009553470913024054,0.016103991637333507,0.0,0.009044132366415172,0.0,0.0,0.0,0.0,4,true,9
2018,00-0027940,0.003055301729932664,0.0,0.0,0.0,0.0,0.0,0.0,0.0,0.0,1,true,9
2018,00-0027942,0.002225056694624875,0.0,0.0,0.0,0.0,0.0382299352109211,0.04171633617919509,0.0,0.0,3,true,9
2018,00-0027944,0.007823129270273446,0.0,0.0,0.0,0.0,0.12998177971713173,0.0472785143364211,0.0,0.0,3,true,9
2018,00-0027949,0.00529410041134884,0.0,0.0,0.0,0.0,0.0,0.0,0.0,0.11568601082339729,2,true,9
2018,00-0027966,0.0,0.0,0.0,0.007530550179115615,0.01918822677739435,0.0,0.0,0.0,0.0,2,true,9
2018,00-0027973,0.00487393371203544,0.010599471377953695,0.008379693322914819,0.0,0.0,0.0,0.0,0.0,0.0,3,true,9
2018,00-0028002,0.0,0.0,0.0,0.0,0.0,0.003233377604903774,0.0,0.0,0.0,1,true,9
2018,00-0028087,0.0,0.0,0.0,0.0038936367403381873,0.01092252908867063,0.0,0.0,0.0,0.0,2,true,9
2018,00-0028092,0.0,0.0,0.0,0.0,0.0,0.0,0.0,0.0,0.01035994126776692,1,true,9
2018,00-0028118,0.004515556233209305,0.003903568760160367,0.0051110186224870525,0.0,0.004701750932209212,0.0,0.0,0.0,0.0,4,true,9
2018,00-0028237,0.0,0.0,0.0,0.0,0.0,0.0047787419013651375,0.0,0.0,0.0,1,true,9
2018,00-0028434,0.0,0.0,0.0,0.0,0.0,0.01805302496071274,0.030833813697665937,0.0,0.0,2,true,9
2018,00-0028986,0.01096635085207974,0.013571285782987441,0.014130463250405382,0.0,0.0,0.0,0.0,0.0,0.0,3,true,9
2018,00-0029137,0.0,0.0,0.0,0.0,0.0,0.011605516046172475,0.0,0.0,0.0,1,true,9
2018,00-0029263,0.03232187619560344,0.01770887291194703,0.037436551988086986,0.0,0.0,0.0,0.0,0.0,0.0,3,true,9
2018,00-0029293,0.0,0.0,0.0,0.0,0.0,0.009773066144145243,0.01390544539306503,0.0,0.0,2,true,9
2018,00-0029567,0.00487393371203544,0.0,0.0,0.0,0.0,0.0,0.0,0.0,0.0,1,true,9
2018,00-0029580,0.0,0.0,0.0,0.0,0.0,0.004304032440964627,0.0,0.0,0.0,1,true,9
2018,00-0029604,0.029243602272212642,0.039246691318369095,0.033518773291659275,0.0,0.0,0.0,0.0,0.0,0.0,3,true,9
2018,00-0029608,0.0,0.0,0.0,0.0,0.0,0.03513021073435993,0.028367108601852663,0.0,0.0,2,true,9
2018,00-0029615,0.0,0.0,0.0,0.011234099447533131,0.0,0.0,0.0,0.0,0.0,1,true,9
2018,00-0029664,0.0,0.0,0.0,0.0,0.0,0.01645338983761161,0.0,0.0,0.0266967717284763,2,true,9
2018,00-0029665,0.0,0.0,0.0,0.0,0.0,0.0,0.0,0.0,0.004596795132055522,1,true,9
2018,00-0029668,0.01981018218440211,0.03457446616142039,0.028260926500810763,0.0,0.0,0.0,0.0,0.0,0.1262029208982516,4,true,9
2018,00-0029701,0.003055301729932664,0.010836772975967584,0.006492375006943013,0.0,0.0,0.0,0.0,0.0,0.03470580324701919,4,true,9
2018,00-0029854,0.0,0.0,0.0,0.005907586778444146,0.0,0.0,0.0,0.0,0.0,1,true,9
2018,00-0030035,0.004066991044479904,0.0,0.0,0.0,0.0,0.03610604992142548,0.015416906848832969,0.0,0.0,3,true,9
2018,00-0030061,0.0,0.0,0.0,0.0,0.0,0.004304032440964627,0.02287670048536505,0.0,0.0,2,true,9
2018,00-0030068,0.0,0.0,0.0,0.0,0.0,0.008551432876127087,0.011625864181087157,0.0,0.0,2,true,9
2018,00-0030085,0.0,0.0,0.0,0.0,0.0,0.004304032440964627,0.0,0.0,0.0,1,true,9
2018,00-0030279,0.003814382905071214,0.0,0.0,0.0,0.0,0.05415907488213822,0.04171633617919509,0.0,0.0,3,true,9
2018,00-0030431,0.0,0.0,0.0,0.0,0.0,0.010654244239109158,0.012663887768684223,0.0,0.0,2,true,9
2018,00-0030496,0.01981018218440211,0.0,0.0,0.1171418916751318,0.08605628978952617,0.0,0.0,0.0,0.0,3,true,9
2018,00-0030506,0.0,0.0,0.0,0.0,0.0,0.006434741570155036,0.020858168089597545,0.0,0.0,2,true,9
2018,00-0030549,0.0,0.0,0.0,0.0,0.0,0.0,0.0,0.0,0.004596795132055522,1,true,9
2018,00-0030564,0.006080352947687777,0.0,0.0,0.0,0.0,0.06499088985856587,0.08596093515712928,0.0,0.0,3,true,9
2018,00-0030656,0.0,0.0,0.0,0.006173694290986675,0.007029350403599911,0.0,0.0,0.0,0.0,2,true,9
2018,00-0031045,0.0024466758873165954,0.0,0.0,0.004538278584765039,0.009999498461459028,0.0,0.0,0.0,0.0,3,true,9
2018,00-0031218,0.0,0.0,0.0,0.0,0.0,0.0,0.0,0.0,0.005508857658257014,1,true,9
2018,00-0031235,0.006748523601279841,0.0,0.0,0.0,0.0,0.05651381726831814,0.05909814292052638,0.0,0.1262029208982516,4,true,9
2018,00-0031236,0.0,0.0,0.0,0.0,0.0,0.009284412836937981,0.021820852770655895,0.0,0.0,2,true,9
2018,00-0031237,0.0,0.0,0.0,0.0,0.0,0.0,0.0,0.0,0.020415178380599523,1,true,9
2018,00-0031280,0.01981018218440211,0.016691121595168463,0.023246891153892724,0.0,0.0,0.0,0.0,0.0,0.0,3,true,9
2018,00-0031285,0.006080352947687777,0.0,0.0,0.016124236854106376,0.029581849615149623,0.0,0.0,0.0,0.0,3,true,9
2018,00-0031288,0.0,0.0036122576586558614,0.003585341421744649,0.0,0.0,0.0,0.0,0.0,0.0,2,true,9
2018,00-0031325,0.0,0.0,0.0,0.0,0.0,0.00778334010282226,0.0,0.0,0.0,1,true,9
2018,00-0031345,0.03509232272665517,0.0468428251219244,0.025286092132304365,0.0,0.0,0.0,0.0,0.0,0.0,3,true,9
2018,00-0031359,0.0,0.0,0.0,0.0,0.0,0.0034941338633637563,0.0,0.0,0.0,1,true,9
2018,00-0031376,0.0,0.0,0.0,0.0103830313075685,0.009929571898791482,0.0,0.0,0.0,0.0,2,true,9
2018,00-0031381,0.0,0.0,0.0,0.0,0.0,0.020964803180182536,0.05455213192663974,0.0,0.0,2,true,9
2018,00-0031382,0.0,0.0,0.0,0.0,0.0,0.005158007131632211,0.0,0.0,0.0,1,true,9
2018,00-0031388,0.003055301729932664,0.0,0.0,0.0,0.0,0.0,0.0,0.0,0.0,1,true,9
2018,00-0031407,0.00808046904890086,0.008442602202207303,0.008896958342847832,0.0,0.0,0.0,0.0,0.0,0.0,3,true,9
2018,00-0031408,0.0,0.0,0.0,0.0,0.0,0.03661458583581176,0.037325142897174556,0.0,0.0,2,true,9
2018,00-0031428,0.0,0.0,0.0,0.0,0.0,0.008551432876127087,0.0,0.0,0.016929660120497167,2,true,9
2018,00-0031503,0.012041483288558147,0.007188750389998299,0.012643046066152182,0.0,0.0,0.0,0.0,0.0,0.0,3,true,9
2018,00-0031544,0.0,0.0,0.0,0.0,0.0,0.01688075061261451,0.015416906848832969,0.0,0.0,2,true,9
2018,00-0031547,0.0,0.0,0.0,0.0,0.0,0.003915113846901558,0.0,0.0,0.0,1,true,9
2018,00-0031588,0.0,0.0,0.0,0.0,0.0,0.0127433117369737,0.017297017440154064,0.0,0.0,2,true,9
2018,00-0031590,0.00284312799868734,0.0,0.0,0.015574546961352749,0.027306322721676577,0.0,0.0,0.0,0.0,3,true,9
2018,00-0032055,0.0,0.0,0.0,0.0,0.0,0.003233377604903774,0.01390544539306503,0.0,0.0,2,true,9
2018,00-0032058,0.0,0.0,0.0,0.004191315390211138,0.009999498461459028,0.0,0.0,0.0,0.0,2,true,9
2018,00-0032144,0.0,0.0,0.0,0.033025545363832336,0.06454221734214463,0.0,0.0,0.0,0.0,2,true,9
2018,00-0032187,0.01411760109693024,0.0,0.0,0.04726069422755317,0.053582218170837054,0.0,0.0,0.0,0.09915943784862624,4,true,9
2018,00-0032241,0.029243602272212642,0.0,0.0,0.09789715232850299,0.09466191876847879,0.0,0.0,0.0,0.0,3,true,9
2018,00-0032268,0.014978430432108914,0.008393801033408418,0.015171655279382619,0.0,0.0,0.0,0.0,0.0,0.0,3,true,9
2018,00-0032426,0.0,0.0,0.0,0.016512772681916168,0.0,0.0,0.0,0.0,0.0,1,true,9
2018,00-0032688,0.0,0.0,0.0,0.0,0.0,0.0030088374934521232,0.0,0.0,0.0,1,true,9
2018,00-0032764,0.0,0.0,0.0,0.019035557397208913,0.026791109085418527,0.0,0.0,0.0,0.0,2,true,9
2018,00-0032765,0.0,0.0,0.0,0.0,0.0,0.04482130335073508,0.0472785143364211,0.0,0.0,2,true,9
2018,00-0032780,0.004066991044479904,0.0,0.0,0.052713851253809306,0.047330959384239396,0.0,0.0,0.0,0.0,3,true,9
2018,00-0032950,0.07676445596455818,0.015783995421518003,0.055434894290051884,0.0,0.0,0.0,0.0,0.0,0.1262029208982516,4,true,9
2018,00-0033040,0.004066991044479904,0.0,0.0,0.0,0.0,0.020964803180182536,0.01390544539306503,0.0,0.0,3,true,9
2018,00-0033045,0.014978430432108914,0.0,0.0,0.17799482241545997,0.1419928781527182,0.0,0.0,0.0,0.0,3,true,9
2018,00-0033077,0.01705876799212404,0.007188750389998299,0.012984750013886026,0.0,0.005634638021933262,0.0,0.0,0.0,0.0,4,true,9
2018,00-0033106,0.01981018218440211,0.023805370143928795,0.03895425004165808,0.0,0.0,0.0,0.0,0.0,0.0,3,true,9
2018,00-0033118,0.0,0.0,0.0,0.013436864045088646,0.0,0.0,0.0,0.0,0.0,1,true,9
2018,00-0033156,0.0024466758873165954,0.0,0.0,0.0,0.0,0.0,0.0,0.0,0.0,1,true,9
2018,00-0033280,0.003489293452934463,0.0,0.0,0.004860142314180999,0.0,0.0,0.0,0.0,0.0,2,true,9
2018,00-0033537,0.03838222798227909,0.02268949341843213,0.048043575051378296,0.0,0.0,0.0,0.0,0.0,0.07712400721559819,4,true,9
2018,00-0033856,0.008355314934917897,0.0,0.0,0.0685280066299521,0.1014234843947987,0.0,0.0,0.0,0.0,3,true,9
2018,00-0033857,0.0,0.0,0.0,0.0,0.0,0.006434741570155036,0.01390544539306503,0.0,0.0,2,true,9
2018,00-0033868,0.002147257509498131,0.0,0.0,0.0,0.0,0.0,0.0,0.0,0.0,1,true,9
2018,00-0033869,0.013350340167749249,0.008963750486294175,0.011813993865093023,0.0,0.0,0.0,0.0,0.0,0.0,3,true,9
2018,00-0033871,0.0,0.0,0.0,0.0,0.0,0.006131216024393006,0.0,0.0,0.0,1,true,9
2018,00-0033873,0.01694112131631629,0.03630318946949141,0.022520425805333574,0.0,0.0,0.0,0.0,0.0,0.0,3,true,9
2018,00-0033881,0.0,0.0,0.0,0.0,0.0,0.002875703091086985,0.0,0.0,0.0,1,true,9
2018,00-0033893,0.00529410041134884,0.0,0.0,0.04283000414372006,0.03736654688229426,0.0,0.0,0.0,0.0533935434569526,4,true,9
2018,00-0033897,0.0,0.0,0.0,0.014129485903082906,0.01893238375369576,0.0,0.0,0.0,0.0,2,true,9
2018,00-0033906,0.01096635085207974,0.0,0.0,0.0167141479585249,0.03549821953817955,0.0,0.0,0.0,0.0,3,true,9
2018,00-0033908,0.0,0.0,0.0,0.0,0.0,0.0047787419013651375,0.0,0.0,0.0,1,true,9
2018,00-0033923,0.00864951616502064,0.0,0.0,0.057106672191626746,0.03944246615353283,0.0,0.0,0.0,0.0,3,true,9
2018,00-0033948,0.0,0.0,0.0,0.0034093535636792087,0.0,0.0,0.0,0.0,0.0,1,true,9
2018,00-0033951,0.0,0.0,0.0,0.005038824016908242,0.0,0.0,0.0,0.0,0.0,1,true,9
2018,00-0034268,0.0,0.0,0.0,0.0,0.0,0.0,0.0,0.004652982593221147,0.0,1,true,9
2018,00-0034342,0.0,0.0,0.0,0.0,0.0,0.0,0.0,0.003930469768186807,0.0,1,true,9
2018,00-0034343,0.003489293452934463,0.003903568760160367,0.0047725405680177115,0.0,0.0,0.0,0.0,0.06026720311219771,0.0,4,true,9
2018,00-0034345,0.0,0.0,0.0,0.0,0.0,0.0,0.0,0.0025723806206425855,0.0,1,true,9
2018,00-0034348,0.0,0.0,0.0,0.0,0.0,0.0,0.0,0.017577934241057663,0.0,1,true,9
2018,00-0034349,0.0,0.0,0.0,0.0,0.0,0.0,0.0,0.012407953581923058,0.0,1,true,9
2018,00-0034351,0.0,0.0,0.0,0.0,0.0,0.0,0.0,0.006265402303743326,0.0,1,true,9
2018,00-0034353,0.0,0.0,0.0,0.0,0.0,0.0,0.0,0.01037386283078813,0.0,1,true,9
2018,00-0034366,0.0,0.0,0.0,0.0,0.0,0.0,0.0,0.004652982593221147,0.0,1,true,9
2018,00-0034367,0.0,0.0,0.0,0.0,0.0,0.0,0.0,0.006591725340396625,0.0,1,true,9
2018,00-0034369,0.0,0.0,0.0,0.0,0.0,0.0,0.0,0.002929655706842944,0.0,1,true,9
2018,00-0034370,0.0,0.0,0.0,0.0,0.0,0.0,0.0,0.005022266926016475,0.0,1,true,9
2018,00-0034378,0.0,0.0,0.0,0.0,0.0,0.0,0.0,0.0020025494705002405,0.0,1,true,9
2018,00-0034419,0.0,0.0,0.0,0.0,0.0,0.0,0.0,0.009587964131486,0.0,1,true,9
2018,00-0034676,0.0,0.0,0.0,0.0,0.0,0.0,0.0,0.011939728918454262,0.0,1,true,9
2018,00-0034679,0.0,0.0,0.0,0.0,0.0,0.0,0.0,0.006265402303743326,0.0,1,true,9
2018,00-0034681,0.0,0.0,0.0,0.0,0.0,0.0,0.0,0.008326389903658894,0.0,1,true,9
2018,00-0034750,0.002717325874851617,0.0,0.0,0.013436864045088646,0.013920870407129235,0.0,0.0,0.0389418850878816,0.0,4,true,9
2018,00-0034759,0.0,0.0,0.0,0.0,0.0,0.0,0.0,0.0029639608087966085,0.0,1,true,9
2018,00-0034762,0.0,0.0,0.0,0.0,0.0,0.0,0.0,0.00240153940295285,0.0,1,true,9
2018,00-0034764,0.0,0.0,0.0,0.0,0.0,0.0,0.0,0.009444860189225013,0.0,1,true,9
2018,00-0034771,0.0,0.0,0.0,0.0,0.0,0.0,0.0,0.005700951645748432,0.0,1,true,9
2018,00-0034772,0.0,0.0,0.0,0.0,0.0,0.0,0.0,0.006265402303743326,0.0,1,true,9
2018,00-0034775,0.0,0.0,0.0,0.0,0.0,0.0,0.0,0.01130010058353707,0.0,1,true,9
2018,00-0034777,0.0,0.0,0.0,0.0,0.0,0.0,0.0,0.008609600444599673,0.0,1,true,9
2018,00-0034791,0.0,0.0,0.0,0.0,0.0,0.0,0.0,0.02751328837730765,0.0,1,true,9
2018,00-0034796,0.002717325874851617,0.005762411026903398,0.0,0.0,0.0,0.0,0.0,0.03420570987449059,0.0,3,true,9
2018,00-0034799,0.0,0.0,0.0,0.0,0.0,0.0,0.0,0.005700951645748432,0.0,1,true,9
2018,00-0034816,0.0,0.0,0.0,0.01171418916751318,0.0,0.0,0.0,0.028440702592273076,0.0,2,true,9
2018,00-0034827,0.0,0.0,0.0,0.0,0.0,0.002875703091086985,0.0,0.020413084925099224,0.0,2,true,9
2018,00-0034829,0.0,0.0,0.0,0.0,0.0,0.0,0.0,0.005022266926016475,0.0,1,true,9
2018,00-0034830,0.0,0.0,0.0,0.0,0.0,0.0,0.0,0.004924557452747673,0.0,1,true,9
2018,00-0034833,0.0,0.0,0.0,0.0,0.0,0.0,0.0,0.0026532730929898366,0.0,1,true,9
2018,00-0034837,0.0,0.0,0.0,0.0,0.0,0.002875703091086985,0.0,0.020413084925099224,0.0,2,true,9
2018,00-0034838,0.0,0.0,0.0,0.010707501035930015,0.0,0.0,0.0,0.024338678179926,0.0,2,true,9
2018,00-0034844,0.009165905189797992,0.0,0.0,0.0456853377533014,0.041762611221387705,0.0,0.0,0.24815907163846115,0.0,4,true,9
2018,00-0034845,0.0,0.0,0.0,0.0067849511514804055,0.019721233076766414,0.0,0.0,0.03515586848211533,0.0,3,true,9
2018,00-0034847,0.0,0.0,0.0,0.0,0.0,0.0,0.0,0.0026813797994833725,0.0,1,true,9
2018,00-0034855,0.003489293452934463,0.005762411026903398,0.003585341421744649,0.0,0.0,0.0,0.0,0.097354712719704,0.0,4,true,9
2018,00-0034857,0.003489293452934463,0.0036122576586558614,0.003585341421744649,0.0,0.0,0.0,0.0,0.057527784788916,0.0,4,true,9
2018,00-0034860,0.0,0.0,0.0,0.0,0.0,0.0,0.0,0.009444860189225013,0.0,1,true,9
2018,00-0034869,0.0,0.0036122576586558614,0.0059558150890138386,0.0,0.0,0.0,0.0,0.115055569577832,0.0,3,true,9
2019,00-0019596,0.04496347176796859,0.029208155657142958,0.03732334370956201,0.0,0.0,0.0,0.0,0.0,0.0,3,true,9
2019,00-0020531,0.03786397622565776,0.039969055109774575,0.03732334370956201,0.0,0.0,0.0,0.0,0.0,0.0,3,true,9
2019,00-0022127,0.0,0.0,0.0,0.0,0.0,0.0,0.0,0.0,0.03519772819912756,1,true,9
2019,00-0022803,0.0028661974035358462,0.0037781693884861535,0.005190663694707299,0.0,0.0,0.0,0.0,0.0,0.01656363679958944,4,true,9
2019,00-0022921,0.0,0.0,0.0,0.0,0.0,0.003171702420728104,0.005364470142195037,0.0,0.0,2,true,9
2019,00-0022924,0.02147509099365664,0.09204994510129902,0.041252116731621165,0.0,0.0,0.0,0.0,0.0,0.0,3,true,9
2019,00-0022942,0.04496347176796859,0.03616247843265318,0.041252116731621165,0.0,0.0,0.0,0.0,0.0,0.0,3,true,9
2019,00-0023459,0.055339657560576724,0.08437911634285743,0.07837902179008023,0.0,0.0,0.0,0.0,0.0,0.0,3,true,9
2019,00-0023500,0.0,0.0,0.0,0.003259757853522627,0.00888054156012091,0.0,0.0,0.0,0.0,2,true,9
2019,00-0023682,0.0,0.0037781693884861535,0.005190663694707299,0.0,0.0,0.0,0.0,0.0,0.0,2,true,9
2019,00-0024389,0.0,0.0,0.0,0.0,0.0,0.0,0.0,0.0,0.011042424533059626,1,true,9
2019,00-0025394,0.0,0.0,0.0,0.008562946003283318,0.005803126167999802,0.0,0.0,0.0,0.0,2,true,9
2019,00-0025418,0.0,0.0,0.0,0.0,0.0,0.0,0.0035881555255741636,0.0,0.026817316723144805,2,true,9
2019,00-0026143,0.027669828780288362,0.12656867451428613,0.15675804358016046,0.0,0.0,0.0,0.0,0.0,0.0,3,true,9
2019,00-0026158,0.002390084878031553,0.0055839121109243885,0.006220557284927002,0.0,0.0,0.0,0.0,0.0,0.01656363679958944,4,true,9
2019,00-0026189,0.0028661974035358462,0.0,0.0,0.0,0.0,0.008388318244294065,0.005364470142195037,0.0,0.0,3,true,9
2019,00-0026498,0.0047643413793874,0.01489043229579837,0.007760299187136656,0.0,0.0,0.0,0.0,0.0,0.0,3,true,9
2019,00-0027029,0.0035791818322761064,0.0,0.0,0.008562946003283318,0.005803126167999802,0.0,0.0,0.0,0.0084054276296424,4,true,9
2019,00-0027061,0.0,0.0,0.0,0.0,0.0,0.003171702420728104,0.010623754595327425,0.0,0.0,2,true,9
2019,00-0027150,0.002390084878031553,0.0,0.0,0.0,0.0,0.008388318244294065,0.009675205077887477,0.0,0.0,3,true,9
2019,00-0027685,0.0035791818322761064,0.0,0.0,0.0,0.0,0.003171702420728104,0.005364470142195037,0.0,0.0,3,true,9
2019,00-0027688,0.0,0.0,0.001564451532736132,0.0,0.0,0.0,0.0,0.0,0.0,1,true,9
2019,00-0027696,0.0,0.0,0.0,0.0,0.0,0.0,0.010623754595327425,0.0,0.0,1,true,9
2019,00-0027701,0.0,0.0,0.0,0.0,0.0,0.0,0.0,0.0,0.026817316723144805,1,true,9
2019,00-0027793,0.0028661974035358462,0.0,0.0,0.0,0.0,0.03750071685684405,0.031871263785982276,0.0,0.021660140430232344,4,true,9
2019,00-0027866,0.0,0.0,0.0,0.0,0.0,0.0,0.0,0.0,0.03754424341240273,1,true,9
2019,00-0027874,0.0028661974035358462,0.0,0.0,0.0,0.0,0.006312001847191573,0.0066890306711320825,0.0,0.0,3,true,9
2019,00-0027891,0.0,0.0,0.0,0.0,0.0,0.0042219350103731715,0.005364470142195037,0.0,0.0,2,true,9
2019,00-0027902,0.0,0.0,0.0,0.0,0.0,0.0,0.0,0.0,0.009232191003049851,1,true,9
2019,00-0027939,0.027669828780288362,0.007518931159264524,0.007760299187136656,0.0,0.010466352552999643,0.0,0.0,0.0,0.04693030426550341,5,true,9
2019,00-0027940,0.0028661974035358462,0.0,0.0,0.0,0.0,0.0,0.0,0.0,0.0,1,true,9
2019,00-0027942,0.0035791818322761064,0.0,0.0,0.0,0.0,0.018750358428422025,0.018683154633162023,0.0,0.03312727359917888,4,true,9
2019,00-0027944,0.0035791818322761064,0.0,0.0,0.0,0.0,0.13421309190870503,0.031871263785982276,0.0,0.0,3,true,9
2019,00-0027949,0.0035791818322761064,0.0,0.0,0.0,0.0,0.0,0.0,0.0,0.0,1,true,9
2019,00-0027966,0.0028661974035358462,0.0,0.0,0.010723689387289388,0.011492465548391765,0.0,0.0,0.0,0.0,3,true,9
2019,00-0027973,0.0028661974035358462,0.007518931159264524,0.007760299187136656,0.0,0.0,0.0,0.0,0.0,0.0,3,true,9
2019,00-0028087,0.0,0.0,0.0,0.003799452862383989,0.0023351224819441433,0.0,0.0,0.0,0.0,2,true,9
2019,00-0028912,0.0,0.0,0.0,0.0,0.0,0.0,0.0,0.0,0.005575877734515257,1,true,9
2019,00-0028986,0.0,0.0037781693884861535,0.0038994538204020013,0.0,0.0,0.0,0.0,0.0,0.0,2,true,9
2019,00-0029137,0.0035791818322761064,0.0,0.0,0.0,0.0,0.0042219350103731715,0.015935631892991138,0.0,0.0,3,true,9
2019,00-0029263,0.02115928083198522,0.010695944325150943,0.025283555416154912,0.0,0.0,0.0,0.0,0.0,0.0,3,true,9
2019,00-0029269,0.0,0.0,0.0,0.0,0.0,0.0,0.0035881555255741636,0.0,0.0,1,true,9
2019,00-0029293,0.0028661974035358462,0.0,0.0,0.0,0.0,0.003171702420728104,0.008882155481339324,0.0,0.0,3,true,9
2019,00-0029567,0.008881673435648116,0.007518931159264524,0.009113839743032584,0.0,0.0,0.0,0.0,0.0,0.0,3,true,9
2019,00-0029604,0.01998376523020826,0.022335648443697554,0.023052653467670655,0.0,0.0,0.0,0.0,0.0,0.0,3,true,9
2019,00-0029608,0.0035791818322761064,0.0,0.0,0.0,0.0,0.030357723169826135,0.015935631892991138,0.0,0.0,3,true,9
2019,00-0029632,0.0,0.0,0.0,0.0,0.0,0.002539889189507366,0.004300091145727767,0.0,0.0,2,true,9
2019,00-0029664,0.0,0.0,0.0,0.0,0.0,0.012500238952281351,0.0,0.0,0.0,1,true,9
2019,00-0029701,0.0,0.0,0.005190663694707299,0.0,0.0,0.0,0.0,0.0,0.0,1,true,9
2019,00-0029854,0.0,0.0,0.0,0.002854315334427773,0.0,0.0,0.0,0.0,0.0,1,true,9
2019,00-0030035,0.0028661974035358462,0.0,0.0,0.0,0.0,0.030357723169826135,0.017477789818119312,0.0,0.0,3,true,9
2019,00-0030061,0.002390084878031553,0.0,0.0,0.0,0.0,0.008388318244294065,0.013214914252724358,0.0,0.0,3,true,9
2019,00-0030068,0.0,0.0,0.0,0.0,0.0,0.0,0.005364470142195037,0.0,0.0,1,true,9
2019,00-0030085,0.0,0.0,0.0,0.0,0.0,0.0042219350103731715,0.010623754595327425,0.0,0.0,2,true,9
2019,00-0030107,0.0,0.0,0.0,0.002854315334427773,0.0,0.0,0.0,0.0,0.0,1,true,9
2019,00-0030181,0.0,0.0,0.0,0.0,0.0,0.0,0.005364470142195037,0.0,0.0,1,true,9
2019,00-0030279,0.0035791818322761064,0.0,0.0,0.0,0.0,0.024519699483321115,0.015935631892991138,0.0,0.0,3,true,9
2019,00-0030404,0.0,0.0,0.0,0.002854315334427773,0.003881561211708477,0.0,0.0,0.0,0.0,2,true,9
2019,00-0030431,0.0,0.0,0.0,0.0,0.0,0.008388318244294065,0.008209264914571192,0.0,0.0,2,true,9
2019,00-0030456,0.0,0.0,0.0,0.002854315334427773,0.0,0.0,0.0,0.0,0.0,1,true,9
2019,00-0030470,0.0,0.0,0.0,0.0,0.0,0.0,0.008086738572562667,0.0,0.0,1,true,9
2019,00-0030472,0.0,0.0,0.0,0.0,0.0,0.0,0.0035881555255741636,0.0,0.0,1,true,9
2019,00-0030496,0.01073754549682832,0.0,0.0,0.03374808130705778,0.027910273474665712,0.0,0.0,0.0,0.11263273023720818,4,true,9
2019,00-0030506,0.002390084878031553,0.0,0.0,0.0,0.0,0.018750358428422025,0.04167780648936144,0.0,0.0,3,true,9
2019,00-0030513,0.0,0.0,0.0,0.0075489129239471355,0.012741646586260435,0.0,0.0,0.0,0.0,2,true,9
2019,00-0030546,0.0,0.0,0.0,0.0,0.0,0.0,0.0,0.0,0.018166569393098093,1,true,9
2019,00-0030549,0.0,0.0,0.0,0.0,0.0,0.0,0.0,0.0,0.011042424533059626,1,true,9
2019,00-0030564,0.0035791818322761064,0.0,0.0,0.0,0.0,0.07968902332079361,0.05703278782754723,0.0,0.0,3,true,9
2019,00-0030669,0.0,0.0,0.0,0.0,0.0,0.0,0.005364470142195037,0.0,0.0,1,true,9
2019,00-0030710,0.0,0.0,0.0,0.0,0.0,0.0,0.005364470142195037,0.0,0.0,1,true,9
2019,00-0030874,0.0,0.0,0.0,0.010244953253928255,0.03663223393549875,0.0,0.0,0.0,0.0,2,true,9
2019,00-0031023,0.0,0.0,0.0,0.0,0.0,0.0,0.004300091145727767,0.0,0.0,1,true,9
2019,00-0031040,0.0047643413793874,0.0,0.0,0.0,0.0,0.0,0.0,0.0,0.0,1,true,9
2019,00-0031045,0.0,0.0,0.0,0.003799452862383989,0.005803126167999802,0.0,0.0,0.0,0.0,2,true,9
2019,00-0031051,0.002390084878031553,0.0,0.0,0.0,0.0,0.0,0.0035881555255741636,0.0,0.0,2,true,9
2019,00-0031062,0.0,0.0,0.0,0.003799452862383989,0.0,0.0,0.005364470142195037,0.0,0.0,2,true,9
2019,00-0031235,0.0035791818322761064,0.0,0.0,0.0,0.0,0.0750014337136881,0.031871263785982276,0.0,0.0,3,true,9
2019,00-0031236,0.0028661974035358462,0.0,0.0,0.0,0.0,0.01045101945190736,0.010623754595327425,0.0,0.0,3,true,9
2019,00-0031257,0.0,0.0,0.0,0.0,0.0,0.0,0.0035881555255741636,0.0,0.0,1,true,9
2019,00-0031280,0.007122926220668292,0.016508957545341672,0.012849019965586923,0.0,0.0,0.0,0.0,0.0,0.01656363679958944,4,true,9
2019,00-0031285,0.0035791818322761064,0.0,0.0,0.011249360435685928,0.01890695945058,0.0,0.0,0.0,0.0625737390206712,4,true,9
2019,00-0031325,0.0,0.0,0.0,0.0,0.0,0.006312001847191573,0.009675205077887477,0.0,0.0,2,true,9
2019,00-0031345,0.017546720689938962,0.016508957545341672,0.021771950497244504,0.0,0.0,0.0,0.0,0.0,0.16090390033886884,4,true,9
2019,00-0031376,0.0,0.0,0.0,0.006671132351395143,0.007712049249578684,0.0,0.0,0.0,0.021660140430232344,3,true,9
2019,00-0031381,0.0028661974035358462,0.0,0.0,0.0,0.0,0.030357723169826135,0.07740164062309982,0.0,0.0,3,true,9
2019,00-0031382,0.0035791818322761064,0.0,0.0,0.0,0.0,0.005059620528304356,0.005364470142195037,0.0,0.0,3,true,9
2019,00-0031387,0.0,0.0,0.0,0.0,0.0,0.0021179806862669398,0.02083890324468072,0.0,0.0,2,true,9
2019,00-0031388,0.008881673435648116,0.0,0.0,0.0,0.0,0.0,0.0,0.0,0.0,1,true,9
2019,00-0031408,0.0047643413793874,0.0,0.0,0.0,0.0,0.05795565332421354,0.040134184026792495,0.0,0.0,3,true,9
2019,00-0031428,0.0035791818322761064,0.0,0.0,0.0,0.0,0.006312001847191573,0.007129098478443403,0.0,0.0,3,true,9
2019,00-0031431,0.0,0.0,0.0,0.0,0.0,0.0,0.0,0.0,0.011042424533059626,1,true,9
2019,00-0031503,0.00946599405641444,0.07232495686530636,0.030145777611569318,0.0,0.0,0.0,0.0,0.0,0.0,3,true,9
2019,00-0031544,0.014106187221323478,0.0,0.0,0.0,0.0,0.015549077721130462,0.018683154633162023,0.0,0.0,3,true,9
2019,00-0031547,0.0,0.0,0.0,0.0,0.0,0.0,0.004300091145727767,0.0,0.0,1,true,9
2019,00-0031588,0.0028661974035358462,0.0,0.0,0.0,0.0,0.008388318244294065,0.013214914252724358,0.0,0.0,3,true,9
2019,00-0031941,0.0,0.0,0.0,0.0,0.0,0.003171702420728104,0.0,0.0,0.0,1,true,9
2019,00-0032009,0.0,0.0,0.0,0.0,0.0,0.0,0.0035881555255741636,0.0,0.0,1,true,9
2019,00-0032055,0.0,0.0,0.0,0.0,0.0,0.0,0.0066890306711320825,0.0,0.0,1,true,9
2019,00-0032058,0.0028661974035358462,0.0,0.0,0.007082930644691139,0.005803126167999802,0.0,0.0,0.0,0.0,3,true,9
2019,00-0032144,0.0035791818322761064,0.0,0.0,0.02731987534380868,0.027910273474665712,0.0,0.0,0.0,0.0,3,true,9
2019,00-0032160,0.0,0.0,0.0,0.0,0.0,0.003171702420728104,0.007129098478443403,0.0,0.0,2,true,9
2019,00-0032187,0.007122926220668292,0.0,0.0,0.01687404065352889,0.022542913191076156,0.0,0.0,0.0,0.03312727359917888,4,true,9
2019,00-0032211,0.0,0.0,0.0,0.0,0.0,0.006312001847191573,0.017477789818119312,0.0,0.0,2,true,9
2019,00-0032241,0.00946599405641444,0.0,0.0,0.038247825481332154,0.053283249360725454,0.0036222283327633463,0.0,0.0,0.0,4,true,9
2019,00-0032257,0.0,0.0,0.0,0.002854315334427773,0.0,0.0,0.0,0.0,0.0,1,true,9
2019,00-0032268,0.0028661974035358462,0.004314841176623392,0.005190663694707299,0.0,0.0,0.0,0.0,0.0,0.021660140430232344,4,true,9
2019,00-0032382,0.0,0.0,0.0,0.0,0.0,0.0,0.0,0.0,0.01656363679958944,1,true,9
2019,00-0032385,0.0,0.0,0.0,0.0,0.0,0.005059620528304356,0.005364470142195037,0.0,0.0,2,true,9
2019,00-0032388,0.0,0.0,0.0,0.0,0.0,0.0,0.0,0.0,0.01656363679958944,1,true,9
2019,00-0032392,0.0,0.0,0.0,0.0,0.0,0.002539889189507366,0.011778510529602146,0.0,0.0,2,true,9
2019,00-0032626,0.0,0.0,0.0,0.0,0.0,0.003171702420728104,0.005364470142195037,0.0,0.0,2,true,9
2019,00-0032688,0.0,0.0,0.0,0.0,0.0,0.0042219350103731715,0.008882155481339324,0.0,0.0,2,true,9
2019,00-0032741,0.0,0.0,0.0,0.005680370120989924,0.00888054156012091,0.0,0.0,0.0,0.0,2,true,9
2019,00-0032760,0.0,0.0,0.0,0.0,0.0,0.0,0.002695579524187556,0.0,0.0,1,true,9
2019,00-0032764,0.0035791818322761064,0.0,0.0,0.04097981301571302,0.053283249360725454,0.0,0.0,0.0,0.0,3,true,9
2019,00-0032765,0.005709647208630932,0.0,0.0,0.0,0.0,0.05795565332421354,0.028516393913773613,0.0,0.0,3,true,9
2019,00-0032780,0.0,0.0,0.0,0.011249360435685928,0.00888054156012091,0.0,0.0,0.0,0.0,2,true,9
2019,00-0032950,0.051386824877678386,0.018522245050871144,0.03732334370956201,0.0,0.0,0.0,0.0,0.0,0.04332028086046469,4,true,9
2019,00-0033009,0.0,0.0,0.0,0.0,0.0,0.012500238952281351,0.005364470142195037,0.0,0.0,2,true,9
2019,00-0033025,0.0,0.0,0.0,0.002854315334427773,0.0,0.0,0.0,0.0,0.0,1,true,9
2019,00-0033040,0.0035791818322761064,0.0,0.0,0.0,0.0,0.04553658475473921,0.029287107262794525,0.0,0.0,3,true,9
2019,00-0033045,0.008365297073110435,0.0,0.0,0.1434293455549956,0.06512397144088666,0.0,0.0,0.0,0.0,3,true,9
2019,00-0033077,0.011793697512909795,0.006027079738775531,0.009113839743032584,0.0,0.005803126167999802,0.0,0.0,0.0,0.0,4,true,9
2019,00-0033090,0.0,0.0,0.0,0.0,0.0,0.0021179806862669398,0.008209264914571192,0.0,0.021660140430232344,3,true,9
2019,00-0033106,0.017546720689938962,0.029208155657142958,0.04898688861880014,0.0,0.0,0.0,0.0,0.0,0.0,3,true,9
2019,00-0033118,0.0,0.0,0.0,0.013993106883414203,0.00888054156012091,0.0,0.0,0.0,0.0,2,true,9
2019,00-0033119,0.004087588342542599,0.0,0.0,0.0,0.0,0.0,0.0,0.0,0.0,1,true,9
2019,00-0033127,0.0,0.0,0.0,0.0,0.0,0.003171702420728104,0.008882155481339324,0.0,0.0,2,true,9
2019,00-0033156,0.002390084878031553,0.0,0.0,0.0,0.0,0.0,0.0,0.0,0.0,1,true,9
2019,00-0033280,0.012846706219419596,0.0,0.0,0.01687404065352889,0.027910273474665712,0.002820850383036942,0.0066890306711320825,0.0,0.0,5,true,9
2019,00-0033282,0.0,0.0,0.0,0.0,0.0,0.002820850383036942,0.0,0.0,0.0,1,true,9
2019,00-0033288,0.0,0.0,0.0,0.0,0.0,0.012500238952281351,0.010623754595327425,0.0,0.0,2,true,9
2019,00-0033293,0.0,0.0,0.0,0.013993106883414203,0.01890695945058,0.0,0.0,0.0,0.0,2,true,9
2019,00-0033308,0.0,0.0,0.0,0.007082930644691139,0.005803126167999802,0.0,0.0,0.0,0.0,2,true,9
2019,00-0033463,0.0,0.0,0.0,0.0,0.0,0.0,0.0,0.0,0.011042424533059626,1,true,9
2019,00-0033536,0.0,0.0,0.0,0.0,0.0,0.002539889189507366,0.011171370811581417,0.0,0.0,2,true,9
2019,00-0033537,0.03786397622565776,0.016508957545341672,0.030145777611569318,0.0,0.008747996163701194,0.0,0.0,0.0,0.0,4,true,9
2019,00-0033553,0.008365297073110435,0.0,0.0,0.02731987534380868,0.030848196998314734,0.0,0.0,0.0,0.0,3,true,9
2019,00-0033556,0.0028661974035358462,0.0,0.0,0.002854315334427773,0.005803126167999802,0.002539889189507366,0.0,0.0,0.0,4,true,9
2019,00-0033564,0.0,0.0,0.0,0.0,0.0,0.0,0.0,0.0,0.011042424533059626,1,true,9
2019,00-0033594,0.0,0.0,0.0,0.030195651695788542,0.053283249360725454,0.0,0.0,0.0,0.0,2,true,9
2019,00-0033699,0.0,0.0,0.0,0.003259757853522627,0.0,0.0,0.0,0.0,0.0,1,true,9
2019,00-0033839,0.0,0.0,0.0,0.0,0.0,0.0042219350103731715,0.004300091145727767,0.0,0.0,2,true,9
2019,00-0033856,0.0047643413793874,0.0,0.0,0.031011750390269318,0.022542913191076156,0.0,0.0,0.0,0.021660140430232344,4,true,9
2019,00-0033857,0.0035791818322761064,0.0,0.0,0.0,0.0,0.03750071685684405,0.031871263785982276,0.0,0.0,3,true,9
2019,00-0033869,0.014106187221323478,0.005029218854872297,0.010313029182905291,0.0,0.0023351224819441433,0.0,0.0,0.0,0.0,4,true,9
2019,00-0033871,0.0028661974035358462,0.0,0.0,0.0,0.0,0.0021179806862669398,0.0035881555255741636,0.0,0.0,3,true,9
2019,00-0033873,0.11990259138124956,0.2169748705959191,0.18442122774136524,0.0,0.0,0.0,0.0,0.0,0.0,3,true,9
2019,00-0033879,0.0,0.0,0.0,0.0,0.0,0.002539889189507366,0.010623754595327425,0.0,0.0,2,true,9
2019,00-0033881,0.0,0.0,0.0,0.0,0.0,0.002539889189507366,0.005364470142195037,0.0,0.0,2,true,9
2019,00-0033885,0.0,0.0,0.0,0.0,0.0,0.002539889189507366,0.007129098478443403,0.0,0.0,2,true,9
2019,00-0033891,0.0,0.0,0.0,0.0,0.0,0.0,0.0035881555255741636,0.0,0.0,1,true,9
2019,00-0033893,0.0047643413793874,0.0,0.0,0.0358573363887489,0.014295505926048294,0.0,0.0,0.0,0.0,3,true,9
2019,00-0033897,0.003183254638440254,0.0,0.0,0.02731987534380868,0.022542913191076156,0.0,0.0,0.0,0.0,3,true,9
2019,00-0033906,0.01073754549682832,0.0,0.0,0.011249360435685928,0.03663223393549875,0.0018162740358015639,0.0,0.0,0.0,4,true,9
2019,00-0033908,0.0028661974035358462,0.0,0.0,0.0,0.0,0.0042219350103731715,0.010623754595327425,0.0,0.036333138786196185,4,true,9
2019,00-0033921,0.0,0.0,0.0,0.0,0.0,0.012500238952281351,0.010623754595327425,0.0,0.0,2,true,9
2019,00-0033925,0.0,0.0,0.0,0.003799452862383989,0.003881561211708477,0.0,0.0,0.0,0.0,2,true,9
2019,00-0033932,0.0028661974035358462,0.0,0.0,0.0,0.0,0.012500238952281351,0.008209264914571192,0.0,0.0,3,true,9
2019,00-0033951,0.0035791818322761064,0.0,0.0,0.02731987534380868,0.027910273474665712,0.0,0.0,0.0,0.0,3,true,9
2019,00-0034109,0.0028661974035358462,0.0,0.0,0.013993106883414203,0.012741646586260435,0.0,0.0,0.0,0.0,3,true,9
2019,00-0034343,0.0028661974035358462,0.003025546004325565,0.0038994538204020013,0.0,0.0,0.0,0.0,0.0,0.019419436247794516,4,true,9
2019,00-0034348,0.002390084878031553,0.0,0.0,0.0,0.0,0.003171702420728104,0.00630013353908952,0.0,0.0,3,true,9
2019,00-0034349,0.004087588342542599,0.0,0.0,0.01687404065352889,0.016280992860221666,0.0,0.0,0.0,0.0,3,true,9
2019,00-0034358,0.0,0.0,0.0,0.012472117004782225,0.00888054156012091,0.0,0.0,0.0,0.03754424341240273,3,true,9
2019,00-0034366,0.0,0.0,0.0,0.0,0.0,0.006312001847191573,0.0,0.0,0.0,1,true,9
2019,00-0034367,0.0,0.0,0.0,0.002854315334427773,0.0,0.0,0.0,0.0,0.0,1,true,9
2019,00-0034378,0.0,0.0,0.0,0.002854315334427773,0.0,0.0,0.0,0.0,0.0,1,true,9
2019,00-0034510,0.0,0.0,0.0,0.0,0.0,0.0,0.0035881555255741636,0.0,0.0,1,true,9
2019,00-0034676,0.0,0.0,0.0,0.0,0.0,0.003171702420728104,0.0,0.0,0.0,1,true,9
2019,00-0034750,0.0,0.0,0.0,0.004945839501896399,0.005803126167999802,0.0,0.0,0.0,0.0,2,true,9
2019,00-0034764,0.0,0.0,0.0,0.0,0.0,0.0036222283327633463,0.0,0.0,0.0,1,true,9
2019,00-0034772,0.0,0.0,0.0,0.0,0.0,0.0042219350103731715,0.0,0.0,0.0,1,true,9
2019,00-0034775,0.0,0.0,0.0,0.0,0.0,0.006312001847191573,0.0035881555255741636,0.0,0.0,2,true,9
2019,00-0034791,0.0047643413793874,0.0,0.0,0.03374808130705778,0.039074382864532,0.0,0.0,0.0,0.0,3,true,9
2019,00-0034796,0.017546720689938962,0.0037781693884861535,0.003468098309295585,0.011249360435685928,0.011492465548391765,0.0,0.0,0.0,0.0,5,true,9
2019,00-0034816,0.0,0.0,0.0,0.0075489129239471355,0.00888054156012091,0.0,0.0,0.0,0.0,2,true,9
2019,00-0034827,0.0,0.0,0.0,0.0,0.0,0.005059620528304356,0.008882155481339324,0.0,0.0,2,true,9
2019,00-0034837,0.0,0.0,0.0,0.0,0.0,0.0042219350103731715,0.015935631892991138,0.0,0.0,2,true,9
2019,00-0034838,0.0,0.0,0.0,0.003799452862383989,0.003881561211708477,0.0,0.0,0.0,0.0,2,true,9
2019,00-0034844,0.01073754549682832,0.0,0.0,0.16391925206285207,0.07235996826765186,0.0042219350103731715,0.005364470142195037,0.0,0.0,5,true,9
2019,00-0034845,0.005945583043698326,0.0,0.0,0.015936593950555064,0.02548329317252087,0.0,0.0,0.0,0.0,3,true,9
2019,00-0034855,0.057553243862999794,0.06328433725714307,0.060291555223138636,0.0,0.0,0.0,0.0,0.0,0.0,3,true,9
2019,00-0034857,0.005709647208630932,0.0037781693884861535,0.0038994538204020013,0.0,0.011492465548391765,0.0,0.0,0.0,0.0,4,true,9
2019,00-0034860,0.0,0.0,0.0,0.0,0.0,0.005059620528304356,0.005364470142195037,0.0,0.0,2,true,9
2019,00-0034869,0.007122926220668292,0.007518931159264524,0.010313029182905291,0.0,0.0,0.0,0.0,0.0,0.0,3,true,9
2019,00-0034970,0.0,0.0,0.0,0.0,0.0,0.0,0.0,0.007524561520102054,0.0,1,true,9
2019,00-0034971,0.0,0.0,0.0,0.0,0.0,0.0,0.0,0.01121307206917169,0.0,1,true,9
2019,00-0034972,0.0,0.0,0.0,0.0,0.0,0.0,0.0,0.012431884250603395,0.0,1,true,9
2019,00-0034975,0.0,0.0,0.0,0.0,0.0,0.0,0.0,0.013146360356959912,0.0,1,true,9
2019,00-0034983,0.0,0.0,0.0,0.0,0.0,0.0,0.0,0.01121307206917169,0.0,1,true,9
2019,00-0035140,0.0,0.0,0.0,0.0,0.0,0.0,0.010623754595327425,0.030098246080408217,0.0,2,true,9
2019,00-0035216,0.0,0.0,0.0,0.0,0.0,0.0,0.0,0.005662046292354022,0.0,1,true,9
2019,00-0035228,0.008881673435648116,0.015657980352282823,0.01703891778045222,0.0,0.017238698322587648,0.0,0.0,0.22874667021110248,0.0,5,true,9
2019,00-0035229,0.0,0.0,0.0,0.0,0.0,0.0,0.0,0.021994872135682932,0.0,1,true,9
2019,00-0035232,0.0035791818322761064,0.0037781693884861535,0.005190663694707299,0.0,0.0,0.0,0.0,0.06727843241503013,0.0,4,true,9
2019,00-0035233,0.0,0.0,0.0,0.0,0.0,0.0,0.0,0.003787196526673882,0.0,1,true,9
2019,00-0035234,0.0,0.0,0.0,0.0,0.0,0.0,0.0,0.003787196526673882,0.0,1,true,9
2019,00-0035235,0.0,0.0,0.0,0.0,0.0,0.0,0.0,0.003787196526673882,0.0,1,true,9
2019,00-0035237,0.0,0.0,0.0,0.0,0.0,0.0,0.0,0.003787196526673882,0.0,1,true,9
2019,00-0035243,0.0,0.0,0.0,0.013993106883414203,0.00960845480275377,0.0,0.0,0.03363921620751507,0.0,3,true,9
2019,00-0035246,0.0,0.0,0.0,0.0,0.0,0.0,0.0,0.009374863533241904,0.0,1,true,9
2019,00-0035249,0.0,0.0,0.0,0.0,0.0,0.0,0.0,0.005662046292354022,0.0,1,true,9
2019,00-0035250,0.0,0.0,0.0,0.0,0.0,0.0,0.0,0.027231746453702674,0.0,1,true,9
2019,00-0035251,0.0,0.0,0.001564451532736132,0.0,0.0,0.0,0.0,0.01121307206917169,0.0,2,true,9
2019,00-0035256,0.0,0.0,0.0,0.0,0.0,0.0,0.0,0.0070600824139229156,0.0,1,true,9
2019,00-0035264,0.0,0.0,0.0,0.0,0.0,0.0,0.0,0.005662046292354022,0.0,1,true,9
2019,00-0035527,0.0,0.0,0.0,0.0,0.0,0.0,0.0,0.01121307206917169,0.0,1,true,9
2019,00-0035529,0.0,0.0,0.0,0.0,0.0,0.003171702420728104,0.0,0.013947967695798933,0.0,2,true,9
2019,00-0035535,0.0,0.0,0.0,0.0,0.0,0.0,0.0,0.01121307206917169,0.0,1,true,9
2019,00-0035588,0.0,0.0,0.0,0.0,0.0,0.0,0.0,0.0028451078384465482,0.0,1,true,9
2019,00-0035589,0.0,0.0,0.0,0.0,0.0,0.0,0.0,0.008535323515339645,0.0,1,true,9
2019,00-0035590,0.0,0.0,0.0,0.0,0.0,0.0,0.0,0.016819608103757534,0.0,1,true,9
2019,00-0035624,0.0,0.0,0.0,0.0,0.0,0.007870520821806776,0.008882155481339324,0.021994872135682932,0.0,3,true,9
2019,00-0035629,0.0,0.0,0.0,0.0,0.0,0.0,0.0,0.003787196526673882,0.0,1,true,9
2019,00-0035630,0.0,0.0,0.0,0.0,0.0,0.0,0.0,0.0028451078384465482,0.0,1,true,9
2019,00-0035631,0.0,0.0,0.0,0.0,0.0,0.0,0.0,0.005662046292354022,0.0,1,true,9
2019,00-0035639,0.0,0.0,0.0,0.0,0.0,0.0,0.0,0.02079515183737295,0.0,1,true,9
2019,00-0035640,0.0,0.0,0.0,0.0,0.0,0.0060142659110032914,0.005364470142195037,0.016819608103757534,0.0,3,true,9
2019,00-0035644,0.0,0.0,0.0,0.0,0.0,0.0,0.0,0.01588518543132656,0.0,1,true,9
2019,00-0035652,0.0,0.0,0.0,0.0,0.0,0.0,0.0,0.007524561520102054,0.0,1,true,9
2019,00-0035657,0.0,0.0,0.0,0.0,0.0,0.0,0.0,0.01121307206917169,0.0,1,true,9
2019,00-0035659,0.0,0.0,0.0,0.0,0.0,0.0,0.0,0.012431884250603395,0.0,1,true,9
2019,00-0035660,0.0,0.0,0.0,0.0,0.0,0.0,0.0,0.005662046292354022,0.0,1,true,9
2019,00-0035662,0.0,0.0,0.0,0.0,0.0,0.0042219350103731715,0.005364470142195037,0.021994872135682932,0.0,3,true,9
2019,00-0035664,0.0,0.0,0.0,0.0,0.022542913191076156,0.0,0.0,0.018447312113798586,0.0,2,true,9
2019,00-0035671,0.0,0.0,0.0,0.0,0.0,0.0,0.0,0.005662046292354022,0.0,1,true,9
2019,00-0035676,0.0,0.0,0.0,0.0,0.0,0.003171702420728104,0.0,0.021994872135682932,0.0,2,true,9
2019,00-0035685,0.0,0.0,0.0,0.012472117004782225,0.022542913191076156,0.0,0.0,0.05198787959343238,0.0,3,true,9
2019,00-0035689,0.0,0.0,0.0,0.0,0.0,0.0,0.0,0.005662046292354022,0.0,1,true,9
2019,00-0035700,0.0028661974035358462,0.0,0.0,0.011249360435685928,0.011492465548391765,0.0,0.0,0.07624889007036749,0.0,4,true,9
2019,00-0035703,0.0,0.0,0.0,0.0,0.0,0.0,0.0,0.013947967695798933,0.0,1,true,9
2019,00-0035704,0.0028661974035358462,0.0,0.0022330205638199496,0.0,0.0,0.0,0.0,0.01588518543132656,0.0,3,true,9
2019,00-0035710,0.0009579434730858822,0.0015157925091531274,0.001564451532736132,0.0,0.0,0.0,0.0,0.021994872135682932,0.0,4,true,9
2019,00-0035717,0.0047643413793874,0.0,0.0,0.0,0.0,0.0,0.0,0.0,0.0,1,true,9
2019,00-0035719,0.0,0.0,0.0,0.0,0.0,0.0,0.0,0.03267809574444321,0.0,1,true,9
2020,00-0019596,0.043619283380120916,0.0751462078591191,0.06894590570261325,0.0,0.0,0.0,0.0,0.0,0.0,3,true,9
2020,00-0020531,0.03531084845057407,0.03978328651365129,0.06894590570261325,0.0,0.0,0.0,0.0,0.0,0.0,3,true,9
2020,00-0022924,0.014539761126706971,0.03978328651365129,0.03283138366791107,0.0,0.0,0.0,0.0,0.0,0.14360538292660854,4,true,9
2020,00-0022942,0.009154664413111796,0.061483260975642905,0.03283138366791107,0.0,0.0,0.0,0.0,0.0,0.055232839587157134,4,true,9
2020,00-0023436,0.0,0.0,0.0,0.0,0.0,0.0,0.0,0.0,0.17950672865826067,1,true,9
2020,00-0023459,0.02392025217619534,0.026012148874310463,0.03283138366791107,0.0,0.0,0.0,0.0,0.0,0.0,3,true,9
2020,00-0023682,0.0024635475663191213,0.0,0.003430144562319067,0.0,0.0,0.0,0.0,0.0,0.0,2,true,9
2020,00-0025394,0.0,0.0,0.0,0.0,0.00934665151681852,0.0,0.0,0.0,0.0,1,true,9
2020,00-0026143,0.012156193728886157,0.084539483841509,0.045963937135075496,0.0,0.0,0.0,0.0,0.0,0.0,3,true,9
2020,00-0026189,0.0,0.0,0.0,0.0,0.0,0.0,0.009501341410837914,0.0,0.007109177372604383,2,true,9
2020,00-0026498,0.018086044328342817,0.052024297748620926,0.040556415119184265,0.0,0.0,0.0,0.0,0.0,0.14360538292660854,4,true,9
2020,00-0027150,0.0,0.0,0.0,0.0,0.0,0.006403943767980857,0.007626076658698851,0.0,0.0,2,true,9
2020,00-0027656,0.0,0.0,0.0,0.0,0.0,0.006403943767980857,0.009501341410837914,0.0,0.02316215853654976,3,true,9
2020,00-0027793,0.0,0.0,0.0,0.0,0.0,0.006403943767980857,0.0,0.0,0.0,1,true,9
2020,00-0027857,0.0,0.0,0.0,0.0,0.0,0.0,0.0,0.0,0.02316215853654976,1,true,9
2020,00-0027891,0.0,0.0,0.0,0.0,0.0,0.006403943767980857,0.0,0.0,0.0,1,true,9
2020,00-0027939,0.02392025217619534,0.008349578651013235,0.01681607456161299,0.0,0.0,0.0,0.0,0.0,0.11967115243884044,4,true,9
2020,00-0027940,0.0024635475663191213,0.0,0.0,0.0,0.0,0.0,0.0,0.0,0.0,1,true,9
2020,00-0027942,0.0,0.0,0.0,0.0,0.0,0.019023480016649014,0.025199209828744032,0.0,0.02316215853654976,3,true,9
2020,00-0027944,0.003689193121701769,0.0,0.0,0.0,0.0,0.06467983205660666,0.05268925691464662,0.0,0.0,3,true,9
2020,00-0027945,0.0,0.0,0.0,0.0,0.0,0.0,0.0,0.0,0.0341917578396687,1,true,9
2020,00-0027949,0.003689193121701769,0.0,0.0,0.0,0.0,0.0,0.0,0.0,0.027616419793578567,2,true,9
2020,00-0027966,0.0024635475663191213,0.0,0.0,0.016913305731602435,0.018418401518436493,0.0,0.0,0.0,0.0,3,true,9
2020,00-0028118,0.007341859578832233,0.004478913051205774,0.003430144562319067,0.0,0.0,0.0,0.0,0.0,0.0,3,true,9
2020,00-0029137,0.0,0.0,0.0,0.0,0.0,0.00798516445143292,0.007155331185939663,0.0,0.0,2,true,9
2020,00-0029255,0.0024635475663191213,0.0,0.0,0.0,0.0,0.0,0.0,0.0,0.0,1,true,9
2020,00-0029263,0.05704060134323505,0.026012148874310463,0.07660656189179249,0.0,0.0,0.0,0.0,0.0,0.0,3,true,9
2020,00-0029293,0.0,0.0,0.0,0.0,0.0,0.00798516445143292,0.007155331185939663,0.0,0.0,2,true,9
2020,00-0029567,0.007341859578832233,0.008349578651013235,0.004565954020040613,0.0,0.0,0.0,0.0,0.0,0.017512851576415675,4,true,9
2020,00-0029604,0.007341859578832233,0.01326109550455043,0.020278207559592133,0.0,0.0,0.0,0.0,0.0,0.0,3,true,9
2020,00-0029608,0.0,0.0,0.0,0.0,0.0,0.02230339036434712,0.022291608694658183,0.0,0.0,2,true,9
2020,00-0029657,0.0,0.0,0.0,0.0,0.0,0.0,0.0,0.0,0.008864529810284476,1,true,9
2020,00-0029701,0.007341859578832233,0.010094266727344358,0.013518805039728087,0.0,0.0,0.0,0.0,0.0,0.0,3,true,9
2020,00-0030035,0.0,0.0,0.0,0.0,0.0,0.02086446195374408,0.019985580209003886,0.0,0.017512851576415675,3,true,9
2020,00-0030061,0.001480095444036039,0.0,0.0,0.0,0.0,0.0,0.014136142099051532,0.0,0.0,2,true,9
2020,00-0030279,0.0,0.0,0.0,0.0,0.0,0.019023480016649014,0.022291608694658183,0.0,0.0,2,true,9
2020,00-0030431,0.0,0.0,0.0,0.0,0.0,0.012682320011099344,0.007155331185939663,0.0,0.0,2,true,9
2020,00-0030496,0.0024635475663191213,0.0,0.0,0.020395456911638226,0.018418401518436493,0.0,0.0,0.0,0.0,3,true,9
2020,00-0030506,0.0024635475663191213,0.0,0.0,0.0,0.0,0.019023480016649014,0.025199209828744032,0.0,0.0,3,true,9
2020,00-0030564,0.003689193121701769,0.0,0.0,0.0,0.0,0.043119888037737766,0.044583217389316365,0.0,0.0,3,true,9
2020,00-0030874,0.001480095444036039,0.0,0.0,0.0,0.0,0.0,0.0,0.0,0.0,1,true,9
2020,00-0031040,0.007341859578832233,0.0,0.0,0.0,0.0,0.0,0.0,0.0,0.0,1,true,9
2020,00-0031051,0.0,0.0,0.0,0.0,0.0,0.00798516445143292,0.007626076658698851,0.0,0.0,2,true,9
2020,00-0031235,0.0024635475663191213,0.0,0.0,0.0,0.0,0.024876858483310255,0.025199209828744032,0.0,0.0,3,true,9
2020,00-0031236,0.0,0.0,0.0,0.0,0.0,0.00798516445143292,0.007155331185939663,0.0,0.0,2,true,9
2020,00-0031237,0.0,0.008349578651013235,0.0068263272972884405,0.0,0.0,0.0,0.0,0.0,0.017512851576415675,3,true,9
2020,00-0031280,0.012156193728886157,0.016495509042245657,0.008511840210199167,0.0,0.0,0.0,0.0,0.0,0.017512851576415675,4,true,9
2020,00-0031325,0.0,0.0,0.0,0.0,0.0,0.00798516445143292,0.005738433921397156,0.0,0.0,2,true,9
2020,00-0031345,0.02392025217619534,0.016495509042245657,0.03283138366791107,0.0,0.0,0.0,0.0,0.0,0.0,3,true,9
2020,00-0031381,0.0024635475663191213,0.0,0.0,0.0,0.0,0.043119888037737766,0.05268925691464662,0.0,0.0,3,true,9
2020,00-0031382,0.0,0.0,0.0,0.0,0.0,0.00798516445143292,0.008650475015837504,0.0,0.0,2,true,9
2020,00-0031388,0.009154664413111796,0.0,0.0,0.0,0.0,0.0,0.0,0.0,0.0,1,true,9
2020,00-0031408,0.0024635475663191213,0.0,0.0,0.0,0.0,0.043119888037737766,0.05268925691464662,0.0,0.0,3,true,9
2020,00-0031428,0.0,0.0,0.0,0.0,0.0,0.015775568794294308,0.0,0.0,0.0,1,true,9
2020,00-0031503,0.001480095444036039,0.008349578651013235,0.0,0.0,0.0,0.0,0.0,0.0,0.007109177372604383,3,true,9
2020,00-0031544,0.0024635475663191213,0.0,0.0,0.0,0.0,0.019023480016649014,0.022291608694658183,0.0,0.0,3,true,9
2020,00-0031547,0.0024635475663191213,0.0,0.0,0.0,0.0,0.019023480016649014,0.011364349530610053,0.0,0.0,3,true,9
2020,00-0031588,0.0,0.0,0.0,0.0,0.0,0.012682320011099344,0.014136142099051532,0.0,0.0,2,true,9
2020,00-0031610,0.0,0.0,0.0,0.0,0.0,0.00798516445143292,0.007626076658698851,0.0,0.0,2,true,9
2020,00-0031687,0.0024635475663191213,0.0,0.0,0.03302121595217618,0.024085601985647725,0.0,0.0,0.0,0.0,3,true,9
2020,00-0031941,0.0,0.0,0.0,0.0,0.0,0.006403943767980857,0.0,0.0,0.0,1,true,9
2020,00-0032144,0.0024635475663191213,0.0,0.0,0.016913305731602435,0.015273796381142459,0.0,0.0,0.0,0.0,3,true,9
2020,00-0032187,0.0,0.0,0.0,0.020395456911638226,0.018418401518436493,0.0,0.0,0.0,0.02316215853654976,3,true,9
2020,00-0032211,0.0024635475663191213,0.0,0.0,0.0,0.0,0.012682320011099344,0.014136142099051532,0.0,0.0,3,true,9
2020,00-0032241,0.007341859578832233,0.0,0.0,0.020395456911638226,0.02159398798713244,0.0,0.0,0.0,0.02316215853654976,4,true,9
2020,00-0032268,0.0,0.0,0.0,0.0,0.0,0.0,0.0,0.0,0.007109177372604383,1,true,9
2020,00-0032385,0.0,0.0,0.0,0.0,0.0,0.00798516445143292,0.005738433921397156,0.0,0.0,2,true,9
2020,00-0032764,0.012156193728886157,0.0,0.0,0.09906364785652853,0.08946080737526296,0.0,0.0,0.0,0.0,3,true,9
2020,00-0032765,0.003689193121701769,0.0,0.0,0.0,0.0,0.10779972009434442,0.08916643477863273,0.0,0.0,3,true,9
2020,00-0032780,0.0,0.0,0.0,0.006865797376195047,0.0,0.0,0.0,0.0,0.0,1,true,9
2020,00-0032950,0.018086044328342817,0.026012148874310463,0.045963937135075496,0.0,0.0,0.0,0.0,0.0,0.0,3,true,9
2020,00-0033009,0.0,0.0,0.0,0.0,0.0,0.00798516445143292,0.007626076658698851,0.0,0.0,2,true,9
2020,00-0033040,0.0024635475663191213,0.0,0.0,0.0,0.0,0.03804696003329803,0.05268925691464662,0.0,0.0,3,true,9
2020,00-0033045,0.018086044328342817,0.0,0.0,0.08668069187446246,0.08946080737526296,0.0,0.0,0.0,0.0,3,true,9
2020,00-0033077,0.03902777986642397,0.084539483841509,0.045963937135075496,0.0,0.0,0.0,0.0,0.0,0.0,3,true,9
2020,00-0033106,0.007341859578832233,0.0676315870732072,0.020278207559592133,0.0,0.0,0.0,0.0,0.0,0.0,3,true,9
2020,00-0033118,0.0024635475663191213,0.0,0.0,0.026670982115219222,0.029820269125087655,0.0,0.0,0.0,0.0,3,true,9
2020,00-0033119,0.0007407870304316239,0.0,0.0,0.0,0.0,0.0,0.0,0.0,0.0,1,true,9
2020,00-0033127,0.0,0.0,0.0,0.0,0.0,0.00798516445143292,0.009501341410837914,0.0,0.0,2,true,9
2020,00-0033156,0.0024635475663191213,0.0,0.0,0.0,0.0,0.0,0.0,0.0,0.0,1,true,9
2020,00-0033280,0.018086044328342817,0.0,0.0,0.053341964230438445,0.0659184896449306,0.00798516445143292,0.007626076658698851,0.0,0.0,5,true,9
2020,00-0033282,0.0,0.0,0.0,0.0,0.0,0.00798516445143292,0.005738433921397156,0.0,0.0,2,true,9
2020,00-0033288,0.007341859578832233,0.0,0.0,0.0,0.0,0.019023480016649014,0.022291608694658183,0.0,0.0,3,true,9
2020,00-0033293,0.003689193121701769,0.0,0.0,0.026670982115219222,0.039139103226677546,0.0,0.0,0.0,0.0,3,true,9
2020,00-0033357,0.007341859578832233,0.0,0.0,0.0,0.0,0.0,0.0,0.0,0.0,1,true,9
2020,00-0033536,0.0,0.0,0.0,0.0,0.0,0.006403943767980857,0.0,0.0,0.0,1,true,9
2020,00-0033537,0.03531084845057407,0.03220551765390819,0.045963937135075496,0.0,0.0,0.0,0.0,0.0,0.0,3,true,9
2020,00-0033553,0.0024635475663191213,0.0,0.0,0.016913305731602435,0.018418401518436493,0.0,0.0,0.0,0.0,3,true,9
2020,00-0033594,0.0,0.0,0.0,0.0364971334208263,0.029820269125087655,0.0,0.0,0.0,0.0,2,true,9
2020,00-0033699,0.0,0.0,0.0,0.016913305731602435,0.015273796381142459,0.0,0.0,0.0,0.0,2,true,9
2020,00-0033856,0.007341859578832233,0.0,0.0,0.020395456911638226,0.015273796381142459,0.0,0.0,0.0,0.0,3,true,9
2020,00-0033857,0.0,0.0,0.0,0.0,0.0,0.019023480016649014,0.022291608694658183,0.0,0.0,2,true,9
2020,00-0033868,0.007341859578832233,0.0,0.0,0.0,0.0,0.0,0.0,0.0,0.0,1,true,9
2020,00-0033869,0.0024635475663191213,0.006696196739921505,0.008511840210199167,0.0,0.0,0.0,0.0,0.0,0.02316215853654976,4,true,9
2020,00-0033873,0.16478395943601234,0.14089913973584833,0.1378918114052265,0.0,0.0,0.0,0.0,0.0,0.0,3,true,9
2020,00-0033881,0.0,0.0,0.0,0.0,0.0,0.006403943767980857,0.005738433921397156,0.0,0.0,2,true,9
2020,00-0033886,0.007341859578832233,0.0,0.0,0.0,0.0,0.0,0.0,0.0,0.0,1,true,9
2020,00-0033893,0.007341859578832233,0.0,0.0,0.04622970233304665,0.056929604693349165,0.0,0.0,0.0,0.0,3,true,9
2020,00-0033897,0.007341859578832233,0.0,0.0,0.053341964230438445,0.02159398798713244,0.0,0.0,0.0,0.0,3,true,9
2020,00-0033906,0.007341859578832233,0.0,0.0,0.020395456911638226,0.036836803036872985,0.0,0.0,0.0,0.0,3,true,9
2020,00-0033908,0.0,0.0,0.0,0.0,0.0,0.015775568794294308,0.025199209828744032,0.0,0.0,2,true,9
2020,00-0033921,0.0024635475663191213,0.0,0.0,0.0,0.0,0.05879984732418787,0.05268925691464662,0.0,0.0,3,true,9
2020,00-0033932,0.001480095444036039,0.0,0.0,0.0,0.0,0.030799920026955547,0.022291608694658183,0.0,0.0,3,true,9
2020,00-0033951,0.001480095444036039,0.0,0.0,0.016913305731602435,0.024085601985647725,0.0,0.0,0.0,0.0,3,true,9
2020,00-0034109,0.0,0.0,0.0,0.0,0.008239811205616326,0.0,0.0,0.0,0.0,1,true,9
2020,00-0034348,0.0,0.0,0.0,0.0,0.0,0.019023480016649014,0.01704652429591508,0.0,0.0,2,true,9
2020,00-0034349,0.0,0.0,0.0,0.0,0.008239811205616326,0.0,0.0,0.0,0.0,1,true,9
2020,00-0034753,0.0,0.0,0.0,0.0,0.0,0.0,0.014136142099051532,0.0,0.0,1,true,9
2020,00-0034764,0.0,0.0,0.0,0.0,0.0,0.00798516445143292,0.007155331185939663,0.0,0.0,2,true,9
2020,00-0034777,0.0,0.0,0.0,0.0,0.0,0.012682320011099344,0.0,0.0,0.0,1,true,9
2020,00-0034789,0.003689193121701769,0.0,0.0,0.0,0.0,0.0,0.0,0.0,0.0,1,true,9
2020,00-0034791,0.007341859578832233,0.0,0.0,0.06934455349956997,0.04174837677512272,0.0,0.0,0.0,0.0,3,true,9
2020,00-0034796,0.06741161976927777,0.011087145421837245,0.045963937135075496,0.026670982115219222,0.02722720224464525,0.0,0.0,0.0,0.0,5,true,9
2020,00-0034816,0.0,0.0,0.0,0.008561055987601231,0.01227893434562433,0.0,0.0,0.0,0.0,2,true,9
2020,00-0034827,0.0,0.0,0.0,0.0,0.0,0.02086446195374408,0.007626076658698851,0.0,0.0,2,true,9
2020,00-0034832,0.0,0.0,0.0,0.0,0.0,0.0,0.0,0.0,0.02316215853654976,1,true,9
2020,00-0034837,0.0,0.0,0.0,0.0,0.0,0.015775568794294308,0.019985580209003886,0.0,0.0,2,true,9
2020,00-0034844,0.012156193728886157,0.0,0.0,0.06934455349956997,0.06262256516268408,0.0,0.0,0.0,0.0,3,true,9
2020,00-0034845,0.003689193121701769,0.0,0.0,0.008561055987601231,0.015273796381142459,0.0,0.0,0.0,0.0,3,true,9
2020,00-0034855,0.012156193728886157,0.026012148874310463,0.020278207559592133,0.0,0.0,0.0,0.0,0.0,0.0341917578396687,4,true,9
2020,00-0034857,0.012156193728886157,0.006696196739921505,0.009710690944030036,0.0,0.0,0.0,0.0,0.0,0.0,3,true,9
2020,00-0034869,0.007341859578832233,0.01326109550455043,0.013518805039728087,0.0,0.0,0.0,0.0,0.0,0.0,3,true,9
2020,00-0034973,0.001480095444036039,0.0,0.0,0.0,0.0,0.0,0.0,0.0,0.0,1,true,9
2020,00-0035228,0.028520300671617524,0.026012148874310463,0.026517656039466635,0.0,0.0,0.0,0.0,0.0,0.0,3,true,9
2020,00-0035232,0.0024635475663191213,0.006696196739921505,0.004565954020040613,0.0,0.0,0.0,0.0,0.0,0.0,3,true,9
2020,00-0035243,0.0,0.0,0.0,0.026670982115219222,0.020200827471833573,0.0,0.0,0.0,0.0,2,true,9
2020,00-0035250,0.0,0.0,0.0,0.013596971274425485,0.01227893434562433,0.0,0.0,0.0,0.0,2,true,9
2020,00-0035289,0.0024635475663191213,0.006696196739921505,0.0068263272972884405,0.0,0.0,0.0,0.0,0.0,0.0,3,true,9
2020,00-0035535,0.0,0.0,0.0,0.0,0.0,0.006403943767980857,0.0,0.0,0.0,1,true,9
2020,00-0035640,0.001480095444036039,0.0,0.0,0.0,0.0,0.012682320011099344,0.01704652429591508,0.0,0.0,3,true,9
2020,00-0035659,0.0,0.0,0.0,0.0,0.0,0.012682320011099344,0.011364349530610053,0.0,0.0,2,true,9
2020,00-0035662,0.0,0.0,0.0,0.0,0.0,0.00798516445143292,0.007626076658698851,0.0,0.0,2,true,9
2020,00-0035676,0.0,0.0,0.0,0.0,0.0,0.015775568794294308,0.022291608694658183,0.0,0.0,2,true,9
2020,00-0035685,0.0,0.0,0.0,0.016913305731602435,0.015273796381142459,0.0,0.0,0.0,0.0,2,true,9
2020,00-0035700,0.009154664413111796,0.0,0.0,0.04622970233304665,0.04817120397129545,0.0,0.0,0.0,0.0,3,true,9
2020,00-0035704,0.007341859578832233,0.010094266727344358,0.010290433686957201,0.0,0.0,0.0,0.0,0.0,0.0,3,true,9
2020,00-0035710,0.007341859578832233,0.016495509042245657,0.026517656039466635,0.0,0.0,0.0,0.0,0.0,0.0,3,true,9
2020,00-0035717,0.009154664413111796,0.0,0.0,0.0,0.0,0.0,0.0,0.0,0.0,1,true,9
2020,00-0035719,0.0,0.0,0.0,0.0,0.0,0.00798516445143292,0.007626076658698851,0.0,0.0,2,true,9
2020,00-0036158,0.0,0.0,0.0,0.0,0.008239811205616326,0.0,0.0,0.028626289899651724,0.0,2,true,9
2020,00-0036194,0.0,0.0,0.0,0.0,0.0,0.0,0.0,0.007369143934563809,0.0,1,true,9
2020,00-0036196,0.0,0.0,0.0,0.0,0.0,0.0,0.0,0.014593794850802838,0.0,1,true,9
2020,00-0036212,0.007341859578832233,0.006696196739921505,0.004565954020040613,0.0,0.0,0.0,0.0,0.0354420732090926,0.0,4,true,9
2020,00-0036223,0.0,0.0,0.0,0.013596971274425485,0.01227893434562433,0.0,0.0,0.05725257979930345,0.0,3,true,9
2020,00-0036225,0.0,0.0,0.0,0.0,0.0,0.0,0.0,0.0037029031710992277,0.0,1,true,9
2020,00-0036251,0.0,0.0,0.0,0.0,0.0,0.0,0.0,0.01815325700953524,0.0,1,true,9
2020,00-0036252,0.0,0.0,0.0,0.0,0.0,0.0,0.0,0.012201369465425323,0.0,1,true,9
2020,00-0036255,0.0,0.0,0.0,0.0,0.0,0.0,0.0,0.007369143934563809,0.0,1,true,9
2020,00-0036261,0.0,0.0,0.0,0.0,0.0,0.0,0.0,0.02400914636744983,0.0,1,true,9
2020,00-0036265,0.0,0.0,0.0,0.0,0.0,0.0,0.0,0.012201369465425323,0.0,1,true,9
2020,00-0036268,0.0,0.0,0.0,0.0,0.0,0.0,0.0,0.012201369465425323,0.0,1,true,9
2020,00-0036275,0.0,0.0,0.0,0.010349933358144773,0.01227893434562433,0.0,0.0,0.02400914636744983,0.0,3,true,9
2020,00-0036290,0.0,0.0,0.0,0.0,0.0,0.0,0.0,0.007369143934563809,0.0,1,true,9
2020,00-0036297,0.0,0.0,0.0,0.0,0.0,0.0,0.0,0.0037029031710992277,0.0,1,true,9
2020,00-0036321,0.003689193121701769,0.0,0.0,0.0,0.0,0.0,0.0,0.0,0.0,1,true,9
2020,00-0036322,0.0,0.0,0.0,0.0,0.0,0.0,0.0,0.014593794850802838,0.0,1,true,9
2020,00-0036326,0.0,0.0,0.0,0.0,0.0,0.0,0.0,0.012201369465425323,0.0,1,true,9
2020,00-0036328,0.0,0.0,0.0,0.0,0.0,0.0,0.0,0.0354420732090926,0.0,1,true,9
2020,00-0036331,0.0,0.0,0.0,0.0,0.0,0.0,0.0,0.007369143934563809,0.0,1,true,9
2020,00-0036332,0.0,0.0,0.0,0.0,0.0,0.0,0.0,0.0037029031710992277,0.0,1,true,9
2020,00-0036355,0.007341859578832233,0.0,0.003430144562319067,0.0,0.0,0.0,0.0,0.02400914636744983,0.0,3,true,9
2020,00-0036357,0.001480095444036039,0.0,0.0,0.0,0.0,0.006403943767980857,0.005738433921397156,0.028626289899651724,0.0,4,true,9
2020,00-0036358,0.001480095444036039,0.0,0.0,0.0,0.0,0.006403943767980857,0.007155331185939663,0.043781384552408514,0.0,4,true,9
2020,00-0036360,0.0,0.0,0.0,0.026670982115219222,0.029820269125087655,0.0,0.0,0.1353242795256263,0.0,3,true,9
2020,00-0036364,0.0,0.0,0.0,0.0,0.0,0.0,0.0,0.007369143934563809,0.0,1,true,9
2020,00-0036365,0.0,0.0,0.0,0.0,0.0,0.0,0.0,0.01815325700953524,0.0,1,true,9
2020,00-0036370,0.0,0.0,0.0,0.0,0.0,0.0,0.0,0.007369143934563809,0.0,1,true,9
2020,00-0036387,0.0,0.0,0.0,0.0,0.0,0.0,0.0,0.012201369465425323,0.0,1,true,9
2020,00-0036389,0.0,0.0,0.0,0.0,0.0,0.0,0.0,0.007369143934563809,0.0,1,true,9
2020,00-0036407,0.001480095444036039,0.0,0.0,0.0,0.0,0.006403943767980857,0.005738433921397156,0.0354420732090926,0.0,4,true,9
2020,00-0036410,0.0,0.0,0.0,0.0,0.0,0.0,0.005738433921397156,0.009188685646801786,0.0,2,true,9
2020,00-0036412,0.0,0.0,0.0,0.0,0.0,0.0,0.0,0.007369143934563809,0.0,1,true,9
2020,00-0036414,0.0,0.0,0.0,0.008561055987601231,0.008239811205616326,0.0,0.0,0.0354420732090926,0.0,3,true,9
2020,00-0036415,0.0,0.0,0.0,0.0,0.0,0.0,0.0,0.007369143934563809,0.0,1,true,9
2020,00-0036422,0.0,0.0,0.0,0.0,0.0,0.0,0.0,0.007369143934563809,0.0,1,true,9
2020,00-0036442,0.007341859578832233,0.01326109550455043,0.013518805039728087,0.0,0.0,0.0,0.0,0.24809451246364822,0.0,4,true,9
2020,00-0036450,0.0,0.0,0.0,0.0,0.0,0.0,0.0,0.02400914636744983,0.0,1,true,9
2021,00-0019596,0.05357060551269228,0.07882538701960137,0.11635409688082352,0.0,0.0,0.0,0.0,0.0,0.0,3,true,9
2021,00-0022921,0.0016039103446913853,0.0,0.0,0.0,0.0,0.0,0.0,0.0,0.0,1,true,9
2021,00-0022924,0.007956030521686972,0.009731529261679181,0.019392349480137253,0.0,0.0,0.0,0.0,0.0,0.0,3,true,9
2021,00-0023459,0.06696325689086534,0.04636787471741257,0.07756939792054901,0.0,0.0014660602024930906,0.0,0.0,0.0,0.0,4,true,9
2021,00-0023682,0.0063774530372252706,0.015455958239137523,0.013688717280096884,0.0012019344644194963,0.001173433415568322,0.0,0.0,0.0,0.0,5,true,9
2021,00-0026143,0.015756060444909493,0.05255025801306758,0.026850945434036197,0.0,0.0,0.0,0.0,0.0,0.006259686439849045,4,true,9
2021,00-0026158,0.0,0.0,0.0,0.0,0.0,0.0,0.0,0.0,0.0031454145792276294,1,true,9
2021,00-0026189,0.0,0.0,0.0,0.0,0.0,0.003254362482508195,0.0016214012717515212,0.0,0.0,2,true,9
2021,00-0026498,0.038264718223351625,0.05255025801306758,0.036743399014996896,0.0,0.0,0.0,0.0,0.0,0.0,3,true,9
2021,00-0027061,0.0,0.0,0.0,0.0,0.0,0.0019578037245368027,0.0016214012717515212,0.0,0.0,2,true,9
2021,00-0027656,0.0,0.0,0.0,0.0,0.0,0.001632587158999128,0.004832096859378295,0.0,0.0,2,true,9
2021,00-0027685,0.0,0.0,0.0,0.0,0.0,0.003254362482508195,0.002428068571130387,0.0,0.0,2,true,9
2021,00-0027696,0.0,0.0,0.0,0.0,0.0,0.0,0.002428068571130387,0.0,0.0,1,true,9
2021,00-0027793,0.0,0.0,0.0,0.0,0.0,0.006066774504428857,0.0072842057133911614,0.0,0.0,2,true,9
2021,00-0027939,0.0039978063815441995,0.0,0.0,0.0,0.0,0.0,0.0,0.0,0.015420203181091548,2,true,9
2021,00-0027940,0.0008027563263640201,0.0,0.0,0.0,0.0,0.0,0.0,0.0,0.03010611097260731,2,true,9
2021,00-0027942,0.0,0.0,0.0,0.0,0.0,0.003254362482508195,0.002428068571130387,0.0,0.004186942585594394,3,true,9
2021,00-0027944,0.0032014306083282236,0.0,0.0,0.0,0.0,0.01890033595610529,0.009569446721513879,0.0,0.015420203181091548,4,true,9
2021,00-0027949,0.0016039103446913853,0.0,0.0,0.0,0.0,0.0,0.0,0.0,0.005017685162101218,2,true,9
2021,00-0027966,0.0008027563263640201,0.0,0.0,0.002995866500866506,0.002342191797608483,0.0,0.0,0.0,0.0,3,true,9
2021,00-0027973,0.0032014306083282236,0.00196572037455365,0.002781372833804546,0.0,0.0,0.0,0.0,0.0,0.0,3,true,9
2021,00-0028092,0.0008027563263640201,0.0,0.0,0.0,0.0,0.0,0.0,0.0,0.0,1,true,9
2021,00-0028118,0.0,0.00196572037455365,0.006912124567177634,0.0012019344644194963,0.0,0.0,0.0,0.0,0.012396633929897127,4,true,9
2021,00-0029000,0.0,0.0,0.0,0.0,0.0,0.003254362482508195,0.0032320647867364756,0.0,0.0,2,true,9
2021,00-0029249,0.0,0.0,0.0,0.0,0.0,0.0,0.0,0.0,0.006259686439849045,1,true,9
2021,00-0029255,0.0008027563263640201,0.0,0.0,0.0,0.0,0.0,0.0,0.0,0.0,1,true,9
2021,00-0029263,0.038264718223351625,0.021895940838778157,0.07756939792054901,0.002399080345315409,0.002342191797608483,0.0,0.0,0.0,0.0,5,true,9
2021,00-0029293,0.0,0.0,0.0,0.0,0.0,0.003254362482508195,0.0072842057133911614,0.0,0.0,2,true,9
2021,00-0029562,0.0008027563263640201,0.0,0.0,0.0,0.0,0.0,0.0,0.0,0.0,1,true,9
2021,00-0029567,0.0,0.0,0.0,0.0,0.0,0.0,0.0,0.0,0.006259686439849045,1,true,9
2021,00-0029585,0.0008027563263640201,0.0,0.0,0.0,0.0,0.0,0.0,0.0,0.0,1,true,9
2021,00-0029604,0.015756060444909493,0.021895940838778157,0.026850945434036197,0.0,0.0,0.0,0.0,0.0,0.0,3,true,9
2021,00-0029608,0.0,0.0,0.0,0.0,0.0,0.003900069324275694,0.0038733474825175225,0.0,0.0,2,true,9
2021,00-0029669,0.0,0.0,0.0,0.0,0.0,0.0,0.0,0.0,0.005017685162101218,1,true,9
2021,00-0029701,0.022321085630288447,0.015455958239137523,0.026850945434036197,0.0012019344644194963,0.003893312193375691,0.0,0.0,0.0,0.0,5,true,9
2021,00-0029892,0.0,0.0,0.0,0.0,0.001173433415568322,0.0,0.0009741352950044068,0.0,0.0,2,true,9
2021,00-0030035,0.0,0.0,0.0,0.0,0.0,0.011985578898993597,0.03754167559978522,0.0,0.0,2,true,9
2021,00-0030061,0.0016039103446913853,0.0,0.0,0.0,0.0,0.0,0.0038733474825175225,0.0,0.0,2,true,9
2021,00-0030181,0.0,0.0,0.0,0.0,0.0,0.0,0.0019443895728972424,0.0,0.0,1,true,9
2021,00-0030279,0.0026696315039547646,0.0,0.0,0.0,0.0,0.023400415945654163,0.01190345811700507,0.0,0.0,3,true,9
2021,00-0030431,0.0,0.0,0.0,0.0,0.0,0.011985578898993597,0.009569446721513879,0.0,0.0,2,true,9
2021,00-0030441,0.0,0.0,0.0,0.0,0.0,0.0,0.0,0.0,0.006259686439849045,1,true,9
2021,00-0030456,0.0,0.0,0.0,0.0012019344644194963,0.0,0.0,0.0,0.0,0.0,1,true,9
2021,00-0030459,0.0016039103446913853,0.0,0.0,0.0,0.0,0.0,0.0,0.0,0.0,1,true,9
2021,00-0030496,0.0,0.0,0.0,0.0,0.0,0.0,0.0,0.0,0.006259686439849045,1,true,9
2021,00-0030506,0.0053215833290753915,0.0,0.0,0.0,0.0,0.03276058232391583,0.048804178279720785,0.0,0.0,3,true,9
2021,00-0030513,0.0,0.0,0.0,0.0039878752759878655,0.005820694467324053,0.0,0.0,0.0,0.0,2,true,9
2021,00-0030564,0.0053215833290753915,0.0,0.0,0.0,0.0,0.05460097053985972,0.03754167559978522,0.0,0.0,3,true,9
2021,00-0030578,0.0,0.0,0.0,0.0,0.001173433415568322,0.0,0.0,0.0,0.0,1,true,9
2021,00-0030874,0.0,0.0,0.0,0.002399080345315409,0.0,0.0,0.0,0.0,0.004186942585594394,2,true,9
2021,00-0031022,0.0,0.0,0.0,0.0,0.0,0.0,0.0,0.0,0.06322283304247535,1,true,9
2021,00-0031040,0.0016039103446913853,0.0,0.0,0.0,0.0,0.0,0.0,0.0,0.0,1,true,9
2021,00-0031045,0.0,0.0,0.0,0.0012019344644194963,0.0,0.0,0.0,0.0,0.0,1,true,9
2021,00-0031051,0.0,0.0,0.0,0.0,0.0,0.002444819576411629,0.0019443895728972424,0.0,0.0,2,true,9
2021,00-0031062,0.0,0.0,0.0,0.0012019344644194963,0.0,0.0,0.0,0.0,0.0,1,true,9
2021,00-0031101,0.0008027563263640201,0.0,0.0,0.0,0.0,0.0,0.0,0.0,0.0,1,true,9
2021,00-0031235,0.0032014306083282236,0.0,0.0,0.0,0.0,0.01365024263496493,0.006025207195027257,0.0,0.024316474247105906,4,true,9
2021,00-0031236,0.0,0.0,0.0,0.0,0.0,0.004865433018403341,0.004832096859378295,0.0,0.0,2,true,9
2021,00-0031237,0.0063774530372252706,0.002618783621913667,0.0034732566233081647,0.0,0.0,0.0,0.0,0.0,0.0,3,true,9
2021,00-0031260,0.0,0.0,0.0,0.0,0.0,0.0019578037245368027,0.0019443895728972424,0.0,0.0,2,true,9
2021,00-0031280,0.009920482502350421,0.019225704151122288,0.01702742881182783,0.0,0.0,0.0,0.0,0.0,0.0,3,true,9
2021,00-0031296,0.0,0.0,0.0,0.0,0.0,0.0,0.0,0.0,0.006259686439849045,1,true,9
2021,00-0031325,0.0,0.0,0.0,0.0,0.0,0.0019578037245368027,0.0019443895728972424,0.0,0.0,2,true,9
2021,00-0031345,0.0039978063815441995,0.005220224305933866,0.002781372833804546,0.0,0.0,0.0,0.0,0.0,0.03718990178969138,4,true,9
2021,00-0031364,0.0016039103446913853,0.0,0.0,0.0,0.0,0.0,0.0,0.0,0.0078052880299352275,2,true,9
2021,00-0031381,0.0053215833290753915,0.0,0.0,0.0,0.0,0.03780067191221058,0.06100522284965098,0.0,0.0,3,true,9
2021,00-0031382,0.0026696315039547646,0.0,0.0,0.0,0.0,0.004865433018403341,0.004832096859378295,0.0,0.0,3,true,9
2021,00-0031387,0.0,0.0,0.0,0.0,0.0,0.0019578037245368027,0.0019443895728972424,0.0,0.0,2,true,9
2021,00-0031388,0.0063774530372252706,0.0,0.0,0.0,0.0,0.0,0.0,0.0,0.0,1,true,9
2021,00-0031408,0.0032014306083282236,0.0,0.0,0.0,0.0,0.01890033595610529,0.03253611885314719,0.0,0.0,3,true,9
2021,00-0031428,0.0039978063815441995,0.0,0.0,0.0,0.0,0.021365597167771193,0.009569446721513879,0.0,0.0,3,true,9
2021,00-0031503,0.015756060444909493,0.03031745654600053,0.01702742881182783,0.0,0.0,0.0,0.0,0.0,0.04863294849421181,4,true,9
2021,00-0031534,0.0,0.0,0.0,0.0,0.0,0.0,0.0,0.0,0.006259686439849045,1,true,9
2021,00-0031544,0.0026696315039547646,0.0,0.0,0.0,0.0,0.025863617624144075,0.028708340164541636,0.0,0.0,3,true,9
2021,00-0031547,0.0,0.0,0.0,0.0,0.0,0.003254362482508195,0.0032320647867364756,0.0,0.0,2,true,9
2021,00-0031549,0.0,0.0,0.0,0.0,0.0,0.002444819576411629,0.0032320647867364756,0.0,0.0,2,true,9
2021,00-0031565,0.0008027563263640201,0.0,0.0,0.0,0.0,0.0,0.0,0.0,0.012396633929897127,2,true,9
2021,00-0031576,0.0008027563263640201,0.0,0.0,0.0,0.0,0.0,0.0,0.0,0.0,1,true,9
2021,00-0031588,0.0053215833290753915,0.0,0.0,0.0,0.0,0.05460097053985972,0.03754167559978522,0.0,0.0,3,true,9
2021,00-0031610,0.0,0.0,0.0,0.0,0.0,0.01365024263496493,0.01877083779989261,0.0,0.0,2,true,9
2021,00-0031687,0.0,0.0,0.0,0.0047791203704299024,0.005820694467324053,0.0,0.0,0.0,0.0,2,true,9
2021,00-0031806,0.0,0.0,0.0,0.002399080345315409,0.0029248265731329818,0.0,0.0,0.0,0.0,2,true,9
2021,00-0031941,0.0,0.0,0.0,0.0,0.0,0.003254362482508195,0.0,0.0,0.0,1,true,9
2021,00-0032009,0.0,0.0,0.0,0.0,0.0,0.0,0.0019443895728972424,0.0,0.0,1,true,9
2021,00-0032052,0.0,0.0,0.0,0.0,0.0,0.0,0.0,0.0,0.005017685162101218,1,true,9
2021,00-0032054,0.0,0.0,0.0,0.0,0.0,0.002444819576411629,0.002428068571130387,0.0,0.0,2,true,9
2021,00-0032058,0.0,0.0,0.0,0.0039878752759878655,0.0029248265731329818,0.0,0.0,0.0,0.0,2,true,9
2021,00-0032063,0.0,0.0,0.0,0.011807238562238583,0.014338783931700716,0.0,0.0,0.0,0.0,2,true,9
2021,00-0032134,0.0,0.0,0.0,0.0,0.0,0.0,0.0012170618024868027,0.0,0.0,1,true,9
2021,00-0032144,0.0016039103446913853,0.0,0.0,0.0047791203704299024,0.005820694467324053,0.0,0.0,0.0,0.0,3,true,9
2021,00-0032160,0.0,0.0,0.0,0.0,0.0,0.003254362482508195,0.0,0.0,0.0,1,true,9
2021,00-0032165,0.0008027563263640201,0.0,0.0,0.0,0.0,0.0,0.0,0.0,0.0,1,true,9
2021,00-0032187,0.0,0.0,0.0,0.0039878752759878655,0.003893312193375691,0.0,0.0,0.0,0.0,2,true,9
2021,00-0032211,0.0016039103446913853,0.0,0.0,0.0,0.0,0.009635465389387008,0.023240084895105134,0.0,0.0,3,true,9
2021,00-0032241,0.0016039103446913853,0.0,0.0,0.0,0.0,0.0,0.0,0.0,0.0,1,true,9
2021,00-0032385,0.0,0.0,0.0,0.0,0.0,0.002444819576411629,0.0038733474825175225,0.0,0.0,2,true,9
2021,00-0032392,0.0,0.0,0.0,0.0,0.0,0.0019578037245368027,0.0019443895728972424,0.0,0.0,2,true,9
2021,00-0032602,0.0,0.0,0.0,0.002995866500866506,0.0,0.0,0.0,0.0,0.0,1,true,9
2021,00-0032688,0.0,0.0,0.0,0.0,0.0,0.007334458729234887,0.006025207195027257,0.0,0.0,2,true,9
2021,00-0032741,0.0,0.0,0.0,0.002399080345315409,0.0,0.0,0.0,0.0,0.0,1,true,9
2021,00-0032764,0.015756060444909493,0.0,0.0,0.13381537037203728,0.09798169019995488,0.0,0.0,0.0,0.0,3,true,9
2021,00-0032765,0.0039978063815441995,0.0,0.0,0.0,0.0,0.01365024263496493,0.01190345811700507,0.0,0.009436243737682887,4,true,9
2021,00-0032775,0.0,0.0,0.0,0.0,0.0,0.0019578037245368027,0.0019443895728972424,0.0,0.0,2,true,9
2021,00-0032950,0.009920482502350421,0.007804493764316967,0.013688717280096884,0.0012019344644194963,0.001173433415568322,0.0,0.0,0.0,0.05268569420206279,6,true,9
2021,00-0032965,0.0,0.0,0.0,0.0,0.0,0.0,0.0,0.0,0.0031454145792276294,1,true,9
2021,00-0032972,0.0,0.0,0.0,0.0012019344644194963,0.0019531233926901308,0.0,0.0,0.0,0.0,2,true,9
2021,00-0032977,0.0,0.0,0.0,0.0,0.0,0.0019578037245368027,0.0019443895728972424,0.0,0.0,2,true,9
2021,00-0033009,0.0,0.0,0.0,0.0,0.0,0.003900069324275694,0.0032320647867364756,0.0,0.0,2,true,9
2021,00-0033040,0.0053215833290753915,0.0,0.0,0.0,0.001173433415568322,0.04467352135079432,0.048804178279720785,0.0,0.0,4,true,9
2021,00-0033045,0.0053215833290753915,0.0,0.0,0.035421715686715746,0.03094158637893312,0.0,0.0,0.0,0.006259686439849045,4,true,9
2021,00-0033077,0.04726818133472848,0.12126982618400212,0.0465416387523294,0.0012019344644194963,0.001173433415568322,0.0,0.0,0.0,0.19757135325773548,6,true,9
2021,00-0033090,0.0,0.0,0.0,0.0,0.0,0.003254362482508195,0.0032320647867364756,0.0,0.0,2,true,9
2021,00-0033106,0.0053215833290753915,0.015455958239137523,0.008618821991172112,0.0,0.001173433415568322,0.0,0.0,0.0,0.0,4,true,9
2021,00-0033110,0.0,0.0,0.0,0.0,0.0,0.003254362482508195,0.004832096859378295,0.0,0.0,2,true,9
2021,00-0033118,0.0,0.0,0.0,0.0039878752759878655,0.005820694467324053,0.0,0.0,0.0,0.005017685162101218,3,true,9
2021,00-0033127,0.0,0.0,0.0,0.0,0.0,0.009635465389387008,0.0072842057133911614,0.0,0.0,2,true,9
2021,00-0033156,0.0016039103446913853,0.0,0.0,0.0,0.0,0.0,0.0,0.0,0.0,1,true,9
2021,00-0033217,0.0,0.0,0.0,0.0,0.0,0.0,0.0019443895728972424,0.0,0.0,1,true,9
2021,00-0033280,0.0119934191446326,0.0,0.0,0.054742651515833435,0.06532112679996992,0.003900069324275694,0.002428068571130387,0.0,0.06655035057102668,6,true,9
2021,00-0033282,0.0,0.0,0.0,0.0,0.0,0.002444819576411629,0.0016214012717515212,0.0,0.0,2,true,9
2021,00-0033288,0.0053215833290753915,0.0,0.0,0.0,0.0,0.011985578898993597,0.004832096859378295,0.0,0.0,3,true,9
2021,00-0033293,0.0039978063815441995,0.0,0.0,0.026181268116268162,0.034581773011748786,0.002444819576411629,0.0,0.0,0.0,4,true,9
2021,00-0033307,0.0,0.0,0.0,0.0,0.0,0.0019578037245368027,0.0019443895728972424,0.0,0.0,2,true,9
2021,00-0033308,0.0,0.0,0.0,0.002995866500866506,0.0,0.0,0.0,0.0,0.0031454145792276294,2,true,9
2021,00-0033357,0.0053215833290753915,0.0015733610183553167,0.0013934622380936948,0.002995866500866506,0.003893312193375691,0.0,0.0,0.0,0.0,5,true,9
2021,00-0033455,0.0,0.0,0.0,0.0,0.0,0.0019578037245368027,0.0009741352950044068,0.0,0.0,2,true,9
2021,00-0033536,0.0,0.0,0.0,0.0,0.0,0.006066774504428857,0.006025207195027257,0.0,0.0,2,true,9
2021,00-0033537,0.015756060444909493,0.0,0.0,0.0,0.0,0.0,0.0,0.0,0.004186942585594394,2,true,9
2021,00-0033553,0.0016039103446913853,0.0,0.0,0.005962070957169978,0.005820694467324053,0.0,0.0,0.0,0.009436243737682887,4,true,9
2021,00-0033556,0.0,0.0,0.0,0.0012019344644194963,0.002342191797608483,0.0,0.0,0.0,0.0,2,true,9
2021,00-0033594,0.0,0.0,0.0,0.020764454023247163,0.020272073834473426,0.0,0.0,0.0,0.0,2,true,9
2021,00-0033658,0.0,0.0,0.0,0.0,0.0,0.002444819576411629,0.0038733474825175225,0.0,0.0,2,true,9
2021,00-0033699,0.0016039103446913853,0.0,0.0,0.008987599502599518,0.008774479719398945,0.0019578037245368027,0.0009741352950044068,0.0,0.0,5,true,9
2021,00-0033757,0.0,0.0,0.0,0.0,0.0,0.002444819576411629,0.009569446721513879,0.0,0.0,2,true,9
2021,00-0033856,0.0032014306083282236,0.0,0.0,0.005962070957169978,0.005820694467324053,0.0,0.0,0.0,0.0,3,true,9
2021,00-0033857,0.0,0.0,0.0,0.0,0.0,0.003254362482508195,0.0072842057133911614,0.0,0.0,2,true,9
2021,00-0033858,0.0,0.0,0.0,0.0,0.0,0.0019578037245368027,0.004832096859378295,0.0,0.0,2,true,9
2021,00-0033869,0.0,0.0,0.0,0.0,0.0,0.0,0.0,0.0,0.006259686439849045,1,true,9
2021,00-0033871,0.0,0.0,0.0,0.0,0.0,0.007334458729234887,0.0038733474825175225,0.0,0.0,2,true,9
2021,00-0033872,0.0016039103446913853,0.0,0.0,0.0,0.0,0.0,0.0,0.0,0.0,1,true,9
2021,00-0033873,0.11479415467005487,0.18547149886965028,0.15513879584109802,0.0012019344644194963,0.0014660602024930906,0.0,0.0,0.0,0.0,5,true,9
2021,00-0033879,0.0,0.0,0.0,0.0,0.0,0.0,0.0019443895728972424,0.0,0.0078052880299352275,2,true,9
2021,00-0033881,0.0,0.0,0.0,0.0,0.0,0.0019578037245368027,0.0019443895728972424,0.0,0.0,2,true,9
2021,00-0033884,0.0008027563263640201,0.0,0.0,0.0,0.0,0.0,0.0,0.0,0.0,1,true,9
2021,00-0033885,0.0,0.0,0.0,0.0,0.0,0.0,0.0016214012717515212,0.0,0.0,1,true,9
2021,00-0033886,0.0016039103446913853,0.0,0.0,0.0,0.0,0.0,0.0,0.0,0.0,1,true,9
2021,00-0033893,0.009920482502350421,0.0,0.0,0.09264141025756427,0.09044463710765067,0.0,0.0,0.0,0.0,3,true,9
2021,00-0033895,0.0,0.0,0.0,0.0,0.0,0.0019578037245368027,0.002428068571130387,0.0,0.0,2,true,9
2021,00-0033897,0.0032014306083282236,0.0,0.0,0.026181268116268162,0.014338783931700716,0.0,0.0,0.0,0.009436243737682887,4,true,9
2021,00-0033906,0.007956030521686972,0.0,0.0,0.011807238562238583,0.039192676079981954,0.003254362482508195,0.0019443895728972424,0.0,0.0,5,true,9
2021,00-0033908,0.0026696315039547646,0.0,0.0,0.0,0.0,0.01365024263496493,0.0072842057133911614,0.0,0.0,3,true,9
2021,00-0033921,0.0016039103446913853,0.0,0.0,0.0,0.0,0.01890033595610529,0.01877083779989261,0.0,0.0,3,true,9
2021,00-0033923,0.0,0.0,0.0,0.007434187242890959,0.008774479719398945,0.0,0.0012170618024868027,0.0,0.0,3,true,9
2021,00-0033932,0.0,0.0,0.0,0.0,0.0,0.011985578898993597,0.0072842057133911614,0.0,0.0,2,true,9
2021,00-0033943,0.0,0.0,0.0,0.0,0.0,0.0019578037245368027,0.0019443895728972424,0.0,0.0,2,true,9
2021,00-0033948,0.0,0.0,0.0,0.0039878752759878655,0.0029248265731329818,0.0,0.0,0.0,0.0,2,true,9
2021,00-0033951,0.0,0.0,0.0,0.002995866500866506,0.0,0.0,0.0,0.0,0.0,1,true,9
2021,00-0034109,0.0,0.0,0.0,0.0039878752759878655,0.0029248265731329818,0.0,0.0,0.0,0.0,2,true,9
2021,00-0034115,0.0,0.0,0.0,0.0039878752759878655,0.0,0.0,0.0,0.0,0.0,1,true,9
2021,00-0034184,0.0,0.0,0.0,0.011807238562238583,0.014338783931700716,0.0,0.0,0.0,0.0,2,true,9
2021,00-0034272,0.0,0.0,0.0,0.0,0.0,0.0019578037245368027,0.0032320647867364756,0.0,0.0,2,true,9
2021,00-0034301,0.0,0.0,0.0,0.002995866500866506,0.002342191797608483,0.0,0.0,0.0,0.0,2,true,9
2021,00-0034348,0.0,0.0,0.0,0.0,0.0,0.006066774504428857,0.006025207195027257,0.0,0.015420203181091548,3,true,9
2021,00-0034349,0.0,0.0,0.0,0.0012019344644194963,0.0,0.0,0.0,0.0,0.0,1,true,9
2021,00-0034351,0.0,0.0,0.0,0.0,0.0,0.0019578037245368027,0.0019443895728972424,0.0,0.0,2,true,9
2021,00-0034364,0.0,0.0,0.0,0.0,0.0,0.0012254581916676744,0.0019443895728972424,0.0,0.0,2,true,9
2021,00-0034366,0.0,0.0,0.0,0.0,0.0,0.0019578037245368027,0.0,0.0,0.0,1,true,9
2021,00-0034367,0.0,0.0,0.0,0.0012019344644194963,0.002342191797608483,0.0,0.0,0.0,0.0,2,true,9
2021,00-0034411,0.0,0.0,0.0,0.0,0.0,0.003900069324275694,0.0032320647867364756,0.0,0.0,2,true,9
2021,00-0034414,0.0,0.0,0.0,0.0012019344644194963,0.0,0.0,0.0,0.0,0.0,1,true,9
2021,00-0034440,0.0,0.0,0.0,0.002399080345315409,0.0,0.0,0.0,0.0,0.0,1,true,9
2021,00-0034521,0.0,0.0,0.0,0.0,0.0,0.0019578037245368027,0.0,0.0,0.0,1,true,9
2021,00-0034681,0.0,0.0,0.0,0.005962070957169978,0.011527257670582929,0.0,0.0019443895728972424,0.0,0.0,3,true,9
2021,00-0034750,0.0,0.0,0.0,0.0,0.0019531233926901308,0.0,0.0,0.0,0.0,1,true,9
2021,00-0034753,0.0,0.0,0.0,0.0,0.0,0.003254362482508195,0.0072842057133911614,0.0,0.0,2,true,9
2021,00-0034764,0.0,0.0,0.0,0.0,0.0,0.004865433018403341,0.006025207195027257,0.0,0.0,2,true,9
2021,00-0034765,0.0,0.0,0.0,0.0,0.0,0.003254362482508195,0.0019443895728972424,0.0,0.0,2,true,9
2021,00-0034766,0.0,0.0,0.0,0.0,0.0,0.0,0.0019443895728972424,0.0,0.0,1,true,9
2021,00-0034775,0.0,0.0,0.0,0.0,0.0,0.002444819576411629,0.0019443895728972424,0.0,0.0,2,true,9
2021,00-0034777,0.0,0.0,0.0,0.0,0.0,0.004865433018403341,0.004832096859378295,0.0,0.0,2,true,9
2021,00-0034790,0.0,0.0,0.0,0.0,0.0,0.0,0.0,0.0,0.02039446227176624,1,true,9
2021,00-0034791,0.0063774530372252706,0.0,0.0,0.07527114583427097,0.06532112679996992,0.0,0.0,0.0,0.0,3,true,9
2021,00-0034796,0.042292583299493904,0.0031404536661195767,0.013688717280096884,0.008987599502599518,0.007257902977774436,0.0,0.0,0.0,0.0,5,true,9
2021,00-0034816,0.0,0.0,0.0,0.005962070957169978,0.007257902977774436,0.0,0.0,0.0,0.0,2,true,9
2021,00-0034827,0.0,0.0,0.0,0.0,0.0,0.01890033595610529,0.0072842057133911614,0.0,0.0,2,true,9
2021,00-0034829,0.0,0.0,0.0,0.0,0.0,0.0019578037245368027,0.0038733474825175225,0.0,0.0,2,true,9
2021,00-0034837,0.0053215833290753915,0.0,0.0,0.0,0.0,0.049140873485873746,0.048804178279720785,0.0,0.0,3,true,9
2021,00-0034844,0.007956030521686972,0.0,0.0,0.046320705128782134,0.03094158637893312,0.001632587158999128,0.0,0.0,0.07024759226941706,5,true,9
2021,00-0034845,0.0,0.0,0.0,0.002995866500866506,0.005820694467324053,0.0,0.0,0.0,0.0,2,true,9
2021,00-0034855,0.022321085630288447,0.011764983137253935,0.026850945434036197,0.0,0.0,0.0,0.0,0.0,0.0,3,true,9
2021,00-0034857,0.05357060551269228,0.07882538701960137,0.06981245812849411,0.002995866500866506,0.005820694467324053,0.0,0.0,0.0,0.0,5,true,9
2021,00-0034869,0.0063774530372252706,0.007804493764316967,0.013688717280096884,0.0012019344644194963,0.002342191797608483,0.0,0.0,0.0,0.03010611097260731,6,true,9
2021,00-0034970,0.0,0.0,0.0,0.0,0.0,0.0019578037245368027,0.0032320647867364756,0.0,0.0,2,true,9
2021,00-0034972,0.0,0.0,0.0,0.0039878752759878655,0.0029248265731329818,0.0,0.0,0.0,0.0,2,true,9
2021,00-0034983,0.0,0.0,0.0,0.0,0.0,0.001632587158999128,0.0019443895728972424,0.0,0.0,2,true,9
2021,00-0035140,0.0,0.0,0.0,0.0,0.0,0.003900069324275694,0.004832096859378295,0.0,0.0,2,true,9
2021,00-0035216,0.0016039103446913853,0.0,0.0,0.0,0.0,0.007334458729234887,0.009569446721513879,0.0,0.0,3,true,9
2021,00-0035217,0.0,0.0,0.0,0.0012019344644194963,0.0,0.0,0.0,0.0,0.0,1,true,9
2021,00-0035228,0.030906118565014778,0.019225704151122288,0.019392349480137253,0.0039878752759878655,0.01633028169999248,0.0,0.0,0.0,0.0,5,true,9
2021,00-0035229,0.0,0.0,0.0,0.0,0.0,0.003254362482508195,0.006025207195027257,0.0,0.0,2,true,9
2021,00-0035232,0.0,0.0,0.0,0.0,0.0,0.0,0.0,0.0,0.006259686439849045,1,true,9
2021,00-0035243,0.0026696315039547646,0.0,0.0,0.011807238562238583,0.011527257670582929,0.0,0.0,0.0,0.0,3,true,9
2021,00-0035250,0.0,0.0,0.0,0.002995866500866506,0.004665794771426423,0.0,0.0,0.0,0.006259686439849045,3,true,9
2021,00-0035261,0.0,0.0,0.0,0.005962070957169978,0.002342191797608483,0.0,0.0,0.0,0.0,2,true,9
2021,00-0035289,0.0,0.0,0.0,0.0,0.0,0.0,0.0,0.0,0.006259686439849045,1,true,9
2021,00-0035311,0.0,0.0,0.0,0.007434187242890959,0.008774479719398945,0.0,0.0,0.0,0.0,2,true,9
2021,00-0035535,0.0,0.0,0.0,0.0,0.0,0.002444819576411629,0.0016214012717515212,0.0,0.0,2,true,9
2021,00-0035624,0.0,0.0,0.0,0.0,0.0,0.0,0.0,0.0,0.006259686439849045,1,true,9
2021,00-0035639,0.0,0.0,0.0,0.0,0.0,0.003254362482508195,0.0019443895728972424,0.0,0.0,2,true,9
2021,00-0035640,0.0039978063815441995,0.0,0.0,0.0,0.0,0.03780067191221058,0.03754167559978522,0.0,0.0,3,true,9
2021,00-0035644,0.0,0.0,0.0,0.0,0.0,0.002444819576411629,0.0019443895728972424,0.0,0.0,2,true,9
2021,00-0035657,0.0,0.0,0.0,0.014687052845711408,0.018964198103217075,0.0,0.0,0.0,0.0,2,true,9
2021,00-0035659,0.0,0.0,0.0,0.0,0.0,0.023400415945654163,0.01190345811700507,0.0,0.0,2,true,9
2021,00-0035662,0.0,0.0,0.0,0.0,0.0,0.003900069324275694,0.004832096859378295,0.0,0.0,2,true,9
2021,00-0035664,0.0,0.0,0.0,0.01672692129650466,0.018964198103217075,0.0,0.0,0.0,0.0,2,true,9
2021,00-0035676,0.0,0.0,0.0,0.0,0.0,0.028906396168161028,0.028708340164541636,0.0,0.0,2,true,9
2021,00-0035685,0.0016039103446913853,0.0,0.0,0.01672692129650466,0.011527257670582929,0.0,0.0,0.0,0.0,3,true,9
2021,00-0035689,0.0,0.0,0.0,0.0,0.0,0.001632587158999128,0.0038733474825175225,0.0,0.0,2,true,9
2021,00-0035700,0.0032014306083282236,0.0,0.0,0.01672692129650466,0.02261115927691267,0.0,0.0,0.0,0.0,3,true,9
2021,00-0035704,0.0039978063815441995,0.00196572037455365,0.002781372833804546,0.0,0.0,0.0,0.0,0.0,0.0031454145792276294,4,true,9
2021,00-0035710,0.007956030521686972,0.009731529261679181,0.010419769869924494,0.002399080345315409,0.001173433415568322,0.0,0.0,0.0,0.0,5,true,9
2021,00-0035717,0.0016039103446913853,0.0,0.0,0.0,0.0,0.0,0.0,0.0,0.042148555361650235,2,true,9
2021,00-0035719,0.0,0.0,0.0,0.0,0.0,0.003254362482508195,0.004832096859378295,0.0,0.0,2,true,9
2021,00-0035831,0.0016039103446913853,0.0,0.0,0.011807238562238583,0.011527257670582929,0.0,0.0,0.0,0.0,3,true,9
2021,00-0036020,0.0,0.0,0.0,0.0012019344644194963,0.0,0.0,0.0,0.0,0.0,1,true,9
2021,00-0036196,0.0,0.0,0.0,0.0,0.0,0.003254362482508195,0.004832096859378295,0.0,0.0,2,true,9
2021,00-0036212,0.015756060444909493,0.009731529261679181,0.01702742881182783,0.0012019344644194963,0.004665794771426423,0.0,0.0,0.0,0.0,5,true,9
2021,00-0036223,0.0053215833290753915,0.0,0.0,0.06021691666741678,0.06532112679996992,0.0,0.0,0.0,0.0,3,true,9
2021,00-0036232,0.0,0.0,0.0,0.0,0.0,0.0,0.0009741352950044068,0.0,0.0,1,true,9
2021,00-0036251,0.0,0.0,0.0,0.0047791203704299024,0.004665794771426423,0.0,0.0,0.0,0.0,2,true,9
2021,00-0036252,0.0,0.0,0.0,0.0,0.0,0.003900069324275694,0.004832096859378295,0.0,0.0,2,true,9
2021,00-0036255,0.0,0.0,0.0,0.0,0.0,0.003254362482508195,0.0019443895728972424,0.0,0.0,2,true,9
2021,00-0036261,0.0,0.0,0.0,0.0,0.0,0.004865433018403341,0.006025207195027257,0.0,0.0,2,true,9
2021,00-0036265,0.0,0.0,0.0,0.0039878752759878655,0.005820694467324053,0.0,0.0,0.0,0.0,2,true,9
2021,00-0036268,0.0,0.0,0.0,0.0,0.0,0.0019578037245368027,0.002428068571130387,0.0,0.0,2,true,9
2021,00-0036269,0.0,0.0,0.0,0.002995866500866506,0.0,0.0,0.0,0.0,0.0,1,true,9
2021,00-0036275,0.0,0.0,0.0,0.014687052845711408,0.014338783931700716,0.0,0.0,0.0,0.0,2,true,9
2021,00-0036290,0.0,0.0,0.0,0.0,0.0,0.0019578037245368027,0.0019443895728972424,0.0,0.0,2,true,9
2021,00-0036297,0.0,0.0,0.0,0.0012019344644194963,0.0,0.0,0.0,0.0,0.0,1,true,9
2021,00-0036309,0.0,0.0,0.0,0.0,0.0,0.003254362482508195,0.0016214012717515212,0.0,0.0,2,true,9
2021,00-0036322,0.0032014306083282236,0.0,0.0,0.0,0.0,0.03276058232391583,0.03754167559978522,0.0,0.0,3,true,9
2021,00-0036326,0.0,0.0,0.0,0.0,0.0,0.009635465389387008,0.006025207195027257,0.0,0.0,2,true,9
2021,00-0036328,0.0,0.0,0.0,0.03169311403548251,0.034581773011748786,0.0,0.0,0.0,0.0,2,true,9
2021,00-0036336,0.0,0.0,0.0,0.002995866500866506,0.0,0.0,0.0,0.0,0.0,1,true,9
2021,00-0036355,0.034937351421321046,0.06063491309200106,0.04106615184029065,0.0012019344644194963,0.002342191797608483,0.0,0.0,0.0,0.0,5,true,9
2021,00-0036357,0.0,0.0,0.0,0.0,0.0,0.003900069324275694,0.0019443895728972424,0.0,0.0,2,true,9
2021,00-0036358,0.0,0.0,0.0,0.0,0.0,0.01890033595610529,0.02121920794770469,0.0,0.0,2,true,9
2021,00-0036360,0.0016039103446913853,0.0,0.0,0.011807238562238583,0.01633028169999248,0.0,0.0,0.0,0.0,3,true,9
2021,00-0036387,0.0,0.0,0.0,0.0,0.0,0.002444819576411629,0.0032320647867364756,0.0,0.0,2,true,9
2021,00-0036389,0.009920482502350421,0.005220224305933866,0.008618821991172112,0.0039878752759878655,0.005820694467324053,0.0,0.0,0.0,0.0,5,true,9
2021,00-0036407,0.0,0.0,0.0,0.0,0.0,0.006066774504428857,0.006025207195027257,0.0,0.0,2,true,9
2021,00-0036410,0.0,0.0,0.0,0.0,0.0,0.01365024263496493,0.006025207195027257,0.0,0.0,2,true,9
2021,00-0036412,0.0,0.0,0.0,0.0,0.0,0.0009808557582010728,0.0,0.0,0.0,1,true,9
2021,00-0036422,0.0,0.0,0.0,0.0,0.0,0.0019578037245368027,0.0019443895728972424,0.0,0.0,2,true,9
2021,00-0036442,0.0119934191446326,0.037535898580762554,0.019392349480137253,0.0012019344644194963,0.002342191797608483,0.0,0.0,0.0,0.07024759226941706,6,true,9
2021,00-0036523,0.0,0.0,0.0,0.0,0.0,0.0,0.0,0.0013197414346767064,0.0,1,true,9
2021,00-0036548,0.0,0.0,0.0,0.0,0.0,0.0,0.0,0.0013197414346767064,0.0,1,true,9
2021,00-0036550,0.0,0.0,0.0,0.0,0.0,0.003900069324275694,0.0019443895728972424,0.008162845170037406,0.0,3,true,9
2021,00-0036554,0.0,0.0,0.0,0.0,0.0,0.0,0.0,0.004378744760086291,0.0,1,true,9
2021,00-0036555,0.0,0.0,0.0,0.002399080345315409,0.002342191797608483,0.0,0.0,0.005247543323595475,0.0,3,true,9
2021,00-0036556,0.0,0.0,0.0,0.0,0.0,0.0,0.0,0.0032895047700150747,0.0,1,true,9
2021,00-0036567,0.0,0.0,0.0,0.0,0.0,0.0,0.0,0.0013197414346767064,0.0,1,true,9
2021,00-0036583,0.0,0.0,0.0,0.0,0.0,0.0,0.0,0.0013197414346767064,0.0,1,true,9
2021,00-0036613,0.0016039103446913853,0.0,0.0,0.0,0.0,0.003254362482508195,0.0032320647867364756,0.031485259941572856,0.0,4,true,9
2021,00-0036616,0.0,0.0,0.0,0.0,0.0,0.0,0.0,0.005247543323595475,0.0,1,true,9
2021,00-0036620,0.0,0.0,0.0,0.0,0.0,0.0,0.0,0.004378744760086291,0.0,1,true,9
2021,00-0036626,0.0,0.0,0.0,0.0,0.0,0.002444819576411629,0.0,0.0,0.0,1,true,9
2021,00-0036630,0.0,0.0,0.0,0.0,0.0,0.0,0.0,0.008162845170037406,0.0,1,true,9
2021,00-0036650,0.0,0.0,0.0,0.002399080345315409,0.0,0.0,0.0,0.0013197414346767064,0.0,2,true,9
2021,00-0036654,0.0,0.0,0.0,0.0,0.0,0.0,0.0,0.0013197414346767064,0.0,1,true,9
2021,00-0036669,0.0,0.0,0.0,0.0,0.0,0.0,0.0,0.0013197414346767064,0.0,1,true,9
2021,00-0036670,0.0,0.0,0.0,0.0012019344644194963,0.0,0.0,0.0,0.002634224935350717,0.0,2,true,9
2021,00-0036734,0.0,0.0,0.0,0.0,0.0,0.0,0.0,0.002634224935350717,0.0,1,true,9
2021,00-0036741,0.0,0.0,0.0,0.0,0.0,0.0,0.0,0.0013197414346767064,0.0,1,true,9
2021,00-0036755,0.0,0.0,0.0,0.0,0.0,0.0,0.0,0.002634224935350717,0.0,1,true,9
2021,00-0036766,0.0,0.0,0.0,0.0,0.0,0.0,0.0,0.0013197414346767064,0.0,1,true,9
2021,00-0036827,0.0,0.0,0.0,0.0,0.0,0.0,0.0,0.0013197414346767064,0.0,1,true,9
2021,00-0036849,0.0,0.0,0.0,0.0,0.0,0.0,0.0,0.008162845170037406,0.0,1,true,9
2021,00-0036875,0.0,0.0,0.0,0.0,0.0,0.0,0.0,0.002634224935350717,0.0,1,true,9
2021,00-0036880,0.0,0.0,0.0,0.0,0.0,0.0,0.0,0.006546440185871584,0.0,1,true,9
2021,00-0036893,0.0016039103446913853,0.0,0.0,0.020764454023247163,0.01633028169999248,0.0,0.0,0.06010822352482091,0.0,4,true,9
2021,00-0036894,0.0,0.0,0.0,0.0,0.0,0.0,0.0,0.008162845170037406,0.0,1,true,9
2021,00-0036898,0.0,0.0015733610183553167,0.002781372833804546,0.0,0.0,0.0,0.0,0.0,0.0,2,true,9
2021,00-0036900,0.0016039103446913853,0.0,0.0,0.0,0.0,0.01365024263496493,0.0072842057133911614,0.03479949783015947,0.0,4,true,9
2021,00-0036906,0.0,0.0,0.0,0.0,0.0,0.0,0.0,0.0013197414346767064,0.0,1,true,9
2021,00-0036912,0.0016039103446913853,0.0,0.0,0.0,0.0,0.003254362482508195,0.004832096859378295,0.03889355639841353,0.0,4,true,9
2021,00-0036913,0.0,0.0,0.0,0.0,0.0,0.0019578037245368027,0.0019443895728972424,0.009868514310045224,0.0,3,true,9
2021,00-0036919,0.0,0.0,0.0,0.0,0.0,0.0,0.0,0.0032895047700150747,0.0,1,true,9
2021,00-0036924,0.0,0.0,0.0,0.0039878752759878655,0.004665794771426423,0.0,0.0,0.012964518799471176,0.0,3,true,9
2021,00-0036928,0.0,0.0,0.0,0.0,0.0,0.0,0.0,0.006546440185871584,0.0,1,true,9
2021,00-0036936,0.0,0.0,0.0,0.0,0.0,0.002444819576411629,0.0019443895728972424,0.009868514310045224,0.0,3,true,9
2021,00-0036945,0.0039978063815441995,0.00196572037455365,0.006912124567177634,0.002399080345315409,0.002342191797608483,0.0,0.0,0.08264880734662874,0.0,6,true,9
2021,00-0036946,0.0,0.0,0.0,0.0,0.0,0.0,0.0,0.004378744760086291,0.0,1,true,9
2021,00-0036955,0.0,0.0,0.0,0.0,0.0,0.002444819576411629,0.0,0.009868514310045224,0.0,2,true,9
2021,00-0036963,0.0,0.0,0.0,0.0,0.0,0.0019578037245368027,0.0,0.009868514310045224,0.0,2,true,9
2021,00-0036970,0.0,0.0,0.0,0.0,0.0,0.006066774504428857,0.006025207195027257,0.055099204897752496,0.0,3,true,9
2021,00-0036971,0.009920482502350421,0.015455958239137523,0.019392349480137253,0.0012019344644194963,0.0029248265731329818,0.0,0.0,0.14693121306067333,0.0,6,true,9
2021,00-0036972,0.009920482502350421,0.015455958239137523,0.01702742881182783,0.0,0.0,0.0,0.0,0.11019840979550499,0.0,4,true,9
2021,00-0036973,0.0,0.0,0.0,0.0,0.0,0.0,0.0,0.025430402260501153,0.0,1,true,9
2021,00-0036979,0.0,0.0,0.0,0.0,0.0,0.0,0.0,0.005247543323595475,0.0,1,true,9
2021,00-0036980,0.0,0.0,0.0,0.0,0.0,0.0019578037245368027,0.0019443895728972424,0.02279967099217345,0.0,3,true,9
2021,00-0036984,0.0,0.0,0.0,0.005962070957169978,0.007257902977774436,0.0,0.0,0.018366401632584167,0.0,3,true,9
2021,00-0036991,0.0,0.0,0.0,0.0,0.0,0.0,0.0,0.012964518799471176,0.0,1,true,9
2021,00-0036997,0.0016039103446913853,0.0,0.0,0.008987599502599518,0.011527257670582929,0.0,0.0,0.025430402260501153,0.0,4,true,9
2021,00-0036999,0.0,0.0,0.0,0.0,0.0,0.0,0.0,0.008162845170037406,0.0,1,true,9
2021,00-0037005,0.0,0.0,0.0,0.0,0.0,0.0,0.0,0.006546440185871584,0.0,1,true,9
2021,00-0037009,0.0,0.0,0.0,0.0,0.0,0.0,0.0,0.005247543323595475,0.0,1,true,9
2021,00-0037011,0.0,0.0,0.0,0.0,0.0,0.0,0.0,0.0013197414346767064,0.0,1,true,9
2021,00-0037012,0.007956030521686972,0.002618783621913667,0.0034732566233081647,0.002399080345315409,0.0029248265731329818,0.0,0.0,0.07778711279682705,0.0,6,true,9
2021,00-0037013,0.0039978063815441995,0.009731529261679181,0.010419769869924494,0.0012019344644194963,0.0014660602024930906,0.0,0.0,0.066119045877303,0.0,6,true,9
2021,00-0037111,0.0,0.0,0.0,0.0,0.0,0.0,0.0,0.002634224935350717,0.0,1,true,9
2022,00-0019596,0.07440958672670533,0.07504156251017788,0.10665603590183356,0.0,0.0,0.0,0.0,0.0,0.0,3,true,9
2022,00-0023459,0.06088057095821346,0.03394737351650904,0.0407802490212893,0.0,0.0,0.0,0.0,0.0,0.0,3,true,9
2022,00-0026143,0.016333811720496295,0.022996607866022253,0.022363362366513487,0.0,0.0,0.0,0.0,0.0,0.0,3,true,9
2022,00-0026498,0.0446457520360232,0.07504156251017788,0.0815604980425786,0.0,0.0,0.0,0.0,0.0,0.0,3,true,9
2022,00-0027865,0.0,0.0,0.0,0.0,0.0,0.0,0.0,0.0,0.006339895046007843,1,true,9
2022,00-0027942,0.0,0.0,0.0,0.0,0.0,0.003929819871756117,0.0,0.0,0.0,1,true,9
2022,00-0027944,0.0,0.0,0.0,0.0,0.0,0.004709546036787093,0.0,0.0,0.015617790235287613,2,true,9
2022,00-0027949,0.0013366991627551856,0.0,0.0,0.0,0.0,0.0,0.0,0.0,0.009557155218608837,2,true,9
2022,00-0027966,0.0,0.0,0.0,0.004146501931337803,0.0,0.0,0.0,0.0,0.0,1,true,9
2022,00-0029263,0.0446457520360232,0.03394737351650904,0.0407802490212893,0.0,0.0,0.0,0.0,0.0,0.0,3,true,9
2022,00-0029293,0.0,0.0,0.0,0.0,0.0,0.004709546036787093,0.0,0.0,0.0,1,true,9
2022,00-0029604,0.013131103540006826,0.03394737351650904,0.03648759122957464,0.0,0.0,0.0,0.0,0.0,0.0,3,true,9
2022,00-0029701,0.006630557233072753,0.022996607866022253,0.010347227363610718,0.0,0.0,0.0,0.0,0.0,0.0,3,true,9
2022,00-0030035,0.0,0.0,0.0,0.0,0.0,0.00732596050166881,0.014933853528909177,0.0,0.0,2,true,9
2022,00-0030279,0.0013366991627551856,0.0,0.0,0.0,0.0,0.014473239039882286,0.01975122563500891,0.0,0.0,3,true,9
2022,00-0030431,0.0,0.0,0.0,0.0,0.0,0.0058752752538136005,0.0,0.0,0.012555478424446905,2,true,9
2022,00-0030506,0.0013366991627551856,0.0,0.0,0.0,0.0,0.034906047096186686,0.06122879946852763,0.0,0.0,3,true,9
2022,00-0030564,0.0013366991627551856,0.0,0.0,0.0,0.0,0.0058752752538136005,0.006062257373121547,0.0,0.00790530123020731,4,true,9
2022,00-0031040,0.0013366991627551856,0.0,0.0,0.0,0.0,0.0,0.0,0.0,0.0,1,true,9
2022,00-0031235,0.0022248713639214223,0.0,0.0,0.0,0.0,0.0058752752538136005,0.0,0.0,0.00790530123020731,3,true,9
2022,00-0031236,0.0,0.0,0.0,0.0,0.0,0.014473239039882286,0.01200564695461326,0.0,0.0,2,true,9
2022,00-0031237,0.0013366991627551856,0.0,0.0,0.0,0.0,0.0,0.0,0.0,0.0,1,true,9
2022,00-0031280,0.025757164636167236,0.0648086221678809,0.046217615557461206,0.0,0.0,0.0,0.0,0.0,0.0,3,true,9
2022,00-0031345,0.00266807283083804,0.010640221549950594,0.0045911538633239615,0.0,0.0,0.0,0.0,0.0,0.0,3,true,9
2022,00-0031376,0.0,0.0,0.0,0.0031150337892139716,0.0,0.0,0.0,0.0,0.0,1,true,9
2022,00-0031381,0.006630557233072753,0.0,0.0,0.0,0.0,0.04564636927962874,0.06122879946852763,0.0,0.0,3,true,9
2022,00-0031382,0.0022248713639214223,0.0,0.0,0.0,0.0,0.0,0.0,0.0,0.0,1,true,9
2022,00-0031388,0.0013366991627551856,0.0,0.0,0.0,0.0,0.0,0.0,0.0,0.0,1,true,9
2022,00-0031408,0.0022248713639214223,0.0,0.0,0.0,0.0,0.028257276220722553,0.07653599933565954,0.0,0.0,3,true,9
2022,00-0031428,0.0,0.0,0.0,0.0,0.0,0.008856758218435427,0.01975122563500891,0.0,0.02462805383256893,3,true,9
2022,00-0031503,0.009995317620005195,0.022996607866022253,0.013593416340429768,0.0,0.0,0.0,0.0,0.0,0.10672156660779868,4,true,9
2022,00-0031544,0.0013366991627551856,0.0,0.0,0.0,0.0,0.011635349032062228,0.0,0.0,0.0,2,true,9
2022,00-0031547,0.0,0.0,0.0,0.0,0.0,0.00732596050166881,0.004054887382021697,0.0,0.0,2,true,9
2022,00-0031565,0.0,0.0,0.0,0.0,0.0,0.0,0.0,0.0,0.015617790235287613,1,true,9
2022,00-0031588,0.0022248713639214223,0.0,0.0,0.0,0.0,0.039560186709011576,0.04081919964568508,0.0,0.0,3,true,9
2022,00-0031610,0.0013366991627551856,0.0,0.0,0.0,0.0,0.0,0.009138626786347406,0.0,0.0,2,true,9
2022,00-0031687,0.0,0.0,0.0,0.007729898662123559,0.004950259701929712,0.0,0.0,0.0,0.00790530123020731,3,true,9
2022,00-0032144,0.0013366991627551856,0.0,0.0,0.007729898662123559,0.009309443618554382,0.0,0.0,0.0,0.0,3,true,9
2022,00-0032165,0.0,0.0,0.0,0.0,0.0,0.0,0.0,0.0,0.00790530123020731,1,true,9
2022,00-0032211,0.0,0.0,0.0,0.0,0.0,0.011635349032062228,0.006062257373121547,0.0,0.0,2,true,9
2022,00-0032268,0.0,0.010640221549950594,0.006864002310514041,0.0,0.0,0.0,0.0,0.0,0.030491876173656767,3,true,9
2022,00-0032602,0.0,0.0,0.0,0.0031150337892139716,0.0,0.0,0.0,0.0,0.0,1,true,9
2022,00-0032688,0.0,0.0,0.0,0.0,0.0,0.0029522527394784757,0.0,0.0,0.0,1,true,9
2022,00-0032764,0.008267731858522816,0.0,0.0,0.08944597023314403,0.0891046746347348,0.0,0.0,0.0,0.12806587992935844,4,true,9
2022,00-0032765,0.0013366991627551856,0.0,0.0,0.0,0.0,0.014473239039882286,0.01200564695461326,0.0,0.05336078330389934,4,true,9
2022,00-0032950,0.008267731858522816,0.013978330271503723,0.010347227363610718,0.0,0.0,0.0,0.0,0.0,0.0,3,true,9
2022,00-0032965,0.0,0.0,0.0,0.0,0.0,0.0,0.0,0.0,0.006339895046007843,1,true,9
2022,00-0033009,0.0,0.0,0.0,0.0,0.0,0.0058752752538136005,0.0,0.0,0.0,1,true,9
2022,00-0033040,0.0022248713639214223,0.0,0.0,0.0,0.0,0.031231726349219665,0.026621217160229402,0.0,0.0,3,true,9
2022,00-0033045,0.0022248713639214223,0.0,0.0,0.02019747714941962,0.023989720093967066,0.0,0.0,0.0,0.0,3,true,9
2022,00-0033077,0.03939331062002047,0.05483806491128384,0.05332801795091678,0.0,0.0,0.0,0.0,0.0,0.0,3,true,9
2022,00-0033090,0.0,0.0,0.0,0.0,0.0,0.003929819871756117,0.009138626786347406,0.0,0.0,2,true,9
2022,00-0033106,0.0044350084803996565,0.007058364790561286,0.010347227363610718,0.0,0.0,0.0,0.0,0.0,0.0,3,true,9
2022,00-0033127,0.0,0.0,0.0,0.0,0.0,0.0,0.0,0.0,0.009557155218608837,1,true,9
2022,00-0033156,0.0013366991627551856,0.0,0.0,0.0,0.0,0.0,0.0,0.0,0.0,1,true,9
2022,00-0033280,0.006630557233072753,0.0,0.0,0.029815323411048013,0.03669016014371433,0.003929819871756117,0.0,0.0,0.07533287054668143,5,true,9
2022,00-0033281,0.0,0.0,0.0,0.0,0.0,0.0,0.0,0.0,0.006339895046007843,1,true,9
2022,00-0033288,0.0022248713639214223,0.0,0.0,0.0,0.0,0.0058752752538136005,0.007559111045497237,0.0,0.0,3,true,9
2022,00-0033293,0.0022248713639214223,0.0,0.0,0.015271263210536788,0.02012041040139173,0.0,0.0,0.0,0.0,3,true,9
2022,00-0033463,0.0,0.0,0.0,0.0,0.0,0.0,0.0,0.0,0.009557155218608837,1,true,9
2022,00-0033536,0.0,0.0,0.0,0.0,0.0,0.019142025826941085,0.014933853528909177,0.0,0.0,2,true,9
2022,00-0033537,0.006630557233072753,0.013978330271503723,0.013593416340429768,0.0,0.0,0.0,0.0,0.0,0.0,3,true,9
2022,00-0033553,0.0,0.0,0.0,0.009345101367641915,0.02150802491183254,0.0,0.0,0.0,0.0,2,true,9
2022,00-0033699,0.0022248713639214223,0.0,0.0,0.02019747714941962,0.027118814019267114,0.0,0.003046208928782469,0.0,0.0,4,true,9
2022,00-0033856,0.0,0.0,0.0,0.02019747714941962,0.03282803802332335,0.0,0.0,0.0,0.0,2,true,9
2022,00-0033857,0.0,0.0,0.0,0.0,0.0,0.011635349032062228,0.014933853528909177,0.0,0.030491876173656767,3,true,9
2022,00-0033868,0.00266807283083804,0.0,0.0,0.0,0.0,0.0,0.0,0.0,0.0,1,true,9
2022,00-0033869,0.008267731858522816,0.007058364790561286,0.006864002310514041,0.0,0.0,0.0,0.0,0.0,0.042688626643119475,4,true,9
2022,00-0033873,0.07440958672670533,0.07921053820518775,0.07702935926243534,0.0,0.0,0.0,0.0,0.0,0.0,3,true,9
2022,00-0033884,0.0,0.0,0.0,0.0,0.0,0.0,0.0,0.0,0.00790530123020731,1,true,9
2022,00-0033886,0.00266807283083804,0.0,0.0,0.0,0.0,0.0,0.0,0.0,0.0,1,true,9
2022,00-0033893,0.00266807283083804,0.0,0.0,0.05692016287563712,0.05197772687026197,0.0,0.0,0.0,0.0,3,true,9
2022,00-0033897,0.0013366991627551856,0.0,0.0,0.036830693625412254,0.05197772687026197,0.0,0.0,0.0,0.0,3,true,9
2022,00-0033906,0.0022248713639214223,0.0,0.0,0.012276897875137418,0.01223005338123811,0.0,0.0,0.0,0.0,3,true,9
2022,00-0033908,0.006630557233072753,0.0,0.0,0.0,0.0,0.05934028006351737,0.07203388172767956,0.0,0.0,3,true,9
2022,00-0033921,0.0022248713639214223,0.0,0.0,0.0,0.0,0.00732596050166881,0.009138626786347406,0.0,0.020655787085380392,4,true,9
2022,00-0033923,0.0,0.0,0.0,0.0,0.0061755715093380565,0.0,0.0,0.0,0.0,1,true,9
2022,00-0033925,0.0,0.0,0.0,0.0061992256597228545,0.0,0.0,0.0,0.0,0.0,1,true,9
2022,00-0033932,0.0013366991627551856,0.0,0.0,0.0,0.0,0.0058752752538136005,0.007559111045497237,0.0,0.0,3,true,9
2022,00-0033943,0.0,0.0,0.0,0.0,0.0,0.0029522527394784757,0.0,0.0,0.0,1,true,9
2022,00-0033948,0.0,0.0,0.0,0.004146501931337803,0.0,0.0,0.0,0.0,0.0,1,true,9
2022,00-0034184,0.0,0.0,0.0,0.0031150337892139716,0.004130680281080421,0.0,0.0,0.0,0.006339895046007843,3,true,9
2022,00-0034272,0.0,0.0,0.0,0.0,0.0,0.008856758218435427,0.009138626786347406,0.0,0.0,2,true,9
2022,00-0034348,0.0013366991627551856,0.0,0.0,0.0,0.0,0.011635349032062228,0.01200564695461326,0.0,0.0,3,true,9
2022,00-0034351,0.0,0.0,0.0,0.0,0.0,0.0029522527394784757,0.006062257373121547,0.0,0.0,2,true,9
2022,00-0034383,0.0,0.0,0.0,0.0,0.0,0.0,0.007559111045497237,0.0,0.0,1,true,9
2022,00-0034411,0.0,0.0,0.0,0.0,0.0,0.004709546036787093,0.009138626786347406,0.0,0.0,2,true,9
2022,00-0034521,0.0,0.0,0.0,0.0,0.0,0.0,0.014933853528909177,0.0,0.0,1,true,9
2022,00-0034681,0.0,0.0,0.0,0.007729898662123559,0.009309443618554382,0.0,0.0,0.0,0.0,2,true,9
2022,00-0034750,0.0,0.0,0.0,0.032953778506947806,0.009309443618554382,0.0,0.0,0.0,0.0,2,true,9
2022,00-0034753,0.0,0.0,0.0,0.0,0.0,0.02282318463981437,0.0,0.0,0.0,1,true,9
2022,00-0034764,0.0,0.0,0.0,0.0,0.0,0.003929819871756117,0.004054887382021697,0.0,0.0,2,true,9
2022,00-0034775,0.0,0.0,0.0,0.0,0.0,0.008856758218435427,0.0,0.0,0.0,1,true,9
2022,00-0034777,0.0,0.0,0.0,0.0,0.0,0.003929819871756117,0.0,0.0,0.0,1,true,9
2022,00-0034791,0.00266807283083804,0.0,0.0,0.05692016287563712,0.05670297476755851,0.0,0.0,0.0,0.0,3,true,9
2022,00-0034796,0.03939331062002047,0.013978330271503723,0.016908883740534588,0.015271263210536788,0.015212993230320578,0.0,0.0,0.0,0.0,5,true,9
2022,00-0034816,0.0,0.0,0.0,0.012276897875137418,0.0,0.0,0.0,0.0,0.0,1,true,9
2022,00-0034827,0.0013366991627551856,0.0,0.0,0.0,0.0,0.02282318463981437,0.01200564695461326,0.0,0.0,3,true,9
2022,00-0034832,0.00266807283083804,0.0,0.0,0.0,0.0,0.0,0.0,0.0,0.0,1,true,9
2022,00-0034844,0.0033317725400017315,0.0,0.0,0.024081607370461857,0.02012041040139173,0.0,0.0,0.0,0.0,3,true,9
2022,00-0034845,0.0,0.0,0.0,0.0061992256597228545,0.0,0.0,0.0,0.0,0.0,1,true,9
2022,00-0034855,0.006630557233072753,0.013978330271503723,0.013593416340429768,0.0,0.0,0.0,0.0,0.0,0.0711477110718658,4,true,9
2022,00-0034857,0.08371078506754351,0.05483806491128384,0.0815604980425786,0.0,0.01223005338123811,0.0,0.0,0.0,0.0,4,true,9
2022,00-0034869,0.00266807283083804,0.004721157906269469,0.0027620088978562475,0.0,0.0,0.0,0.0,0.0,0.0,3,true,9
2022,00-0034983,0.0,0.0,0.0,0.0,0.0,0.019142025826941085,0.009138626786347406,0.0,0.0,2,true,9
2022,00-0035216,0.0022248713639214223,0.0,0.0,0.0,0.0,0.019142025826941085,0.009138626786347406,0.0,0.0,3,true,9
2022,00-0035228,0.02911679480610209,0.022996607866022253,0.016908883740534588,0.0,0.009309443618554382,0.0,0.0,0.0,0.0,4,true,9
2022,00-0035229,0.0,0.0,0.0,0.0,0.0,0.0029522527394784757,0.0,0.0,0.0,1,true,9
2022,00-0035243,0.0013366991627551856,0.0,0.0,0.015271263210536788,0.01223005338123811,0.0,0.0,0.0,0.0,3,true,9
2022,00-0035250,0.0,0.0,0.0,0.02019747714941962,0.009309443618554382,0.0,0.0,0.0,0.0,2,true,9
2022,00-0035261,0.0013366991627551856,0.0,0.0,0.007729898662123559,0.009309443618554382,0.0,0.0,0.0,0.0,3,true,9
2022,00-0035640,0.0022248713639214223,0.0,0.0,0.0,0.0,0.014473239039882286,0.01200564695461326,0.0,0.0,3,true,9
2022,00-0035657,0.0,0.0,0.0,0.027222686592696013,0.023989720093967066,0.0,0.0,0.0,0.0,2,true,9
2022,00-0035659,0.0013366991627551856,0.0,0.0,0.0,0.0,0.011635349032062228,0.0,0.0,0.0,2,true,9
2022,00-0035662,0.0013366991627551856,0.0,0.0,0.0,0.0,0.014473239039882286,0.017007999852368783,0.0,0.0,3,true,9
2022,00-0035664,0.0,0.0,0.0,0.0,0.0,0.0,0.0,0.0,0.006339895046007843,1,true,9
2022,00-0035676,0.0013366991627551856,0.0,0.0,0.0,0.0,0.019142025826941085,0.01975122563500891,0.0,0.0,3,true,9
2022,00-0035685,0.0,0.0,0.0,0.012276897875137418,0.02012041040139173,0.0,0.0,0.0,0.0,2,true,9
2022,00-0035689,0.0,0.0,0.0,0.0,0.0,0.0,0.01200564695461326,0.0,0.0,1,true,9
2022,00-0035700,0.0013366991627551856,0.0,0.0,0.015271263210536788,0.015212993230320578,0.0,0.0,0.0,0.0,3,true,9
2022,00-0035704,0.0,0.0,0.0,0.0,0.0,0.0,0.0,0.0,0.009557155218608837,1,true,9
2022,00-0035710,0.006630557233072753,0.00565789558608484,0.013593416340429768,0.0,0.0,0.0,0.0,0.0,0.037666435273340716,4,true,9
2022,00-0035717,0.0022248713639214223,0.0,0.0,0.0,0.0,0.0,0.0,0.0,0.0,1,true,9
2022,00-0035719,0.008267731858522816,0.0,0.0,0.0,0.009309443618554382,0.02282318463981437,0.01975122563500891,0.0,0.0,4,true,9
2022,00-0035831,0.0013366991627551856,0.0,0.0,0.009345101367641915,0.0,0.0,0.0,0.0,0.0,2,true,9
2022,00-0036158,0.0013366991627551856,0.0,0.0,0.02019747714941962,0.023989720093967066,0.0,0.0,0.0,0.037666435273340716,4,true,9
2022,00-0036196,0.0,0.0,0.0,0.0,0.0,0.008856758218435427,0.02354953825712601,0.0,0.0,2,true,9
2022,00-0036212,0.013131103540006826,0.02741903245564192,0.016908883740534588,0.0,0.0,0.0,0.0,0.0,0.0,3,true,9
2022,00-0036223,0.013131103540006826,0.0,0.0,0.13181511402779122,0.10395545374052394,0.0,0.0,0.0,0.0,3,true,9
2022,00-0036252,0.0013366991627551856,0.0,0.0,0.0,0.0,0.016483411128754823,0.01200564695461326,0.0,0.0,3,true,9
2022,00-0036261,0.0,0.0,0.0,0.0,0.0,0.0058752752538136005,0.007559111045497237,0.0,0.0,2,true,9
2022,00-0036265,0.0,0.0,0.0,0.012276897875137418,0.015212993230320578,0.0,0.0,0.0,0.0,2,true,9
2022,00-0036268,0.0,0.0,0.0,0.0,0.0,0.0029522527394784757,0.0,0.0,0.0,1,true,9
2022,00-0036275,0.0013366991627551856,0.0,0.0,0.012276897875137418,0.015212993230320578,0.0,0.0,0.0,0.0,3,true,9
2022,00-0036309,0.0,0.0,0.0,0.0,0.0,0.0,0.009138626786347406,0.0,0.0,1,true,9
2022,00-0036321,0.0013366991627551856,0.0,0.0,0.0,0.0,0.0,0.0,0.0,0.030491876173656767,2,true,9
2022,00-0036322,0.0044350084803996565,0.0,0.0,0.0,0.0,0.06593364451501929,0.06122879946852763,0.0,0.0,3,true,9
2022,00-0036326,0.0,0.0,0.0,0.0,0.0,0.0058752752538136005,0.006062257373121547,0.0,0.0,2,true,9
2022,00-0036328,0.0013366991627551856,0.0,0.0,0.02019747714941962,0.015212993230320578,0.0,0.0,0.0,0.0,3,true,9
2022,00-0036355,0.07049329268845769,0.08911185548083624,0.10665603590183356,0.0,0.0,0.0,0.0,0.0,0.0,3,true,9
2022,00-0036358,0.00266807283083804,0.0,0.0,0.0,0.0,0.053945709148652154,0.032225683930804015,0.0,0.0,3,true,9
2022,00-0036360,0.0013366991627551856,0.0,0.0,0.0,0.01223005338123811,0.0,0.0,0.0,0.0,2,true,9
2022,00-0036389,0.02911679480610209,0.013978330271503723,0.013593416340429768,0.0,0.023989720093967066,0.0,0.0,0.0,0.0,4,true,9
2022,00-0036407,0.00266807283083804,0.0,0.0,0.0,0.0,0.019142025826941085,0.014933853528909177,0.0,0.0,3,true,9
2022,00-0036410,0.0,0.0,0.0,0.0,0.0,0.014473239039882286,0.029156571175489344,0.0,0.0,2,true,9
2022,00-0036414,0.0013366991627551856,0.0,0.0,0.024081607370461857,0.023989720093967066,0.0,0.0,0.0,0.02462805383256893,4,true,9
2022,00-0036442,0.05151432927233447,0.07128948438466899,0.06932642333619182,0.0,0.0,0.0,0.0,0.0,0.0,3,true,9
2022,00-0036550,0.0,0.0,0.0,0.0,0.0,0.0058752752538136005,0.006062257373121547,0.0,0.0,2,true,9
2022,00-0036567,0.00266807283083804,0.0,0.0,0.036830693625412254,0.02012041040139173,0.0,0.0,0.0,0.0,3,true,9
2022,00-0036613,0.0022248713639214223,0.0,0.0,0.0,0.0,0.011635349032062228,0.007559111045497237,0.0,0.0,3,true,9
2022,00-0036875,0.0,0.0,0.0,0.007729898662123559,0.007700403980779551,0.0,0.0,0.0,0.0,2,true,9
2022,00-0036893,0.0013366991627551856,0.0,0.0,0.036830693625412254,0.041582181496209576,0.0,0.0,0.0,0.0,3,true,9
2022,00-0036894,0.0,0.0,0.0,0.0,0.0,0.0,0.006062257373121547,0.0,0.0,1,true,9
2022,00-0036898,0.0,0.010640221549950594,0.010347227363610718,0.0,0.0,0.0,0.0,0.0,0.0,2,true,9
2022,00-0036900,0.0044350084803996565,0.0,0.0,0.0,0.0,0.04945023338626447,0.06122879946852763,0.0,0.0,3,true,9
2022,00-0036912,0.0022248713639214223,0.0,0.0,0.0,0.0,0.00732596050166881,0.007559111045497237,0.0,0.0,3,true,9
2022,00-0036913,0.0,0.0,0.0,0.0,0.0,0.008856758218435427,0.004054887382021697,0.0,0.0,2,true,9
2022,00-0036924,0.0,0.0,0.0,0.007729898662123559,0.0,0.0,0.0,0.0,0.0,1,true,9
2022,00-0036932,0.0022248713639214223,0.0,0.0,0.0,0.0,0.0,0.0,0.0,0.0,1,true,9
2022,00-0036944,0.0,0.0,0.0,0.0,0.0,0.0,0.0,0.0,0.006339895046007843,1,true,9
2022,00-0036945,0.008267731858522816,0.007058364790561286,0.006864002310514041,0.0031150337892139716,0.004130680281080421,0.0,0.0,0.0,0.0,5,true,9
2022,00-0036963,0.0,0.0,0.0,0.0,0.0,0.00732596050166881,0.006062257373121547,0.0,0.0,2,true,9
2022,00-0036970,0.0013366991627551856,0.0,0.0,0.0,0.0,0.011635349032062228,0.0,0.0,0.0,2,true,9
2022,00-0036971,0.008267731858522816,0.022996607866022253,0.010347227363610718,0.0,0.0,0.0,0.0,0.0,0.0,3,true,9
2022,00-0036972,0.013131103540006826,0.019802634551296938,0.013593416340429768,0.0,0.0,0.0,0.0,0.0,0.0,3,true,9
2022,00-0036973,0.0,0.0,0.0,0.012276897875137418,0.01223005338123811,0.0,0.0,0.0,0.020655787085380392,3,true,9
2022,00-0036980,0.0,0.0,0.0,0.0,0.0,0.004709546036787093,0.009138626786347406,0.0,0.0,2,true,9
2022,00-0036997,0.0,0.0,0.0,0.029815323411048013,0.023989720093967066,0.0,0.0,0.0,0.0,2,true,9
2022,00-0037012,0.025757164636167236,0.017387679118211947,0.010347227363610718,0.0,0.01223005338123811,0.0,0.0,0.0,0.006339895046007843,5,true,9
2022,00-0037013,0.006630557233072753,0.010640221549950594,0.010347227363610718,0.0,0.0,0.0,0.0,0.0,0.0,3,true,9
2022,00-0037077,0.0,0.0,0.0,0.0,0.0,0.0,0.0,0.008148895391874368,0.0,1,true,9
2022,00-0037120,0.0,0.0,0.0,0.0,0.0,0.0,0.0,0.0032838832176210137,0.0,1,true,9
2022,00-0037139,0.0,0.0,0.0,0.0,0.0,0.0,0.0,0.0032838832176210137,0.0,1,true,9
2022,00-0037157,0.0,0.0,0.0,0.0,0.0,0.0,0.0,0.004371261766502144,0.0,1,true,9
2022,00-0037197,0.0,0.0,0.0,0.0,0.0,0.0,0.0,0.02538694333622399,0.0,1,true,9
2022,00-0037210,0.0,0.0,0.0,0.0,0.0,0.0,0.0,0.004371261766502144,0.0,1,true,9
2022,00-0037238,0.0,0.0,0.0,0.0,0.0,0.0058752752538136005,0.0,0.05077388667244798,0.0,2,true,9
2022,00-0037239,0.0,0.0,0.0,0.0,0.0,0.004709546036787093,0.004054887382021697,0.06000550243107489,0.0,3,true,9
2022,00-0037240,0.0,0.0,0.0,0.0,0.0,0.0058752752538136005,0.0,0.01609903723760546,0.0,2,true,9
2022,00-0037247,0.0,0.0,0.0,0.0,0.0,0.003929819871756117,0.0,0.06600605267418239,0.0,2,true,9
2022,00-0037248,0.0,0.0,0.0,0.007729898662123559,0.004950259701929712,0.0,0.0,0.03143145365437256,0.0,3,true,9
2022,00-0037256,0.0,0.0,0.0,0.0,0.0,0.0,0.0,0.01609903723760546,0.0,1,true,9
2022,00-0037257,0.0,0.0,0.0,0.0,0.0,0.0,0.0,0.03143145365437256,0.0,1,true,9
2022,00-0037258,0.0,0.0,0.0,0.0,0.0,0.0,0.0,0.05500504389515198,0.0,1,true,9
2022,00-0037261,0.0,0.0,0.0,0.0,0.0,0.0,0.0,0.005238575609062093,0.0,1,true,9
2022,00-0037263,0.0,0.0,0.0,0.0,0.0,0.0,0.0,0.009851649652863042,0.0,1,true,9
2022,00-0037267,0.0,0.0,0.0,0.0,0.0,0.0,0.0,0.004371261766502144,0.0,1,true,9
2022,00-0037276,0.0,0.0,0.0,0.0,0.0,0.0,0.0,0.0032838832176210137,0.0,1,true,9
2022,00-0037357,0.0,0.0,0.0,0.0,0.0,0.0,0.0,0.0032838832176210137,0.0,1,true,9
2022,00-0037390,0.0,0.0,0.0,0.0,0.0,0.0,0.0,0.0032838832176210137,0.0,1,true,9
2022,00-0037436,0.0,0.0,0.0,0.0,0.0,0.0,0.0,0.0032838832176210137,0.0,1,true,9
2022,00-0037564,0.0,0.0,0.0,0.0,0.0,0.0,0.0,0.005238575609062093,0.0,1,true,9
2022,00-0037614,0.0,0.0,0.0,0.0,0.0,0.003929819871756117,0.0,0.0,0.0,1,true,9
2022,00-0037617,0.0,0.0,0.0,0.0,0.0,0.0,0.0,0.0032838832176210137,0.0,1,true,9
2022,00-0037664,0.0,0.0,0.0,0.0,0.0,0.0029522527394784757,0.0,0.01609903723760546,0.0,2,true,9
2022,00-0037666,0.0,0.0,0.0,0.0,0.0,0.0029522527394784757,0.004054887382021697,0.03143145365437256,0.0,3,true,9
2022,00-0037740,0.0,0.0,0.0,0.0,0.0,0.0,0.006062257373121547,0.03143145365437256,0.0,2,true,9
2022,00-0037741,0.0,0.0,0.0,0.0,0.0,0.003929819871756117,0.0,0.03143145365437256,0.0,2,true,9
2022,00-0037742,0.0,0.0,0.0,0.0,0.0,0.0058752752538136005,0.0,0.04400403511612159,0.0,2,true,9
2022,00-0037744,0.0,0.0,0.0,0.0,0.0,0.0,0.0,0.008148895391874368,0.0,1,true,9
2022,00-0037746,0.0,0.0,0.0,0.0,0.0,0.0,0.0,0.0,0.0914756285209703,1,true,9
2022,00-0037805,0.0,0.0,0.0,0.0,0.0,0.0,0.0,0.0032838832176210137,0.0,1,true,9
2022,00-0037816,0.0,0.0,0.0,0.0,0.0,0.0,0.0,0.05077388667244798,0.0,1,true,9
2022,00-0037837,0.0,0.0,0.0,0.0,0.0,0.0,0.0,0.006535252740018057,0.0,1,true,9
2022,00-0037838,0.0,0.0,0.0,0.0,0.0,0.0,0.0,0.012942363269447525,0.0,1,true,9
2022,00-0037840,0.0,0.0,0.0,0.0,0.0,0.0,0.0,0.012942363269447525,0.0,1,true,9
2022,00-0038040,0.0,0.0,0.0,0.0,0.0,0.0,0.0,0.012942363269447525,0.0,1,true,9
2022,00-0038045,0.0,0.0,0.0,0.0,0.0,0.0,0.0,0.012942363269447525,0.0,1,true,9
2022,00-0038090,0.0,0.0,0.0,0.0,0.0,0.003929819871756117,0.0,0.04400403511612159,0.0,2,true,9
2022,00-0038098,0.0,0.0,0.0,0.0,0.0,0.0,0.0,0.004371261766502144,0.0,1,true,9
2022,00-0038102,0.0,0.00565789558608484,0.0045911538633239615,0.0,0.0,0.0,0.0,0.06600605267418239,0.0,3,true,9
2022,00-0038104,0.0,0.0,0.0,0.0,0.0,0.0029522527394784757,0.0,0.005238575609062093,0.0,2,true,9
2022,00-0038108,0.0,0.0,0.0,0.0,0.0,0.0,0.0,0.0032838832176210137,0.0,1,true,9
2022,00-0038117,0.0,0.0,0.0,0.0,0.0,0.0029522527394784757,0.0,0.012942363269447525,0.0,2,true,9
2022,00-0038120,0.0,0.0,0.0,0.012276897875137418,0.009309443618554382,0.0,0.0,0.06000550243107489,0.0,3,true,9
2022,00-0038122,0.0,0.004721157906269469,0.0,0.0,0.0,0.0,0.0,0.028698283771383643,0.0,2,true,9
2022,00-0038124,0.0,0.0,0.0,0.0,0.0,0.0058752752538136005,0.0,0.038827089808342576,0.0,2,true,9
2022,00-0038128,0.0,0.0,0.0,0.0,0.0,0.0,0.0,0.012942363269447525,0.0,1,true,9
2022,00-0038129,0.0,0.0,0.0,0.0,0.0,0.0,0.0,0.0032838832176210137,0.0,1,true,9
2022,00-0038134,0.0,0.0,0.0,0.012276897875137418,0.0061755715093380565,0.0,0.0,0.02538694333622399,0.0,3,true,9
2023,00-0023459,0.04318452928186077,0.03414028530802106,0.05311038623398954,0.0,0.0,0.0,0.0,0.0,0.0,3,true,9
2023,00-0026498,0.01439484309395359,0.023127290047369103,0.01683987856199668,0.0,0.0,0.0,0.0,0.0,0.01379329480632212,4,true,9
2023,00-0027940,0.0,0.0,0.0,0.0,0.0,0.0,0.0,0.0,0.0069817911982618126,1,true,9
2023,00-0029263,0.01790578043394227,0.017486487596791275,0.022272097452963352,0.0,0.0,0.0,0.0,0.0,0.03326618159171805,4,true,9
2023,00-0029604,0.01439484309395359,0.04779639943122948,0.05311038623398954,0.0,0.0,0.0,0.0,0.0,0.0,3,true,9
2023,00-0029701,0.005826484109457406,0.0,0.0,0.0,0.0,0.0,0.0,0.0,0.0,1,true,9
2023,00-0030035,0.0,0.0,0.0,0.0,0.0,0.0,0.006254466620151522,0.0,0.0,1,true,9
2023,00-0030061,0.0,0.0,0.0,0.0,0.0,0.0,0.0,0.0,0.00559925828771492,1,true,9
2023,00-0030090,0.0,0.0,0.0,0.0,0.0,0.0,0.0,0.0,0.0069817911982618126,1,true,9
2023,00-0030279,0.0,0.0,0.0,0.0,0.0,0.014032553562415315,0.012386296639907916,0.0,0.0069817911982618126,3,true,9
2023,00-0030506,0.004861834422461147,0.0,0.0,0.0,0.0,0.023085813925263907,0.0743177798394475,0.0,0.0,3,true,9
2023,00-0030564,0.0,0.0,0.0,0.0,0.0,0.011732134945625921,0.01754725357320288,0.0,0.0069817911982618126,3,true,9
2023,00-0030565,0.023681838638439777,0.01991516642967895,0.03287785814485066,0.0,0.0,0.0,0.0,0.0,0.0,3,true,9
2023,00-0031235,0.0,0.0,0.0,0.0,0.0,0.0035604986650904532,0.006254466620151522,0.0,0.01108872719723935,3,true,9
2023,00-0031280,0.01790578043394227,0.023127290047369103,0.01683987856199668,0.0,0.0,0.0,0.0,0.0,0.008440672941182193,4,true,9
2023,00-0031345,0.007268683146451813,0.014057764538596905,0.01683987856199668,0.0,0.0,0.0,0.0,0.0,0.01108872719723935,4,true,9
2023,00-0031376,0.0,0.0,0.0,0.0,0.003624286905618963,0.0,0.0031427916847527547,0.0,0.0,2,true,9
2023,00-0031381,0.0036524228745852395,0.0,0.0,0.0,0.0,0.03407905865158005,0.05264176071960864,0.0,0.0,3,true,9
2023,00-0031388,0.002924848596779415,0.0,0.0,0.0,0.0,0.0,0.0,0.0,0.01108872719723935,2,true,9
2023,00-0031408,0.0,0.0,0.0,0.0,0.0,0.014032553562415315,0.020377455762429154,0.0,0.0,2,true,9
2023,00-0031428,0.0,0.0,0.0,0.0,0.0,0.0,0.0,0.0,0.00559925828771492,1,true,9
2023,00-0031544,0.0,0.0,0.0,0.0,0.0,0.01745512760202881,0.01754725357320288,0.0,0.0,2,true,9
2023,00-0031588,0.0036524228745852395,0.0,0.0,0.0,0.0,0.04209766068724595,0.048592394510407984,0.0,0.0,3,true,9
2023,00-0031610,0.0,0.0,0.0,0.0,0.0,0.0,0.007798779365867947,0.0,0.008440672941182193,2,true,9
2023,00-0031687,0.0,0.0,0.0,0.0,0.01334798348166984,0.0,0.0,0.0,0.0,1,true,9
2023,00-0031800,0.0,0.004747986698466505,0.0,0.0,0.0,0.0,0.0,0.0,0.0,1,true,9
2023,00-0031941,0.0,0.0,0.0,0.0,0.0,0.0,0.0,0.0,0.0069817911982618126,1,true,9
2023,00-0032104,0.0,0.0,0.0,0.0,0.003624286905618963,0.0,0.0,0.0,0.0,1,true,9
2023,00-0032211,0.0,0.0,0.0,0.0,0.0,0.011732134945625921,0.012386296639907916,0.0,0.0,2,true,9
2023,00-0032764,0.004861834422461147,0.0,0.0,0.10894453516619278,0.06080748030538482,0.0,0.0,0.0,0.0,3,true,9
2023,00-0032765,0.0,0.0,0.0,0.0,0.0,0.0,0.0,0.0,0.008440672941182193,1,true,9
2023,00-0032965,0.0,0.0,0.0,0.0,0.0,0.0,0.0,0.0,0.00559925828771492,1,true,9
2023,00-0033040,0.005826484109457406,0.0,0.0,0.0,0.0,0.0681581173031601,0.04211340857568691,0.0,0.0,3,true,9
2023,00-0033045,0.0,0.0,0.0,0.004689665421061278,0.0,0.0,0.0,0.0,0.0,1,true,9
2023,00-0033077,0.03863878935745437,0.03414028530802106,0.03287785814485066,0.0,0.0,0.0,0.0,0.0,0.0,3,true,9
2023,00-0033106,0.023681838638439777,0.027574845825709317,0.03287785814485066,0.0,0.0,0.0,0.0,0.0,0.0,3,true,9
2023,00-0033156,0.0,0.0,0.0,0.0,0.0,0.0,0.0,0.0,0.00559925828771492,1,true,9
2023,00-0033280,0.00906341972582263,0.0,0.0,0.022843208986459772,0.023794231423846235,0.004739471733001199,0.0,0.0,0.0,4,true,9
2023,00-0033288,0.002924848596779415,0.0,0.0,0.0,0.0,0.0035604986650904532,0.010355756207136127,0.0,0.0,3,true,9
2023,00-0033293,0.0,0.0,0.0,0.017271694599518366,0.01334798348166984,0.0,0.0,0.0,0.0,2,true,9
2023,00-0033308,0.0,0.0,0.0,0.0,0.003624286905618963,0.0,0.0,0.0,0.0,1,true,9
2023,00-0033526,0.0,0.0,0.0,0.0,0.006756386700598313,0.0,0.0,0.0,0.0,1,true,9
2023,00-0033536,0.0,0.0,0.0,0.0,0.0,0.014032553562415315,0.021782797539148406,0.0,0.009270903066544375,3,true,9
2023,00-0033537,0.023681838638439777,0.023127290047369103,0.01683987856199668,0.0,0.003624286905618963,0.0,0.0,0.0,0.008440672941182193,5,true,9
2023,00-0033553,0.0,0.0,0.0,0.017271694599518366,0.01765378460478914,0.0,0.0,0.0,0.0,2,true,9
2023,00-0033699,0.0,0.0,0.0,0.017271694599518366,0.03648448818323089,0.0035604986650904532,0.0,0.0,0.0,3,true,9
2023,00-0033868,0.0036524228745852395,0.0,0.0,0.0,0.0,0.0,0.0,0.0,0.0,1,true,9
2023,00-0033872,0.0,0.0,0.0,0.0,0.0,0.0,0.0,0.0,0.0069817911982618126,1,true,9
2023,00-0033873,0.10487671397023329,0.20484171184812633,0.17260875526046598,0.0,0.0,0.0,0.0,0.0,0.0,3,true,9
2023,00-0033874,0.0,0.0,0.0,0.0,0.0,0.0,0.0,0.0,0.0069817911982618126,1,true,9
2023,00-0033886,0.002924848596779415,0.0,0.0,0.0,0.0,0.0,0.0,0.0,0.01108872719723935,2,true,9
2023,00-0033893,0.0,0.0,0.0,0.010569245948959,0.018871286991326324,0.0,0.0,0.0,0.0,2,true,9
2023,00-0033897,0.0,0.0,0.0,0.017271694599518366,0.02104874318263321,0.0,0.0,0.0,0.0,2,true,9
2023,00-0033906,0.0,0.0,0.0,0.0,0.01334798348166984,0.0,0.0,0.0,0.0,1,true,9
2023,00-0033908,0.004861834422461147,0.0,0.0,0.0,0.0,0.0550507870525524,0.05264176071960864,0.0,0.018242744743845383,4,true,9
2023,00-0033921,0.0,0.0,0.0,0.0,0.0,0.008835311502261495,0.010355756207136127,0.0,0.009270903066544375,3,true,9
2023,00-0033925,0.0,0.0,0.0,0.0,0.005418488344044192,0.0,0.0,0.0,0.0,1,true,9
2023,00-0033948,0.0,0.0,0.0,0.0,0.010730731818597322,0.0,0.0,0.0,0.0,1,true,9
2023,00-0034115,0.0,0.0,0.0,0.0,0.003624286905618963,0.0,0.0,0.0,0.0,1,true,9
2023,00-0034184,0.0,0.0,0.0,0.0,0.005418488344044192,0.0,0.0,0.0,0.0,1,true,9
2023,00-0034348,0.0,0.0,0.0,0.0,0.0,0.005914547369282488,0.007798779365867947,0.0,0.0037451992520477276,3,true,9
2023,00-0034351,0.0,0.0,0.0,0.0,0.0,0.0,0.006254466620151522,0.0,0.0,1,true,9
2023,00-0034681,0.0,0.0,0.0,0.0,0.003624286905618963,0.0,0.0,0.0,0.0,1,true,9
2023,00-0034750,0.0,0.0,0.0,0.0,0.01334798348166984,0.0,0.0,0.0,0.008440672941182193,2,true,9
2023,00-0034753,0.0,0.0,0.0,0.0,0.0,0.008835311502261495,0.024296197255203992,0.0,0.0,2,true,9
2023,00-0034775,0.0,0.0,0.0,0.0,0.0,0.008835311502261495,0.010355756207136127,0.0,0.0,2,true,9
2023,00-0034791,0.0,0.0,0.0,0.1416278957160506,0.06080748030538482,0.0,0.0,0.0,0.0,2,true,9
2023,00-0034796,0.04894246651944221,0.023127290047369103,0.03287785814485066,0.013885087815299077,0.01334798348166984,0.0,0.0,0.0,0.02692976605043842,6,true,9
2023,00-0034827,0.0,0.0,0.0,0.0,0.0,0.011732134945625921,0.012386296639907916,0.0,0.0,2,true,9
2023,00-0034837,0.0,0.0,0.0,0.0,0.0,0.01745512760202881,0.021782797539148406,0.0,0.015709030196089078,3,true,9
2023,00-0034844,0.004861834422461147,0.0,0.0,0.059011623215021076,0.032192195455791967,0.0,0.0,0.0,0.0,3,true,9
2023,00-0034855,0.005826484109457406,0.008851185079857311,0.008523889148664986,0.0,0.0,0.0,0.0,0.0,0.008440672941182193,4,true,9
2023,00-0034857,0.08636905856372154,0.07169459914684423,0.10622077246797908,0.007011281966141119,0.01334798348166984,0.0,0.0,0.0,0.0,5,true,9
2023,00-0034869,0.0,0.004747986698466505,0.0,0.0,0.0,0.0,0.0,0.0,0.01108872719723935,2,true,9
2023,00-0034967,0.0,0.0,0.0,0.0,0.0,0.0,0.0,0.0,0.0069817911982618126,1,true,9
2023,00-0034972,0.0,0.0,0.0,0.0,0.02104874318263321,0.0,0.0,0.0,0.0,1,true,9
2023,00-0034981,0.0,0.0,0.0,0.0,0.0,0.0,0.0,0.0,0.01108872719723935,1,true,9
2023,00-0034983,0.0,0.0,0.0,0.0,0.0,0.0,0.0,0.0,0.00559925828771492,1,true,9
2023,00-0035140,0.0,0.0,0.0,0.0,0.0,0.0,0.0,0.0,0.00559925828771492,1,true,9
2023,00-0035216,0.0,0.0,0.0,0.0,0.0,0.007085744868150308,0.007798779365867947,0.0,0.0,2,true,9
2023,00-0035228,0.007268683146451813,0.0,0.0,0.0,0.0,0.0,0.0,0.0,0.0069817911982618126,2,true,9
2023,00-0035229,0.0,0.0,0.0,0.0,0.0,0.007085744868150308,0.015407344600861067,0.0,0.0,2,true,9
2023,00-0035243,0.0,0.0,0.0,0.017271694599518366,0.01334798348166984,0.0,0.0,0.0,0.0,2,true,9
2023,00-0035250,0.0,0.0,0.0,0.0,0.005418488344044192,0.0,0.0,0.0,0.0,1,true,9
2023,00-0035261,0.0,0.0,0.0,0.05447226758309639,0.023794231423846235,0.0,0.0,0.0,0.008440672941182193,3,true,9
2023,00-0035640,0.0,0.0,0.0,0.0,0.0,0.01745512760202881,0.024296197255203992,0.0,0.0,2,true,9
2023,00-0035657,0.0,0.0,0.0,0.0,0.010730731818597322,0.0,0.0,0.0,0.0,1,true,9
2023,00-0035659,0.0,0.0,0.0,0.0,0.0,0.015557831123547415,0.007798779365867947,0.0,0.0,2,true,9
2023,00-0035676,0.0,0.0,0.0,0.0,0.0,0.037666327983325316,0.048592394510407984,0.0,0.0,2,true,9
2023,00-0035685,0.0,0.0,0.0,0.010569245948959,0.02104874318263321,0.0,0.0,0.0,0.0,2,true,9
2023,00-0035700,0.0,0.0,0.0,0.05447226758309639,0.04209748636526642,0.0,0.0,0.0,0.0,2,true,9
2023,00-0035710,0.010957268623755718,0.008851185079857311,0.006835990307345188,0.004689665421061278,0.006756386700598313,0.0,0.0,0.0,0.0,5,true,9
2023,00-0035717,0.0036524228745852395,0.0,0.0,0.0,0.0,0.0,0.0,0.0,0.0,1,true,9
2023,00-0035719,0.004861834422461147,0.0,0.0,0.0,0.0,0.008835311502261495,0.007798779365867947,0.0,0.0,3,true,9
2023,00-0035831,0.0,0.0,0.0,0.0,0.003624286905618963,0.0,0.0,0.0,0.0,1,true,9
2023,00-0036158,0.0,0.0,0.0,0.027236133791548194,0.01334798348166984,0.0,0.0,0.0,0.0037451992520477276,3,true,9
2023,00-0036212,0.03863878935745437,0.03414028530802106,0.04061382476716847,0.0,0.0,0.0,0.0,0.0,0.02692976605043842,4,true,9
2023,00-0036223,0.0,0.0,0.0,0.013885087815299077,0.01765378460478914,0.0,0.0,0.0,0.018242744743845383,3,true,9
2023,00-0036251,0.0,0.0,0.0,0.0,0.005418488344044192,0.0,0.0,0.0,0.0,1,true,9
2023,00-0036252,0.0,0.0,0.0,0.0,0.0,0.008835311502261495,0.006254466620151522,0.0,0.0,2,true,9
2023,00-0036261,0.0,0.0,0.0,0.0,0.0,0.015557831123547415,0.012386296639907916,0.0,0.0,2,true,9
2023,00-0036264,0.01439484309395359,0.014057764538596905,0.01030500031405767,0.0,0.0,0.0,0.0,0.0,0.0,3,true,9
2023,00-0036265,0.0,0.0,0.0,0.010569245948959,0.010730731818597322,0.0,0.0,0.0,0.0,2,true,9
2023,00-0036275,0.0,0.0,0.0,0.007011281966141119,0.008168168996245723,0.0,0.0,0.0,0.01108872719723935,3,true,9
2023,00-0036309,0.0,0.0,0.0,0.0,0.0,0.0,0.0,0.0,0.00559925828771492,1,true,9
2023,00-0036321,0.0,0.0,0.0,0.0,0.0,0.0,0.0,0.0,0.0069817911982618126,1,true,9
2023,00-0036322,0.007268683146451813,0.0,0.0,0.0,0.0,0.14313204633663623,0.05264176071960864,0.0,0.0,3,true,9
2023,00-0036328,0.0,0.0,0.0,0.004689665421061278,0.005418488344044192,0.0,0.0,0.0,0.0,2,true,9
2023,00-0036355,0.06117808314930276,0.14338919829368846,0.09863357443455198,0.0,0.0,0.0,0.0,0.0,0.0,3,true,9
2023,00-0036358,0.0036524228745852395,0.0,0.0,0.0,0.0,0.037666327983325316,0.030081006125490653,0.0,0.0,3,true,9
2023,00-0036360,0.0,0.0,0.0,0.0,0.0,0.0,0.0,0.0,0.00559925828771492,1,true,9
2023,00-0036370,0.0,0.0,0.0,0.0,0.003624286905618963,0.0,0.0,0.0,0.0,1,true,9
2023,00-0036389,0.06117808314930276,0.023127290047369103,0.01683987856199668,0.013885087815299077,0.06080748030538482,0.0,0.0,0.0,0.0,5,true,9
2023,00-0036407,0.0,0.0,0.0,0.0,0.0,0.015557831123547415,0.012386296639907916,0.0,0.0,2,true,9
2023,00-0036409,0.0,0.0,0.0,0.0,0.0,0.0,0.0,0.0,0.009270903066544375,1,true,9
2023,00-0036410,0.0,0.0,0.0,0.0,0.0,0.015557831123547415,0.021782797539148406,0.0,0.0,2,true,9
2023,00-0036414,0.0,0.0,0.0,0.017271694599518366,0.015201870076346205,0.0,0.0,0.0,0.00225308799625182,3,true,9
2023,00-0036442,0.09176712472395414,0.07169459914684423,0.09863357443455198,0.0,0.0,0.0,0.0,0.0,0.0,3,true,9
2023,00-0036550,0.0,0.0,0.0,0.0,0.0,0.005914547369282488,0.006254466620151522,0.0,0.00559925828771492,3,true,9
2023,00-0036555,0.0,0.0,0.0,0.0,0.003624286905618963,0.0,0.0,0.0,0.0,1,true,9
2023,00-0036567,0.0,0.0,0.0,0.0,0.005418488344044192,0.0,0.0,0.0,0.00559925828771492,2,true,9
2023,00-0036613,0.0,0.0,0.0,0.0,0.0,0.0275253935262762,0.021782797539148406,0.0,0.0,2,true,9
2023,00-0036875,0.0,0.0,0.0,0.022843208986459772,0.02104874318263321,0.0,0.0,0.0,0.0,2,true,9
2023,00-0036888,0.0,0.0,0.0,0.0,0.0,0.0,0.0,0.0,0.4147183971767517,1,true,9
2023,00-0036893,0.0,0.0,0.0,0.03078867298175013,0.02104874318263321,0.0,0.0,0.0,0.0,2,true,9
2023,00-0036900,0.004861834422461147,0.0,0.0,0.0,0.0,0.0841953213744919,0.08422681715137383,0.0,0.0,3,true,9
2023,00-0036906,0.0,0.0,0.0,0.0,0.006756386700598313,0.0,0.0,0.0,0.0,1,true,9
2023,00-0036912,0.0,0.0,0.0,0.0,0.0,0.015557831123547415,0.020377455762429154,0.0,0.0,2,true,9
2023,00-0036913,0.0,0.0,0.0,0.0,0.0,0.007085744868150308,0.0,0.0,0.0,1,true,9
2023,00-0036924,0.0,0.0,0.0,0.0,0.003624286905618963,0.0,0.0,0.0,0.0,1,true,9
2023,00-0036932,0.004861834422461147,0.0,0.0,0.0,0.0,0.0,0.0,0.0,0.0,1,true,9
2023,00-0036945,0.034958904656744436,0.007098475163053884,0.006835990307345188,0.019670541071673694,0.01765378460478914,0.0,0.0,0.0,0.0,5,true,9
2023,00-0036963,0.0,0.0,0.0,0.0,0.0,0.023085813925263907,0.030081006125490653,0.0,0.0,2,true,9
2023,00-0036970,0.0,0.0,0.0,0.0,0.0,0.0,0.0,0.0,0.009270903066544375,1,true,9
2023,00-0036971,0.04318452928186077,0.04779639943122948,0.04061382476716847,0.0,0.0,0.0,0.0,0.0,0.0,3,true,9
2023,00-0036972,0.010957268623755718,0.010700686439827495,0.01030500031405767,0.0,0.0,0.0,0.0,0.0,0.0069817911982618126,4,true,9
2023,00-0036973,0.0,0.0,0.0,0.019670541071673694,0.01765378460478914,0.0,0.0,0.0,0.0,2,true,9
2023,00-0036980,0.0,0.0,0.0,0.0,0.0,0.0,0.0,0.0,0.0037451992520477276,1,true,9
2023,00-0036997,0.0,0.0,0.0,0.017271694599518366,0.010730731818597322,0.0,0.0,0.0,0.01379329480632212,3,true,9
2023,00-0037009,0.0,0.0,0.0,0.0,0.0,0.0,0.0,0.0,0.0069817911982618126,1,true,9
2023,00-0037012,0.0014653433089653355,0.0,0.0,0.0,0.0,0.0,0.0,0.0,0.01379329480632212,2,true,9
2023,00-0037013,0.002924848596779415,0.0,0.0,0.0,0.0,0.0,0.0,0.0,0.00559925828771492,2,true,9
2023,00-0037077,0.007268683146451813,0.007098475163053884,0.006835990307345188,0.0,0.003624286905618963,0.0,0.0,0.0,0.0,4,true,9
2023,00-0037197,0.0,0.0,0.0,0.017271694599518366,0.015201870076346205,0.0,0.0,0.0,0.0,2,true,9
2023,00-0037228,0.0,0.0,0.0,0.0,0.003624286905618963,0.0,0.0,0.0,0.0,1,true,9
2023,00-0037238,0.0,0.0,0.0,0.0,0.0,0.008835311502261495,0.012386296639907916,0.0,0.0,2,true,9
2023,00-0037239,0.0,0.0,0.0,0.0,0.0,0.024677939023557968,0.015407344600861067,0.0,0.0,2,true,9
2023,00-0037240,0.0,0.0,0.0,0.0,0.0,0.0,0.0,0.0,0.0069817911982618126,1,true,9
2023,00-0037247,0.0,0.0,0.0,0.0,0.0,0.008835311502261495,0.012386296639907916,0.0,0.0,2,true,9
2023,00-0037248,0.0,0.0,0.0,0.007011281966141119,0.006756386700598313,0.0,0.0,0.0,0.0,2,true,9
2023,00-0037256,0.0,0.0,0.0,0.0,0.005418488344044192,0.0,0.0,0.0,0.0,1,true,9
2023,00-0037258,0.0,0.0,0.0,0.019670541071673694,0.008168168996245723,0.0,0.0,0.0,0.01108872719723935,3,true,9
2023,00-0037263,0.0,0.0,0.0,0.0,0.005418488344044192,0.0,0.0,0.0,0.0,1,true,9
2023,00-0037267,0.0,0.0,0.0,0.0,0.003624286905618963,0.0,0.0,0.0,0.0,1,true,9
2023,00-0037299,0.0,0.0,0.0,0.0,0.003624286905618963,0.0,0.0,0.0,0.0,1,true,9
2023,00-0037545,0.0,0.0,0.0,0.0,0.0,0.008835311502261495,0.0,0.0,0.0,1,true,9
2023,00-0037563,0.0,0.0,0.0,0.0,0.003624286905618963,0.0,0.0,0.0,0.0,1,true,9
2023,00-0037614,0.0,0.0,0.0,0.0,0.0,0.0,0.0,0.0,0.02692976605043842,1,true,9
2023,00-0037617,0.0,0.0,0.0,0.0,0.003624286905618963,0.0,0.0,0.0,0.0,1,true,9
2023,00-0037740,0.0,0.0,0.0,0.0,0.0,0.03407905865158005,0.03509450714640576,0.0,0.0,2,true,9
2023,00-0037746,0.0,0.0,0.0,0.013885087815299077,0.01765378460478914,0.0,0.0,0.0,0.0,2,true,9
2023,00-0037834,0.01790578043394227,0.010700686439827495,0.013537941589056156,0.0,0.0,0.0,0.0,0.0,0.0,3,true,9
2023,00-0037840,0.0,0.0,0.0,0.0,0.005418488344044192,0.0,0.0,0.0,0.0,1,true,9
2023,00-0038102,0.01790578043394227,0.010700686439827495,0.008523889148664986,0.0,0.0,0.0,0.0,0.0,0.0,3,true,9
2023,00-0038108,0.004861834422461147,0.0,0.0,0.0,0.0,0.0,0.0,0.0,0.0,1,true,9
2023,00-0038120,0.0,0.0,0.0,0.019670541071673694,0.02104874318263321,0.0,0.0,0.0,0.02692976605043842,3,true,9
2023,00-0038122,0.004861834422461147,0.005690047551336843,0.006835990307345188,0.0,0.0,0.0,0.0,0.0,0.0,3,true,9
2023,00-0038124,0.0,0.0,0.0,0.0,0.0,0.014032553562415315,0.015407344600861067,0.0,0.0,2,true,9
2023,00-0038134,0.0,0.0,0.0,0.03078867298175013,0.023794231423846235,0.0,0.0,0.0,0.0,2,true,9
2023,00-0038397,0.0,0.0,0.0,0.0,0.0,0.0,0.0,0.005230820921562295,0.0,1,true,9
2023,00-0038542,0.0,0.0,0.0,0.08331052689179447,0.04209748636526642,0.0,0.0,0.1883095531762426,0.0,3,true,9
2023,00-0038543,0.0,0.0,0.0,0.0,0.0,0.005914547369282488,0.0,0.05069872585514224,0.0,2,true,9
2023,00-0038544,0.0,0.0,0.0,0.0,0.0,0.005914547369282488,0.0,0.03138492552937377,0.0,2,true,9
2023,00-0038550,0.0,0.0,0.0,0.0,0.0,0.0,0.0,0.01292320462974214,0.0,1,true,9
2023,00-0038555,0.0,0.0,0.0,0.0,0.005418488344044192,0.0,0.0,0.016075205758947542,0.0,2,true,9
2023,00-0038558,0.0,0.0,0.0,0.0,0.0,0.0,0.0,0.006525578575414348,0.0,1,true,9
2023,00-0038582,0.0,0.0,0.0,0.0,0.0,0.0,0.0,0.006525578575414348,0.0,1,true,9
2023,00-0038597,0.0,0.0,0.0,0.0,0.003624286905618963,0.0,0.0,0.0,0.0,1,true,9
2023,00-0038933,0.0,0.0,0.0,0.0,0.0,0.0,0.0,0.021260756003769327,0.0,1,true,9
2023,00-0038938,0.0,0.0,0.0,0.0,0.0,0.0,0.0,0.02534936292757112,0.0,1,true,9
2023,00-0038941,0.0,0.0,0.0,0.0,0.0,0.0,0.0,0.006525578575414348,0.0,1,true,9
2023,00-0038976,0.0,0.0,0.0,0.0,0.0,0.0,0.0,0.008136832544652459,0.0,1,true,9
2023,00-0038979,0.0,0.0,0.0,0.0,0.0,0.0,0.0,0.01080464649371884,0.0,1,true,9
2023,00-0038994,0.0,0.0,0.0,0.0,0.0,0.007085744868150308,0.0,0.03876961388922642,0.0,2,true,9
2023,00-0038997,0.0,0.0,0.0,0.0,0.0,0.0,0.0,0.01292320462974214,0.0,1,true,9
2023,00-0038998,0.0,0.0,0.0,0.0,0.0,0.0,0.0,0.005230820921562295,0.0,1,true,9
2023,00-0039021,0.0,0.0,0.0,0.0,0.0,0.0,0.0,0.021260756003769327,0.0,1,true,9
2023,00-0039032,0.0,0.0,0.0,0.0,0.0,0.0,0.0,0.016075205758947542,0.0,1,true,9
2023,00-0039040,0.0,0.0,0.0,0.0,0.0,0.0,0.0,0.021260756003769327,0.0,1,true,9
2023,00-0039052,0.0,0.0,0.0,0.0,0.0,0.0,0.0,0.008136832544652459,0.0,1,true,9
2023,00-0039064,0.0,0.0,0.0,0.0,0.0,0.005914547369282488,0.0,0.03876961388922642,0.0,2,true,9
2023,00-0039065,0.0,0.0,0.0,0.0,0.0,0.0,0.0,0.009837066210699241,0.0,1,true,9
2023,00-0039066,0.0,0.0,0.0,0.0,0.0,0.0,0.0,0.01080464649371884,0.0,1,true,9
2023,00-0039067,0.0,0.0,0.0,0.0,0.0,0.0,0.0,0.021260756003769327,0.0,1,true,9
2023,00-0039139,0.0,0.0,0.0,0.010569245948959,0.015201870076346205,0.0,0.0,0.07753922777845285,0.0,3,true,9
2023,00-0039144,0.0,0.0,0.0,0.0,0.0,0.0,0.0,0.006525578575414348,0.0,1,true,9
2023,00-0039146,0.0,0.0,0.0,0.0,0.0,0.0,0.0,0.01292320462974214,0.0,1,true,9
2023,00-0039150,0.004861834422461147,0.008851185079857311,0.008523889148664986,0.0,0.0,0.0,0.0,0.1198333520212453,0.0,4,true,9
2023,00-0039152,0.0,0.0,0.0,0.0,0.0,0.0,0.0,0.021260756003769327,0.0,1,true,9
2023,00-0039163,0.0036524228745852395,0.008851185079857311,0.006835990307345188,0.0,0.0,0.0,0.0,0.06937720380177359,0.0,4,true,9
2023,00-0039164,0.0,0.004747986698466505,0.004572417357893138,0.013885087815299077,0.0,0.0,0.0,0.08238542951460615,0.0,4,true,9
2023,00-0039165,0.0,0.0,0.0,0.0,0.005418488344044192,0.0,0.0,0.016075205758947542,0.0,2,true,9
2024,00-0023459,0.046028253968519575,0.02727131407444192,0.044990257210508665,0.0,0.0,0.0,0.0,0.0,0.2504329593281816,4,true,9
2024,00-0026158,0.0,0.0,0.0028679048421041383,0.0,0.0,0.0,0.0,0.0,0.0,1,true,9
2024,00-0026498,0.023756518177300425,0.04431588537096812,0.0342782912080066,0.0,0.0,0.0,0.0,0.0,0.0,3,true,9
2024,00-0029263,0.004877165983419292,0.0,0.00888696438726097,0.0,0.0,0.0,0.0,0.0,0.0,2,true,9
2024,00-0029604,0.01796224545112959,0.04727027772903266,0.044990257210508665,0.0,0.0,0.0,0.0,0.0,0.11478177302541655,4,true,9
2024,00-0030035,0.0,0.0,0.0,0.0,0.0,0.005980284211189974,0.004863362342542594,0.0,0.0,2,true,9
2024,00-0030061,0.0,0.0,0.0,0.0,0.0,0.0024099652791362584,0.0,0.0,0.0,1,true,9
2024,00-0030279,0.0,0.0,0.0,0.0,0.0,0.013455639475177443,0.009631364639152979,0.0,0.0,2,true,9
2024,00-0030506,0.0024466845963332664,0.0,0.0,0.0,0.0,0.01181470783186312,0.013644433238800054,0.0,0.0,3,true,9
2024,00-0030564,0.0014699641985954353,0.0,0.0,0.0,0.0,0.0,0.011980477965775657,0.0,0.0,2,true,9
2024,00-0030565,0.007291604589072407,0.015414220998597605,0.01755717354556436,0.0,0.0,0.0,0.0,0.0,0.0,3,true,9
2024,00-0031235,0.0,0.0,0.0,0.0,0.0,0.0,0.0,0.0,0.0022880087646262436,1,true,9
2024,00-0031236,0.0,0.0,0.0,0.0,0.0,0.0032079670271946224,0.0,0.0,0.0,1,true,9
2024,00-0031280,0.0024466845963332664,0.010582897999037163,0.014114590497414484,0.0,0.0,0.0,0.0,0.0,0.0,3,true,9
2024,00-0031381,0.0024466845963332664,0.0,0.0,0.0,0.0,0.023066810528875614,0.018892292176800076,0.0,0.0,3,true,9
2024,00-0031408,0.0014699641985954353,0.0,0.0,0.0,0.0,0.01863088542716877,0.028894093917458938,0.0,0.0,3,true,9
2024,00-0031503,0.0,0.0,0.0028679048421041383,0.0,0.0,0.0,0.0,0.0,0.0,1,true,9
2024,00-0031544,0.0,0.0,0.0,0.0,0.0,0.01181470783186312,0.009631364639152979,0.0,0.0,2,true,9
2024,00-0031550,0.0,0.0,0.0,0.0,0.0,0.0,0.0,0.0,0.0022880087646262436,1,true,9
2024,00-0031583,0.0,0.0,0.0,0.0,0.0,0.0,0.0,0.0,0.0022880087646262436,1,true,9
2024,00-0031588,0.0024466845963332664,0.0,0.0,0.0,0.0,0.01863088542716877,0.01584514827731619,0.0,0.0,3,true,9
2024,00-0031687,0.0024466845963332664,0.0,0.0,0.011248323489827136,0.04487193339183091,0.0,0.0,0.0,0.0,3,true,9
2024,00-0032211,0.0,0.0,0.0,0.0,0.0,0.005980284211189974,0.0073313372626388346,0.0,0.0,2,true,9
2024,00-0032415,0.0,0.0,0.0,0.0,0.0,0.0,0.0,0.0,0.006818719189628707,1,true,9
2024,00-0032762,0.0014699641985954353,0.0,0.0,0.0,0.0,0.0,0.0,0.0,0.0,1,true,9
2024,00-0032764,0.0024466845963332664,0.0,0.0,0.052151317998289454,0.10256441918132779,0.0,0.0,0.0,0.0,3,true,9
2024,00-0033009,0.0,0.0,0.0,0.0,0.0,0.0024099652791362584,0.0,0.0,0.0,1,true,9
2024,00-0033040,0.007291604589072407,0.0,0.0,0.0,0.0,0.08807327656479781,0.0491199596596802,0.0,0.0,3,true,9
2024,00-0033045,0.0,0.0,0.0,0.0,0.010715685586108874,0.0,0.0,0.0,0.0,1,true,9
2024,00-0033077,0.038760634920858586,0.08341813716888116,0.07577306477559353,0.0,0.0,0.0,0.0,0.0,0.0,3,true,9
2024,00-0033090,0.0,0.0,0.0,0.0,0.0,0.0024099652791362584,0.0,0.0,0.0,1,true,9
2024,00-0033106,0.03201965493462231,0.07878379621505442,0.044990257210508665,0.0,0.0,0.0,0.0,0.0,0.0,3,true,9
2024,00-0033119,0.0,0.0,0.004767179571974429,0.0,0.0,0.0,0.0,0.0,0.0,1,true,9
2024,00-0033156,0.0,0.0,0.0,0.0,0.0,0.0,0.0,0.0,0.008502353557438263,1,true,9
2024,00-0033280,0.01796224545112959,0.0,0.0,0.14341612449529598,0.11045398988758379,0.0032079670271946224,0.004863362342542594,0.0,0.0,5,true,9
2024,00-0033282,0.0,0.0,0.0,0.0,0.0,0.0,0.006064192550577802,0.0,0.0,1,true,9
2024,00-0033288,0.0014699641985954353,0.0,0.0,0.0,0.0,0.007229895837408775,0.006064192550577802,0.0,0.0,3,true,9
2024,00-0033293,0.0,0.0,0.0,0.011248323489827136,0.008863591781102402,0.0,0.0,0.0,0.0,2,true,9
2024,00-0033307,0.0,0.0,0.0,0.0,0.0,0.0032079670271946224,0.009631364639152979,0.0,0.0,2,true,9
2024,00-0033375,0.0,0.0,0.0,0.0,0.0,0.0,0.0,0.0,0.008502353557438263,1,true,9
2024,00-0033536,0.0,0.0,0.0,0.0,0.0,0.0,0.0073313372626388346,0.0,0.006818719189628707,2,true,9
2024,00-0033537,0.010991821843228555,0.015414220998597605,0.00888696438726097,0.0,0.0,0.0,0.0,0.0,0.016797332637865838,4,true,9
2024,00-0033553,0.0,0.0,0.0,0.011248323489827136,0.014077469299397932,0.0,0.0,0.0,0.0,2,true,9
2024,00-0033571,0.0,0.0,0.0,0.0,0.0,0.0,0.0,0.0,0.0022880087646262436,1,true,9
2024,00-0033699,0.0,0.0,0.0,0.004552892841120508,0.008863591781102402,0.0,0.0,0.0,0.0,2,true,9
2024,00-0033868,0.003663940614409518,0.0,0.0,0.0,0.0,0.0,0.0,0.0,0.0,1,true,9
2024,00-0033873,0.12274201058271886,0.11817569432258164,0.09597921538241849,0.0,0.0,0.0,0.0,0.0,0.0,3,true,9
2024,00-0033884,0.0,0.0,0.0,0.0,0.0,0.0,0.0,0.0,0.00456086515332781,1,true,9
2024,00-0033885,0.0,0.0,0.0,0.0,0.0,0.0053231101220482194,0.0,0.0,0.0,1,true,9
2024,00-0033886,0.0024466845963332664,0.0,0.0,0.0,0.0,0.0,0.0,0.0,0.0,1,true,9
2024,00-0033897,0.0,0.0,0.0,0.018505306386489805,0.027613497471895947,0.0,0.0,0.0,0.0,2,true,9
2024,00-0033906,0.0,0.0,0.0,0.013991817023931317,0.008863591781102402,0.0,0.0,0.0,0.0,2,true,9
2024,00-0033908,0.0024466845963332664,0.0,0.0,0.0,0.0,0.015625903906657676,0.021356504199860953,0.0,0.0,3,true,9
2024,00-0033921,0.0,0.0,0.0,0.0,0.0,0.005980284211189974,0.0073313372626388346,0.0,0.0,2,true,9
2024,00-0033943,0.0,0.0,0.0,0.0,0.0,0.0,0.006064192550577802,0.0,0.0,1,true,9
2024,00-0033948,0.0,0.0,0.0,0.0037991026356369796,0.0,0.0,0.0,0.0,0.0,1,true,9
2024,00-0034184,0.0,0.0,0.0,0.011248323489827136,0.011769687447037616,0.0,0.0,0.0,0.0,2,true,9
2024,00-0034344,0.0,0.0,0.0,0.0,0.0,0.0,0.0,0.0,0.0022880087646262436,1,true,9
2024,00-0034348,0.0,0.0,0.0,0.0,0.0,0.005980284211189974,0.009631364639152979,0.0,0.0,2,true,9
2024,00-0034753,0.0014699641985954353,0.0,0.0,0.0,0.0,0.01181470783186312,0.011980477965775657,0.0,0.006818719189628707,4,true,9
2024,00-0034775,0.0,0.0,0.0,0.0,0.0,0.007229895837408775,0.006064192550577802,0.0,0.0,2,true,9
2024,00-0034777,0.0,0.0,0.0,0.0,0.0,0.0,0.011980477965775657,0.0,0.0,1,true,9
2024,00-0034791,0.0,0.0,0.0,0.02206401915312246,0.023159707557074017,0.0,0.0,0.0,0.0626082398320454,3,true,9
2024,00-0034796,0.04332070961743019,0.010582897999037163,0.023220777915101246,0.008562156686286328,0.014077469299397932,0.0,0.0,0.0,0.0,5,true,9
2024,00-0034827,0.0,0.0,0.0,0.0,0.0,0.023066810528875614,0.0,0.0,0.0,1,true,9
2024,00-0034832,0.0,0.0,0.0,0.0,0.0,0.0,0.0,0.0,0.005465798715496026,1,true,9
2024,00-0034837,0.0,0.0,0.0,0.0,0.0,0.015625903906657676,0.009631364639152979,0.0,0.0,2,true,9
2024,00-0034844,0.0024466845963332664,0.0,0.0,0.07170806224764799,0.04487193339183091,0.0,0.0,0.0,0.0,3,true,9
2024,00-0034855,0.010991821843228555,0.01729400404720707,0.01755717354556436,0.0,0.0,0.0,0.0,0.0,0.0,3,true,9
2024,00-0034857,0.07752126984171717,0.03376448409216618,0.055372624259087594,0.0,0.03778689127733129,0.0,0.0,0.0,0.0,4,true,9
2024,00-0034869,0.003663940614409518,0.0,0.01755717354556436,0.0,0.0,0.0,0.0,0.0,0.0626082398320454,3,true,9
2024,00-0034960,0.0,0.0,0.0,0.0,0.0,0.003844468421479269,0.013644433238800054,0.0,0.0,2,true,9
2024,00-0034973,0.0024466845963332664,0.0,0.0,0.0,0.0,0.0,0.0,0.0,0.0,1,true,9
2024,00-0034975,0.0,0.0,0.0,0.0037991026356369796,0.0,0.0,0.0,0.0,0.0,1,true,9
2024,00-0034982,0.0,0.0,0.0,0.0,0.0,0.0,0.0,0.0,0.0022880087646262436,1,true,9
2024,00-0035216,0.0,0.0,0.0,0.0,0.0,0.0,0.009631364639152979,0.0,0.0,1,true,9
2024,00-0035228,0.014440236539143395,0.013903022861480194,0.019995669871337184,0.004552892841120508,0.007108425091775193,0.0,0.0,0.0,0.03279479229297616,6,true,9
2024,00-0035229,0.0,0.0,0.0,0.0,0.0,0.0,0.006064192550577802,0.0,0.006818719189628707,2,true,9
2024,00-0035243,0.0,0.0,0.0,0.004552892841120508,0.0,0.0,0.0,0.0,0.0,1,true,9
2024,00-0035250,0.0,0.0,0.0,0.0070822777528541225,0.0,0.0,0.0,0.0,0.0,1,true,9
2024,00-0035261,0.0,0.0,0.0,0.005679846514665188,0.0,0.0,0.0,0.0,0.0,1,true,9
2024,00-0035289,0.0024466845963332664,0.0,0.004767179571974429,0.0,0.0,0.0,0.0,0.0,0.0,2,true,9
2024,00-0035535,0.0,0.0,0.0,0.0,0.0,0.0024099652791362584,0.0,0.0,0.0,1,true,9
2024,00-0035640,0.0014699641985954353,0.0,0.0,0.0,0.0,0.015625903906657676,0.018892292176800076,0.0,0.0,3,true,9
2024,00-0035659,0.0014699641985954353,0.0,0.0,0.0,0.0,0.0,0.009631364639152979,0.0,0.0,2,true,9
2024,00-0035662,0.0,0.0,0.0,0.0,0.0,0.01181470783186312,0.011980477965775657,0.0,0.0,2,true,9
2024,00-0035676,0.0024466845963332664,0.0,0.0,0.0,0.0,0.03726177085433754,0.04093329971640016,0.0,0.0,3,true,9
2024,00-0035685,0.0,0.0,0.0,0.013991817023931317,0.0422324078981938,0.0,0.0,0.0,0.0,2,true,9
2024,00-0035700,0.0,0.0,0.0,0.035854031123823994,0.03418813972710926,0.0,0.0,0.0,0.0,2,true,9
2024,00-0035710,0.004877165983419292,0.00562741401536103,0.00358131400680666,0.0,0.0,0.0,0.0,0.0,0.03279479229297616,4,true,9
2024,00-0035719,0.0024466845963332664,0.0,0.0,0.0,0.0,0.015625903906657676,0.009631364639152979,0.0,0.0,3,true,9
2024,00-0036139,0.0,0.0,0.0,0.0037991026356369796,0.007108425091775193,0.0,0.0,0.0,0.0,2,true,9
2024,00-0036158,0.0,0.0,0.0,0.0070822777528541225,0.0,0.0,0.0,0.0,0.03279479229297616,2,true,9
2024,00-0036196,0.0,0.0,0.0,0.0,0.0,0.005980284211189974,0.009631364639152979,0.0,0.0,2,true,9
2024,00-0036212,0.028325079365242815,0.0746372806247884,0.044990257210508665,0.0,0.0,0.0,0.0,0.0,0.0,3,true,9
2024,00-0036223,0.0024466845963332664,0.0,0.0,0.08195207114016913,0.04786339561795297,0.0,0.0,0.0,0.0,3,true,9
2024,00-0036251,0.0,0.0,0.0,0.011248323489827136,0.017510998396812062,0.0,0.0,0.0,0.0,2,true,9
2024,00-0036252,0.0,0.0,0.0,0.0,0.0,0.023066810528875614,0.009631364639152979,0.0,0.0,2,true,9
2024,00-0036261,0.0,0.0,0.0,0.0,0.0,0.01863088542716877,0.01584514827731619,0.0,0.0,2,true,9
2024,00-0036264,0.04909680423308754,0.04431588537096812,0.044990257210508665,0.0,0.0,0.0,0.0,0.0,0.0,3,true,9
2024,00-0036275,0.0,0.0,0.0,0.011248323489827136,0.0,0.0,0.0,0.0,0.0,1,true,9
2024,00-0036290,0.0,0.0,0.0,0.0,0.0,0.003844468421479269,0.004863362342542594,0.0,0.0,2,true,9
2024,00-0036309,0.0,0.0,0.0,0.0,0.0,0.0032079670271946224,0.0,0.0,0.0,1,true,9
2024,00-0036322,0.005844857646796136,0.0,0.0,0.0,0.0,0.05382255790070977,0.04093329971640016,0.0,0.0,3,true,9
2024,00-0036355,0.023756518177300425,0.019695949053763605,0.023220777915101246,0.0,0.0,0.0,0.0,0.0,0.011290010461516384,4,true,9
2024,00-0036358,0.003663940614409518,0.0,0.0,0.0,0.0,0.06055037763829849,0.0517052206944002,0.0,0.0,3,true,9
2024,00-0036361,0.0,0.0,0.0,0.0,0.0,0.0,0.0,0.0,0.006818719189628707,1,true,9
2024,00-0036389,0.06695018759057393,0.022872715030177092,0.0342782912080066,0.0,0.04487193339183091,0.0,0.0,0.0,0.0,4,true,9
2024,00-0036407,0.0,0.0,0.0,0.0,0.0,0.0053231101220482194,0.006064192550577802,0.0,0.0,2,true,9
2024,00-0036410,0.0,0.0,0.0,0.0,0.0,0.005980284211189974,0.018892292176800076,0.0,0.0,2,true,9
2024,00-0036442,0.07364520634963131,0.0746372806247884,0.05998700961401155,0.0,0.0,0.0,0.0,0.0,0.19676875375785696,4,true,9
2024,00-0036554,0.0,0.0,0.0,0.0,0.0,0.023066810528875614,0.02339045698080009,0.0,0.0,2,true,9
2024,00-0036555,0.0,0.0,0.0,0.004552892841120508,0.0,0.0,0.0,0.0,0.0,1,true,9
2024,00-0036564,0.0,0.0,0.0,0.0,0.0,0.0,0.0,0.0,0.00456086515332781,1,true,9
2024,00-0036613,0.0,0.0,0.0,0.0,0.0,0.01863088542716877,0.011980477965775657,0.0,0.0,2,true,9
2024,00-0036875,0.0,0.0,0.0,0.011248323489827136,0.010715685586108874,0.0,0.0,0.0,0.0,2,true,9
2024,00-0036893,0.0,0.0,0.0,0.008562156686286328,0.008863591781102402,0.0,0.0,0.0,0.0,2,true,9
2024,00-0036900,0.004877165983419292,0.0,0.0,0.0,0.0,0.048440302110638794,0.04465450878152745,0.0,0.0,3,true,9
2024,00-0036906,0.0,0.0,0.0,0.005679846514665188,0.0,0.0,0.0,0.0,0.0,1,true,9
2024,00-0036912,0.0,0.0,0.0,0.0,0.0,0.02106100091766904,0.01584514827731619,0.0,0.0,2,true,9
2024,00-0036932,0.003663940614409518,0.0,0.0,0.0,0.0,0.0,0.0,0.0,0.0,1,true,9
2024,00-0036934,0.0,0.0,0.0,0.0,0.0,0.0,0.0,0.0,0.005465798715496026,1,true,9
2024,00-0036945,0.004877165983419292,0.0,0.0,0.0,0.0,0.0,0.0,0.0,0.0,1,true,9
2024,00-0036963,0.0024466845963332664,0.0,0.0,0.0,0.0,0.040366918425532326,0.03274663977312013,0.0,0.0,3,true,9
2024,00-0036970,0.0,0.0,0.0,0.0,0.0,0.007229895837408775,0.009631364639152979,0.0,0.0,2,true,9
2024,00-0036971,0.023756518177300425,0.02727131407444192,0.027686312129543797,0.0,0.0,0.0,0.0,0.0,0.0,3,true,9
2024,00-0036973,0.0,0.0,0.0,0.018505306386489805,0.023159707557074017,0.0,0.0,0.0,0.0,2,true,9
2024,00-0036980,0.0,0.0,0.0,0.0,0.0,0.003844468421479269,0.0,0.0,0.0,1,true,9
2024,00-0036997,0.0,0.0,0.0,0.005679846514665188,0.0,0.0,0.0,0.0,0.0,1,true,9
2024,00-0037197,0.0014699641985954353,0.0,0.0,0.02206401915312246,0.027613497471895947,0.0,0.0,0.0,0.0,3,true,9
2024,00-0037228,0.0,0.0,0.0,0.011248323489827136,0.0,0.0,0.0,0.0,0.0,1,true,9
2024,00-0037236,0.0014699641985954353,0.0,0.0,0.0,0.0,0.0,0.0,0.0,0.0,1,true,9
2024,00-0037238,0.0,0.0,0.0,0.0,0.0,0.02549489584770463,0.01584514827731619,0.0,0.0,2,true,9
2024,00-0037239,0.0014699641985954353,0.0,0.0,0.0,0.0,0.023066810528875614,0.01584514827731619,0.0,0.0,3,true,9
2024,00-0037240,0.0,0.0,0.0,0.0,0.0,0.005980284211189974,0.006064192550577802,0.0,0.0,2,true,9
2024,00-0037247,0.0,0.0,0.0,0.0,0.0,0.01181470783186312,0.006064192550577802,0.0,0.0,2,true,9
2024,00-0037248,0.0,0.0,0.0,0.018505306386489805,0.014077469299397932,0.0,0.0,0.0,0.0,2,true,9
2024,00-0037256,0.0,0.0,0.0,0.011248323489827136,0.014077469299397932,0.0,0.0,0.0,0.0,2,true,9
2024,00-0037258,0.0,0.0,0.0,0.0028540522287621092,0.0,0.0,0.0,0.0,0.0,1,true,9
2024,00-0037263,0.0,0.0,0.0,0.0037991026356369796,0.0,0.0,0.0,0.0,0.0,1,true,9
2024,00-0037267,0.0,0.0,0.0,0.0037991026356369796,0.0,0.0,0.0,0.0,0.0,1,true,9
2024,00-0037276,0.0,0.0,0.0,0.0037991026356369796,0.0,0.0,0.0,0.0,0.0,1,true,9
2024,00-0037545,0.0,0.0,0.0,0.0,0.0,0.0024099652791362584,0.0,0.0,0.0,1,true,9
2024,00-0037740,0.0014699641985954353,0.0,0.0,0.0,0.0,0.030275188819149246,0.03274663977312013,0.0,0.0,3,true,9
2024,00-0037741,0.0,0.0,0.0,0.0,0.0,0.0,0.0073313372626388346,0.0,0.0,1,true,9
2024,00-0037744,0.0,0.0,0.0,0.0,0.0,0.005980284211189974,0.006064192550577802,0.0,0.0,2,true,9
2024,00-0037746,0.0,0.0,0.0,0.0070822777528541225,0.008863591781102402,0.0,0.0,0.0,0.0,2,true,9
2024,00-0037801,0.0,0.0,0.0,0.0,0.0,0.0,0.0073313372626388346,0.0,0.0,1,true,9
2024,00-0037816,0.0,0.0,0.0,0.0,0.0,0.003844468421479269,0.006064192550577802,0.0,0.0,2,true,9
2024,00-0037834,0.038760634920858586,0.02727131407444192,0.055372624259087594,0.0,0.0,0.0,0.0,0.0,0.0,3,true,9
2024,00-0037840,0.0,0.0,0.0,0.04412803830624492,0.03778689127733129,0.0,0.0,0.0,0.0,2,true,9
2024,00-0038040,0.0,0.0,0.0,0.027317357046723043,0.0,0.0,0.0,0.0,0.0,1,true,9
2024,00-0038041,0.0,0.0,0.0,0.0,0.0,0.0,0.006064192550577802,0.0,0.0,1,true,9
2024,00-0038120,0.0029340719661207697,0.0,0.0,0.0637404997756871,0.03418813972710926,0.0,0.0,0.0,0.0,3,true,9
2024,00-0038122,0.0024466845963332664,0.0,0.0,0.0,0.0,0.0,0.0,0.0,0.0,1,true,9
2024,00-0038124,0.0,0.0,0.0,0.0,0.0,0.005980284211189974,0.02339045698080009,0.0,0.0,2,true,9
2024,00-0038134,0.0,0.0,0.0,0.018505306386489805,0.027613497471895947,0.0,0.0,0.0,0.0,2,true,9
2024,00-0038393,0.0,0.0,0.0,0.0,0.0,0.0,0.006064192550577802,0.0,0.0,1,true,9
2024,00-0038454,0.0,0.0,0.0,0.0070822777528541225,0.0,0.0,0.0,0.0,0.006818719189628707,2,true,9
2024,00-0038542,0.0029340719661207697,0.0,0.0,0.04412803830624492,0.03418813972710926,0.0,0.0,0.0,0.0,3,true,9
2024,00-0038543,0.0,0.0,0.0,0.0,0.0,0.007229895837408775,0.006064192550577802,0.0,0.0,2,true,9
2024,00-0038544,0.0,0.0,0.0,0.0,0.0,0.0032079670271946224,0.0,0.0,0.0,1,true,9
2024,00-0038559,0.0,0.0,0.0,0.0,0.0,0.003844468421479269,0.006064192550577802,0.0,0.0,2,true,9
2024,00-0038579,0.0,0.0,0.004767179571974429,0.0,0.0,0.0,0.0,0.0,0.0,1,true,9
2024,00-0038597,0.0,0.0,0.0,0.004552892841120508,0.0,0.0,0.0,0.0,0.0,1,true,9
2024,00-0038933,0.0,0.0,0.0,0.0,0.0,0.003844468421479269,0.0,0.0,0.0,1,true,9
2024,00-0038977,0.0,0.0,0.0,0.0,0.0,0.0,0.009631364639152979,0.0,0.011290010461516384,2,true,9
2024,00-0038994,0.0,0.0,0.0,0.0,0.0,0.00949809845306643,0.006064192550577802,0.0,0.0,2,true,9
2024,00-0038997,0.0,0.0,0.0,0.0,0.0,0.0,0.004863362342542594,0.0,0.0,1,true,9
2024,00-0039040,0.0,0.0,0.0,0.027317357046723043,0.027613497471895947,0.0,0.0,0.0,0.0,2,true,9
2024,00-0039064,0.0,0.0,0.0,0.0,0.0,0.01181470783186312,0.009631364639152979,0.0,0.0,2,true,9
2024,00-0039065,0.0,0.0,0.0,0.0,0.0,0.00949809845306643,0.013644433238800054,0.0,0.0,2,true,9
2024,00-0039067,0.0,0.0,0.0,0.0,0.0,0.005980284211189974,0.011980477965775657,0.0,0.0,2,true,9
2024,00-0039075,0.003663940614409518,0.0,0.0,0.0,0.0,0.023066810528875614,0.02339045698080009,0.0,0.0,3,true,9
2024,00-0039108,0.0014699641985954353,0.0,0.0,0.0,0.0,0.0,0.0,0.0,0.0,1,true,9
2024,00-0039139,0.0024466845963332664,0.0,0.0,0.02206401915312246,0.027613497471895947,0.0,0.0,0.0,0.0,3,true,9
2024,00-0039146,0.0,0.0,0.0,0.0,0.0,0.00949809845306643,0.013644433238800054,0.0,0.0,2,true,9
2024,00-0039147,0.0,0.0,0.0,0.0,0.0,0.0,0.0,0.0,0.006818719189628707,1,true,9
2024,00-0039150,0.004877165983419292,0.007020338276589009,0.00888696438726097,0.0,0.0,0.0,0.0,0.0,0.0,3,true,9
2024,00-0039152,0.004877165983419292,0.02727131407444192,0.014114590497414484,0.0,0.0,0.0,0.0,0.0,0.0,3,true,9
2024,00-0039163,0.06137100529135943,0.10129345227649855,0.06544037412437624,0.0,0.0,0.0,0.0,0.0,0.0,3,true,9
2024,00-0039164,0.025394898741252177,0.007020338276589009,0.004767179571974429,0.0070822777528541225,0.03418813972710926,0.0,0.0,0.0,0.07652118201694437,6,true,9
2024,00-0039165,0.0,0.0,0.0,0.0028540522287621092,0.0,0.0,0.0,0.0,0.0,1,true,9
2024,00-0039236,0.0,0.0,0.0,0.0,0.0,0.0,0.0,0.004417228504771694,0.0,1,true,9
2024,00-0039238,0.0,0.0,0.0,0.0,0.0,0.0,0.0,0.004417228504771694,0.0,1,true,9
2024,00-0039266,0.0,0.0,0.0,0.0,0.0,0.0,0.0,0.0022159518412642053,0.0,1,true,9
2024,00-0039337,0.0,0.0,0.0,0.0,0.0,0.007229895837408775,0.006064192550577802,0.04446676694803505,0.0,3,true,9
2024,00-0039338,0.0,0.0,0.0,0.0,0.0,0.005980284211189974,0.0,0.013078460867069132,0.0,2,true,9
2024,00-0039339,0.0,0.0,0.0,0.0,0.0,0.0,0.0,0.0013313403277854805,0.0,1,true,9
2024,00-0039342,0.0,0.0,0.0,0.0,0.0,0.003844468421479269,0.004863362342542594,0.0066039752893121365,0.0,3,true,9
2024,00-0039344,0.0,0.0,0.0,0.0,0.0,0.0,0.0,0.0066039752893121365,0.0,1,true,9
2024,00-0039355,0.0,0.0,0.0,0.0,0.0,0.0,0.0,0.002657376510838748,0.0,1,true,9
2024,00-0039356,0.0,0.0,0.0,0.0,0.0,0.0,0.0,0.004417228504771694,0.0,1,true,9
2024,00-0039359,0.0,0.0,0.0,0.0,0.0,0.0,0.0,0.0033184154438832126,0.0,1,true,9
2024,00-0039361,0.0,0.0,0.0,0.0,0.0,0.0,0.0,0.004417228504771694,0.0,1,true,9
2024,00-0039363,0.0,0.0,0.0,0.0,0.0,0.0,0.0,0.004417228504771694,0.0,1,true,9
2024,00-0039365,0.0,0.0,0.0,0.0,0.0,0.0,0.0,0.0022159518412642053,0.0,1,true,9
2024,00-0039373,0.0,0.0,0.0,0.0,0.0,0.0,0.0,0.005293662731908934,0.0,1,true,9
2024,00-0039376,0.0,0.0,0.0028679048421041383,0.0,0.0,0.0,0.0,0.008234586471858343,0.0,2,true,9
2024,00-0039379,0.0,0.0,0.0,0.0,0.0,0.0,0.0,0.004417228504771694,0.0,1,true,9
2024,00-0039384,0.0,0.0,0.0,0.0,0.0,0.0,0.0,0.0033184154438832126,0.0,1,true,9
2024,00-0039391,0.0,0.0,0.0,0.0,0.0,0.0,0.0,0.002657376510838748,0.0,1,true,9
2024,00-0039393,0.0,0.0,0.0,0.0,0.0,0.0,0.0,0.0022159518412642053,0.0,1,true,9
2024,00-0039398,0.0,0.0,0.0,0.0,0.0,0.0,0.0,0.004417228504771694,0.0,1,true,9
2024,00-0039407,0.0,0.0,0.0,0.0,0.0,0.0,0.0,0.002657376510838748,0.0,1,true,9
2024,00-0039415,0.0,0.0,0.0,0.0,0.0,0.0,0.0,0.004417228504771694,0.0,1,true,9
2024,00-0039420,0.0,0.0,0.0,0.0,0.0,0.0,0.0,0.0022159518412642053,0.0,1,true,9
2024,00-0039437,0.0,0.0,0.0,0.0,0.0,0.0,0.0,0.002657376510838748,0.0,1,true,9
2024,00-0039455,0.0,0.0,0.0,0.0,0.0,0.0,0.0,0.0013313403277854805,0.0,1,true,9
2024,00-0039464,0.0,0.0,0.0,0.0,0.0,0.0,0.0,0.0013313403277854805,0.0,1,true,9
2024,00-0039471,0.0,0.0,0.0,0.0,0.0,0.0,0.0,0.002657376510838748,0.0,1,true,9
2024,00-0039491,0.0,0.0,0.0,0.0,0.0,0.0,0.0,0.0022159518412642053,0.0,1,true,9
2024,00-0039552,0.0,0.0,0.0,0.0,0.0,0.0,0.0,0.0013313403277854805,0.0,1,true,9
2024,00-0039647,0.0,0.0,0.0,0.0,0.0,0.0,0.0,0.004417228504771694,0.0,1,true,9
2024,00-0039677,0.0,0.0,0.0,0.0,0.0,0.0,0.0,0.0033184154438832126,0.0,1,true,9
2024,00-0039683,0.0,0.0,0.0,0.0,0.0,0.0,0.0,0.0013313403277854805,0.0,1,true,9
2024,00-0039703,0.0,0.0,0.0,0.0,0.0,0.0,0.0,0.0013313403277854805,0.0,1,true,9
2024,00-0039731,0.0,0.0,0.0,0.0,0.0,0.0,0.0,0.0013313403277854805,0.0,1,true,9
2024,00-0039732,0.0024466845963332664,0.007020338276589009,0.00888696438726097,0.0,0.0,0.0,0.0,0.06670015042205257,0.0,4,true,9
2024,00-0039737,0.0,0.0,0.0,0.0,0.0,0.0,0.0,0.0013313403277854805,0.0,1,true,9
2024,00-0039738,0.0,0.0,0.0,0.005679846514665188,0.0,0.0,0.0,0.009955246331649638,0.0,2,true,9
2024,00-0039739,0.0,0.0,0.0,0.0,0.0,0.0,0.0,0.004417228504771694,0.0,1,true,9
2024,00-0039746,0.0,0.0,0.0,0.0,0.0,0.0,0.0,0.004417228504771694,0.0,1,true,9
2024,00-0039747,0.0,0.0,0.0,0.0,0.0,0.0,0.0,0.0013313403277854805,0.0,1,true,9
2024,00-0039790,0.0,0.0,0.0,0.0,0.0,0.0,0.0,0.0013313403277854805,0.0,1,true,9
2024,00-0039792,0.0,0.0,0.0,0.0,0.0,0.0,0.0,0.004417228504771694,0.0,1,true,9
2024,00-0039793,0.0,0.0,0.0,0.0,0.0,0.0,0.0,0.0013313403277854805,0.0,1,true,9
2024,00-0039794,0.0,0.0,0.0,0.0,0.0,0.0,0.0,0.0066039752893121365,0.0,1,true,9
2024,00-0039797,0.0,0.0,0.0,0.0,0.0,0.0,0.0,0.0033184154438832126,0.0,1,true,9
2024,00-0039798,0.0,0.0,0.0,0.0,0.0,0.0,0.0,0.0022159518412642053,0.0,1,true,9
2024,00-0039810,0.0,0.0,0.0,0.0,0.0,0.0,0.0,0.0066039752893121365,0.0,1,true,9
2024,00-0039811,0.0,0.0,0.0,0.0,0.0,0.0,0.0,0.008234586471858343,0.0,1,true,9
2024,00-0039814,0.0,0.0,0.0,0.0,0.0,0.0,0.0,0.004417228504771694,0.0,1,true,9
2024,00-0039847,0.0,0.0,0.0,0.0,0.0,0.0,0.0,0.0022159518412642053,0.0,1,true,9
2024,00-0039849,0.0,0.0,0.0,0.0,0.0,0.0,0.011980477965775657,0.08337518802756572,0.0,2,true,9
2024,00-0039851,0.0,0.0,0.004767179571974429,0.0,0.0,0.0,0.0,0.039235382601207396,0.0,2,true,9
2024,00-0039853,0.0,0.0,0.0,0.0,0.0,0.0,0.0,0.004417228504771694,0.0,1,true,9
2024,00-0039855,0.0,0.0,0.0,0.0,0.0,0.0,0.0,0.005293662731908934,0.0,1,true,9
2024,00-0039868,0.0,0.0,0.0,0.0,0.0,0.0,0.0,0.004417228504771694,0.0,1,true,9
2024,00-0039871,0.0,0.0,0.0,0.0,0.0,0.0,0.0,0.0013313403277854805,0.0,1,true,9
2024,00-0039874,0.0,0.0,0.0,0.0028540522287621092,0.0,0.0,0.0,0.0066039752893121365,0.0,2,true,9
2024,00-0039875,0.0,0.0,0.0,0.0,0.0,0.0,0.0,0.004417228504771694,0.0,1,true,9
2024,00-0039880,0.0,0.0,0.0,0.0,0.0,0.0,0.0,0.0033184154438832126,0.0,1,true,9
2024,00-0039884,0.0,0.0,0.0,0.0,0.0,0.0,0.0,0.0022159518412642053,0.0,1,true,9
2024,00-0039890,0.0,0.0,0.0,0.0,0.0,0.0,0.0,0.008234586471858343,0.0,1,true,9
2024,00-0039893,0.0,0.0,0.0,0.0,0.0,0.00949809845306643,0.006064192550577802,0.016268329371232335,0.0,3,true,9
2024,00-0039894,0.0,0.0,0.0,0.0,0.0,0.005980284211189974,0.0073313372626388346,0.0317619763914536,0.0,3,true,9
2024,00-0039897,0.0,0.0,0.0,0.0,0.0,0.0,0.0,0.0013313403277854805,0.0,1,true,9
2024,00-0039901,0.0,0.0,0.0,0.0,0.0,0.005980284211189974,0.006064192550577802,0.01852781956168127,0.0,3,true,9
2024,00-0039907,0.0,0.0,0.0,0.0,0.0,0.0,0.0,0.0066039752893121365,0.0,1,true,9
2024,00-0039910,0.0024466845963332664,0.010582897999037163,0.014114590497414484,0.0,0.0,0.0,0.0,0.11116691737008762,0.0,4,true,9
2024,00-0039912,0.0,0.0,0.0,0.0,0.0,0.0,0.0,0.002657376510838748,0.0,1,true,9
2024,00-0039915,0.0,0.0,0.0,0.0,0.0,0.0053231101220482194,0.004863362342542594,0.016268329371232335,0.0,3,true,9
2024,00-0039916,0.0,0.0,0.0,0.0,0.0,0.0,0.0,0.008234586471858343,0.0,1,true,9
2024,00-0039917,0.0,0.0,0.00358131400680666,0.0,0.0,0.0,0.0,0.0066039752893121365,0.0,2,true,9
2024,00-0039918,0.014440236539143395,0.02727131407444192,0.0342782912080066,0.0,0.0,0.0,0.0,0.2900006540089242,0.0,4,true,9
2024,00-0039919,0.0,0.0,0.0,0.0,0.0,0.004796069515904831,0.004863362342542594,0.013078460867069132,0.0,3,true,9
2024,00-0039920,0.0,0.0,0.0,0.0,0.0,0.0,0.0,0.004417228504771694,0.0,1,true,9
2024,00-0039921,0.0,0.0,0.0,0.0037991026356369796,0.0,0.0,0.0,0.0066039752893121365,0.0,2,true,9
2024,00-0039925,0.0,0.0,0.0,0.0,0.0,0.0,0.0,0.0013313403277854805,0.0,1,true,9
2025,00-0023459,0.011048101589390713,0.012529992259528945,0.005008727282320732,0.0,0.0,0.0,0.0,0.0,0.0,3,true,9
2025,00-0026158,0.0,0.005061784952524938,0.0025126837861476096,0.0,0.0,0.0,0.0,0.0,0.0,2,true,9
2025,00-0026498,0.01872039435980093,0.03639664418244122,0.024397349020336467,0.0,0.0,0.0,0.0,0.0,0.0,3,true,9
2025,00-0027973,0.0,0.0,0.001509616406447965,0.0,0.0,0.0,0.0,0.0,0.0,1,true,9
2025,00-0028118,0.0,0.0,0.0025126837861476096,0.0,0.0,0.0,0.0,0.0,0.0,1,true,9
2025,00-0029263,0.0,0.005061784952524938,0.007488295243865649,0.0,0.0,0.0,0.0,0.0,0.0,2,true,9
2025,00-0029604,0.0026849968006088984,0.0,0.00933725703247445,0.0,0.0,0.0,0.0,0.0,0.0,2,true,9
2025,00-0030035,0.0,0.0,0.0,0.0,0.0,0.0,0.001420415198519035,0.0,0.0,1,true,9
2025,00-0030061,0.0,0.0,0.0,0.0,0.0,0.0028321696806421132,0.0,0.0,0.0,1,true,9
2025,00-0030279,0.0,0.0,0.0,0.0,0.0,0.0028321696806421132,0.0,0.0,0.0,1,true,9
2025,00-0030431,0.0,0.0,0.0,0.0,0.0,0.0,0.001420415198519035,0.0,0.0,1,true,9
2025,00-0030506,0.0013451780378300067,0.0,0.0,0.0,0.0,0.005636298077317473,0.013791773379168695,0.0,0.0,3,true,9
2025,00-0030564,0.0,0.0,0.0,0.0,0.0,0.0,0.005278333021657155,0.0,0.0,1,true,9
2025,00-0030565,0.006672615811414193,0.024655791220363408,0.014829761169224128,0.0,0.0,0.0,0.0,0.0,0.0,3,true,9
2025,00-0031236,0.0,0.0,0.0,0.0,0.0,0.0,0.001420415198519035,0.0,0.0,1,true,9
2025,00-0031345,0.0,0.0,0.0025126837861476096,0.0,0.0,0.0,0.0,0.0,0.0,1,true,9
2025,00-0031381,0.0013451780378300067,0.0,0.0,0.0,0.0,0.01388453916607475,0.04750499719491439,0.0,0.0,3,true,9
2025,00-0031408,0.0013451780378300067,0.0,0.0,0.0,0.0,0.007027976614926725,0.04275449747542295,0.0,0.0,3,true,9
2025,00-0031411,0.0,0.0,0.0,0.0,0.0,0.0,0.0,0.0,0.008543650901991662,1,true,9
2025,00-0031503,0.0,0.0,0.0025126837861476096,0.0,0.0,0.0,0.0,0.0,0.0,1,true,9
2025,00-0031588,0.0013451780378300067,0.0,0.0,0.0,0.0,0.009332231242771554,0.005278333021657155,0.0,0.026616758579281717,4,true,9
2025,00-0031687,0.0,0.0,0.0,0.00389760299928646,0.0013286186944510045,0.0,0.0,0.0,0.0,2,true,9
2025,00-0031800,0.0,0.0,0.0025126837861476096,0.0,0.0,0.0,0.0,0.0,0.0,1,true,9
2025,00-0032211,0.0,0.0,0.0,0.0,0.0,0.0022679924534225685,0.002127089426637958,0.0,0.0,2,true,9
2025,00-0032268,0.0,0.0,0.0025126837861476096,0.0,0.0,0.0,0.0,0.0,0.0,1,true,9
2025,00-0032762,0.0013451780378300067,0.0,0.0,0.0,0.0,0.0,0.0,0.0,0.0,1,true,9
2025,00-0032764,0.006672615811414193,0.0,0.0,0.1177076105784511,0.11093966098665888,0.0,0.0,0.0,0.0,3,true,9
2025,00-0033040,0.0,0.0,0.0,0.0,0.0,0.027107909800431654,0.026721560922139346,0.0,0.0,2,true,9
2025,00-0033077,0.01643741943787399,0.08492550309236285,0.04726986372690191,0.0,0.0,0.0,0.0,0.0,0.16283193483795874,4,true,9
2025,00-0033090,0.0,0.0,0.0,0.0,0.0,0.0028321696806421132,0.0,0.0,0.0,1,true,9
2025,00-0033106,0.01643741943787399,0.05879457906394352,0.07563178196304306,0.0,0.0,0.0,0.0,0.0,0.0,3,true,9
2025,00-0033119,0.0,0.0,0.0025126837861476096,0.0,0.0,0.0,0.0,0.0,0.0,1,true,9
2025,00-0033280,0.0044631403771710825,0.0,0.0,0.053503459353841404,0.03169704599618825,0.0,0.0,0.0,0.13840714461226494,4,true,9
2025,00-0033288,0.0013451780378300067,0.0,0.0,0.0,0.0,0.007027976614926725,0.02035928451210617,0.0,0.0,3,true,9
2025,00-0033293,0.0,0.0,0.0,0.011539961821416773,0.008217752665678436,0.0,0.0,0.0,0.0,2,true,9
2025,00-0033319,0.0,0.0,0.0025126837861476096,0.0,0.0,0.0,0.0,0.0,0.0,1,true,9
2025,00-0033357,0.0,0.0,0.0,0.0,0.0,0.0,0.0,0.0,0.004583018033518706,1,true,9
2025,00-0033375,0.0,0.0,0.0,0.0,0.0,0.0028321696806421132,0.0,0.0,0.0,1,true,9
2025,00-0033536,0.0,0.0,0.0,0.0,0.0,0.0,0.002127089426637958,0.0,0.0,1,true,9
2025,00-0033553,0.0,0.0,0.0,0.007265901887558709,0.016235072339511058,0.0,0.0,0.0,0.0,2,true,9
2025,00-0033555,0.0,0.0,0.0,0.0,0.0,0.0028321696806421132,0.001703366433283783,0.0,0.0,2,true,9
2025,00-0033591,0.0,0.0,0.0,0.0,0.0,0.0,0.001420415198519035,0.0,0.0,1,true,9
2025,00-0033662,0.0,0.0,0.001509616406447965,0.0,0.0,0.0,0.0,0.0,0.0,1,true,9
2025,00-0033699,0.0,0.0,0.0,0.0058271094345767865,0.0013286186944510045,0.0,0.0,0.0,0.0,2,true,9
2025,00-0033858,0.0,0.0,0.0,0.0,0.0,0.003769974210656058,0.0,0.0,0.0,1,true,9
2025,00-0033868,0.003352906452501659,0.0,0.0,0.0,0.0,0.0,0.0,0.0,0.0,1,true,9
2025,00-0033869,0.0,0.0,0.0025126837861476096,0.0,0.0,0.0,0.0,0.0,0.0,1,true,9
2025,00-0033873,0.08985789292704446,0.06948450253011507,0.06875616542094823,0.0,0.0,0.0,0.0,0.0,0.0,3,true,9
2025,00-0033881,0.0,0.0,0.0,0.0,0.0,0.0,0.004233118561923065,0.0,0.0,1,true,9
2025,00-0033885,0.0,0.0,0.0,0.0,0.0,0.0028321696806421132,0.0,0.0,0.0,1,true,9
2025,00-0033886,0.0022389840430326693,0.0,0.0,0.0,0.0,0.0,0.0,0.0,0.0,1,true,9
2025,00-0033891,0.0,0.0,0.0,0.0,0.0,0.0022679924534225685,0.001420415198519035,0.0,0.0,2,true,9
2025,00-0033897,0.0013451780378300067,0.0,0.0,0.01435458665590867,0.013051724821959869,0.0,0.0,0.0,0.0,3,true,9
2025,00-0033906,0.0013451780378300067,0.0,0.0,0.007265901887558709,0.004408198449801015,0.0,0.0,0.0,0.0,3,true,9
2025,00-0033908,0.0,0.0,0.0,0.0,0.0,0.005636298077317473,0.010427926213517794,0.0,0.0,2,true,9
2025,00-0033921,0.0,0.0,0.0,0.0,0.0,0.01388453916607475,0.013791773379168695,0.0,0.016878920074666456,3,true,9
2025,00-0033923,0.0,0.0,0.0,0.00389760299928646,0.0022114218136875525,0.0,0.0,0.0,0.0,2,true,9
2025,00-0033935,0.0013451780378300067,0.0,0.0,0.0,0.0,0.0,0.0,0.0,0.0,1,true,9
2025,00-0033943,0.0,0.0,0.0,0.0,0.0,0.0,0.001703366433283783,0.0,0.0,1,true,9
2025,00-0033955,0.0,0.0,0.0,0.0,0.0022114218136875525,0.0,0.0,0.0,0.0,1,true,9
2025,00-0034272,0.0,0.0,0.0,0.0,0.0,0.0,0.002127089426637958,0.0,0.0,1,true,9
2025,00-0034348,0.0013451780378300067,0.0,0.0,0.0,0.0,0.009332231242771554,0.013791773379168695,0.0,0.0,3,true,9
2025,00-0034351,0.0,0.0,0.0,0.0,0.0,0.0028321696806421132,0.005278333021657155,0.0,0.0,2,true,9
2025,00-0034407,0.0,0.0,0.0,0.0,0.0,0.0,0.001420415198519035,0.0,0.0,1,true,9
2025,00-0034521,0.0,0.0,0.0,0.0,0.0,0.0022679924534225685,0.001420415198519035,0.0,0.0,2,true,9
2025,00-0034753,0.0,0.0,0.0,0.0,0.0,0.0022679924534225685,0.02514970439730762,0.0,0.0,2,true,9
2025,00-0034771,0.0,0.0,0.003762775222041943,0.0,0.0,0.0,0.0,0.0,0.0,1,true,9
2025,00-0034775,0.0,0.0,0.0,0.0,0.0,0.005636298077317473,0.004233118561923065,0.0,0.006851838842191333,3,true,9
2025,00-0034791,0.0,0.0,0.0,0.007265901887558709,0.0,0.0,0.0,0.0,0.0494311230758089,2,true,9
2025,00-0034796,0.11232236615880557,0.014986853486887563,0.07203026853623147,0.007265901887558709,0.0065904749100985476,0.0,0.0,0.0,0.0,5,true,9
2025,00-0034815,0.0013451780378300067,0.0,0.0,0.0,0.0,0.0,0.0,0.0,0.0,1,true,9
2025,00-0034827,0.0013451780378300067,0.0,0.0,0.0,0.0,0.011162080506060093,0.013791773379168695,0.0,0.0,3,true,9
2025,00-0034837,0.0,0.0,0.0,0.0,0.0,0.007027976614926725,0.00838323479910254,0.0,0.0,2,true,9
2025,00-0034844,0.01321439601868301,0.0,0.0,0.14713451322306387,0.07831034893175921,0.0,0.0,0.0,0.0,3,true,9
2025,00-0034855,0.021739812804930113,0.05459496627366183,0.06875616542094823,0.0,0.0,0.0,0.0,0.0,0.0,3,true,9
2025,00-0034857,0.09627631385040478,0.04777059548945411,0.05042118797536203,0.0029280500143893306,0.04160237286999708,0.0,0.0,0.0,0.0,5,true,9
2025,00-0034869,0.006672615811414193,0.018642183605640628,0.018446776088547088,0.0,0.0,0.0,0.0,0.0,0.0,3,true,9
2025,00-0034874,0.0013451780378300067,0.0,0.0,0.0,0.0,0.0,0.0,0.0,0.0,1,true,9
2025,00-0034960,0.0,0.0,0.0,0.0,0.0,0.005636298077317473,0.005278333021657155,0.0,0.0,2,true,9
2025,00-0034972,0.0,0.0,0.0,0.00389760299928646,0.0,0.0,0.0,0.0,0.0,1,true,9
2025,00-0034973,0.0013451780378300067,0.0,0.0,0.0,0.0,0.0,0.0,0.0,0.03295408205053926,2,true,9
2025,00-0034975,0.0,0.0,0.0,0.0,0.0022114218136875525,0.0,0.0,0.0,0.0,1,true,9
2025,00-0034982,0.0,0.0,0.0,0.0,0.0,0.0,0.0,0.0,0.008543650901991662,1,true,9
2025,00-0035100,0.0,0.0,0.0025126837861476096,0.0,0.0,0.0,0.0,0.0,0.0,1,true,9
2025,00-0035208,0.0,0.0,0.0,0.0,0.0,0.0028321696806421132,0.0,0.0,0.0,1,true,9
2025,00-0035228,0.01321439601868301,0.014986853486887563,0.014829761169224128,0.00389760299928646,0.002651944087330491,0.0,0.0,0.0,0.0,5,true,9
2025,00-0035229,0.0,0.0,0.0,0.0,0.0,0.0028321696806421132,0.0,0.0,0.0,1,true,9
2025,00-0035243,0.0,0.0,0.0,0.0,0.0013286186944510045,0.0,0.0,0.0,0.0,1,true,9
2025,00-0035250,0.0,0.0,0.0,0.0058271094345767865,0.0,0.0,0.0,0.0,0.0,1,true,9
2025,00-0035261,0.0,0.0,0.0,0.011539961821416773,0.008217752665678436,0.0,0.0,0.0,0.0,2,true,9
2025,00-0035264,0.0,0.0,0.0025126837861476096,0.0,0.0,0.0,0.0,0.0,0.0,1,true,9
2025,00-0035289,0.0,0.0,0.001509616406447965,0.0,0.0,0.0,0.0,0.0,0.0,1,true,9
2025,00-0035640,0.0013451780378300067,0.0,0.0,0.0,0.0,0.01388453916607475,0.010427926213517794,0.0,0.0,3,true,9
2025,00-0035659,0.0013451780378300067,0.0,0.0,0.0,0.0,0.018363422768034345,0.030538926768159252,0.0,0.0,3,true,9
2025,00-0035662,0.0,0.0,0.0,0.0,0.0,0.007027976614926725,0.00838323479910254,0.0,0.0,2,true,9
2025,00-0035676,0.0026849968006088984,0.0,0.0,0.0,0.0,0.02189485022342557,0.02250236709232787,0.0,0.0,3,true,9
2025,00-0035685,0.0,0.0,0.0,0.0058271094345767865,0.016235072339511058,0.0,0.0,0.0,0.0,2,true,9
2025,00-0035700,0.0026849968006088984,0.0,0.0,0.028025621566297877,0.04437586439466355,0.0,0.0,0.0,0.0,3,true,9
2025,00-0035704,0.0,0.0,0.001509616406447965,0.0,0.0,0.0,0.0,0.0,0.0,1,true,9
2025,00-0035710,0.0044631403771710825,0.00304513756108074,0.001509616406447965,0.0,0.0,0.0,0.0,0.0,0.03295408205053926,4,true,9
2025,00-0035717,0.0013451780378300067,0.0,0.0,0.0,0.0,0.0,0.0,0.0,0.0,1,true,9
2025,00-0035719,0.0,0.0,0.0,0.0,0.0,0.005636298077317473,0.010427926213517794,0.0,0.0,2,true,9
2025,00-0036139,0.0,0.0,0.0,0.0058271094345767865,0.0,0.0,0.0,0.0,0.0,1,true,9
2025,00-0036212,0.011048101589390713,0.02939728953197176,0.036015134268115735,0.0,0.0,0.0,0.0,0.0,0.02386330079521809,4,true,9
2025,00-0036223,0.0026849968006088984,0.0,0.0,0.061951373988658465,0.04160237286999708,0.0,0.0,0.0,0.0,3,true,9
2025,00-0036251,0.0,0.0,0.0,0.0058271094345767865,0.0,0.0,0.0,0.0,0.003442963796324998,2,true,9
2025,00-0036252,0.0,0.0,0.0,0.0,0.0,0.003769974210656058,0.007008934012364419,0.0,0.0,2,true,9
2025,00-0036259,0.0,0.0,0.0,0.0,0.0,0.005636298077317473,0.0,0.0,0.0,1,true,9
2025,00-0036261,0.0,0.0,0.0,0.0,0.0,0.01581294738358513,0.013791773379168695,0.0,0.016878920074666456,3,true,9
2025,00-0036264,0.03547022089225439,0.04022786988585609,0.039806201033180555,0.0,0.0,0.0,0.0,0.0,0.0,3,true,9
2025,00-0036265,0.0,0.0,0.0,0.0058271094345767865,0.0,0.0,0.0,0.0,0.003442963796324998,2,true,9
2025,00-0036275,0.0,0.0,0.0,0.007265901887558709,0.0065904749100985476,0.0,0.0,0.0,0.0,2,true,9
2025,00-0036309,0.0,0.0,0.0,0.0,0.0,0.007027976614926725,0.001703366433283783,0.0,0.0,2,true,9
2025,00-0036322,0.006672615811414193,0.0,0.0,0.0,0.0,0.06697248303636055,0.03886772497765723,0.0,0.0,3,true,9
2025,00-0036355,0.03209210461680159,0.02939728953197176,0.011288325666125828,0.0,0.0,0.0,0.0,0.0,0.0,3,true,9
2025,00-0036358,0.0044631403771710825,0.0,0.0,0.0,0.0,0.051751464164460435,0.032888074981094584,0.0,0.0,3,true,9
2025,00-0036388,0.0013451780378300067,0.0,0.0,0.0,0.0,0.0,0.0,0.0,0.0,1,true,9
2025,00-0036389,0.03547022089225439,0.00943616701026254,0.011288325666125828,0.00389760299928646,0.09509113798856475,0.0,0.0,0.0,0.0,5,true,9
2025,00-0036407,0.0013451780378300067,0.0,0.0,0.0,0.0,0.009332231242771554,0.007008934012364419,0.0,0.0,3,true,9
2025,00-0036410,0.0013451780378300067,0.0,0.0,0.0,0.0,0.01388453916607475,0.016444037490547292,0.0,0.0,3,true,9
2025,00-0036414,0.0,0.0,0.0,0.00389760299928646,0.0,0.0,0.0,0.0,0.0,1,true,9
2025,00-0036415,0.0,0.0,0.0,0.0,0.0,0.0022679924534225685,0.001420415198519035,0.0,0.0,2,true,9
2025,00-0036418,0.0013451780378300067,0.0,0.0,0.0,0.0,0.0,0.0,0.0,0.0,1,true,9
2025,00-0036442,0.09627631385040478,0.13896900506023013,0.11635658763545086,0.0,0.0,0.0,0.0,0.0,0.0,3,true,9
2025,00-0036550,0.0,0.0,0.0,0.0,0.0,0.003769974210656058,0.00838323479910254,0.0,0.0,2,true,9
2025,00-0036554,0.0044631403771710825,0.0,0.0,0.0,0.0,0.0711582632261331,0.028502998316948636,0.0,0.0,3,true,9
2025,00-0036555,0.0013451780378300067,0.0,0.0,0.018985098480395337,0.013051724821959869,0.0,0.0,0.0,0.0,3,true,9
2025,00-0036613,0.0,0.0,0.0,0.0,0.0,0.007027976614926725,0.007008934012364419,0.0,0.0,2,true,9
2025,00-0036626,0.0,0.0,0.0,0.0,0.0,0.0,0.001703366433283783,0.0,0.0,1,true,9
2025,00-0036637,0.0,0.0,0.0,0.0,0.0,0.001136259692233662,0.0,0.0,0.0,1,true,9
2025,00-0036874,0.0013451780378300067,0.0,0.0,0.0,0.0,0.0,0.0,0.0,0.0,1,true,9
2025,00-0036875,0.0,0.0,0.0,0.00389760299928646,0.003311631671243549,0.0,0.0,0.0,0.0,2,true,9
2025,00-0036893,0.0,0.0,0.0,0.0058271094345767865,0.0022114218136875525,0.0,0.0,0.0,0.0,2,true,9
2025,00-0036894,0.0,0.0,0.0,0.0,0.0,0.001136259692233662,0.0,0.0,0.0,1,true,9
2025,00-0036898,0.0,0.0,0.001509616406447965,0.0,0.0,0.0,0.0,0.0,0.0,1,true,9
2025,00-0036900,0.006672615811414193,0.0,0.0,0.0,0.0,0.08132372940129497,0.061077853536318505,0.0,0.0,3,true,9
2025,00-0036912,0.0,0.0,0.0,0.0,0.0,0.009332231242771554,0.010427926213517794,0.0,0.0,2,true,9
2025,00-0036932,0.003352906452501659,0.0,0.0,0.0,0.0,0.0,0.0,0.0,0.0,1,true,9
2025,00-0036936,0.0,0.0,0.0,0.0,0.0,0.0,0.0,0.0,0.003442963796324998,1,true,9
2025,00-0036945,0.006672615811414193,0.007567619087438274,0.007488295243865649,0.0,0.009934895013730646,0.0,0.0,0.0,0.0,4,true,9
2025,00-0036963,0.0026849968006088984,0.0,0.0,0.0,0.0,0.027107909800431654,0.035628747896185795,0.0,0.0,3,true,9
2025,00-0036970,0.0,0.0,0.0,0.0,0.0,0.003769974210656058,0.005278333021657155,0.0,0.0,2,true,9
2025,00-0036971,0.01321439601868301,0.03639664418244122,0.018446776088547088,0.0,0.0,0.0,0.0,0.0,0.11533928717688743,4,true,9
2025,00-0036972,0.0,0.0,0.0025126837861476096,0.0,0.0,0.0,0.0,0.0,0.0,1,true,9
2025,00-0036973,0.0,0.0,0.0,0.007265901887558709,0.004408198449801015,0.0,0.0,0.0,0.0,2,true,9
2025,00-0036980,0.0,0.0,0.0,0.0,0.0,0.001136259692233662,0.0,0.0,0.0,1,true,9
2025,00-0036988,0.0,0.0,0.0,0.0,0.0,0.0028321696806421132,0.001703366433283783,0.0,0.0,2,true,9
2025,00-0036997,0.0,0.0,0.0,0.007265901887558709,0.004408198449801015,0.0,0.0,0.0,0.0,2,true,9
2025,00-0037013,0.0,0.0,0.0025126837861476096,0.0,0.0,0.0,0.0,0.0,0.0,1,true,9
2025,00-0037077,0.0,0.0,0.0025126837861476096,0.0,0.0,0.0,0.0,0.0,0.0,1,true,9
2025,00-0037197,0.0,0.0,0.0,0.0058271094345767865,0.008217752665678436,0.0,0.0,0.0,0.0,2,true,9
2025,00-0037228,0.0,0.0,0.0,0.0058271094345767865,0.0,0.0,0.0,0.0,0.0,1,true,9
2025,00-0037236,0.003352906452501659,0.0,0.0,0.0,0.0,0.0,0.0,0.0,0.1922321452948124,2,true,9
2025,00-0037237,0.0013451780378300067,0.0,0.0,0.0,0.0,0.0,0.0,0.0,0.0,1,true,9
2025,00-0037238,0.0013451780378300067,0.0,0.0,0.0,0.0,0.02189485022342557,0.02035928451210617,0.0,0.0,3,true,9
2025,00-0037239,0.0,0.0,0.0,0.0,0.0,0.011162080506060093,0.005278333021657155,0.0,0.013569327903163227,3,true,9
2025,00-0037240,0.0,0.0,0.0,0.0,0.0,0.009332231242771554,0.00838323479910254,0.0,0.0,2,true,9
2025,00-0037247,0.0013451780378300067,0.0,0.0,0.0,0.0,0.009332231242771554,0.00838323479910254,0.0,0.0,3,true,9
2025,00-0037248,0.0013451780378300067,0.0,0.0,0.007265901887558709,0.025601460227690515,0.0,0.0,0.0,0.0,3,true,9
2025,00-0037249,0.0013451780378300067,0.0,0.0,0.0,0.0,0.0,0.0,0.0,0.0,1,true,9
2025,00-0037256,0.0,0.0,0.0,0.007265901887558709,0.003311631671243549,0.0,0.0,0.0,0.0,2,true,9
2025,00-0037261,0.0013451780378300067,0.0,0.0,0.0,0.0,0.0,0.004233118561923065,0.0,0.0,2,true,9
2025,00-0037263,0.0,0.0,0.0,0.00389760299928646,0.0022114218136875525,0.0,0.0,0.0,0.0,2,true,9
2025,00-0037267,0.0,0.0,0.0,0.0029280500143893306,0.0022114218136875525,0.0,0.0,0.0,0.0,2,true,9
2025,00-0037291,0.0,0.0,0.0,0.0,0.0,0.0022679924534225685,0.001703366433283783,0.0,0.0,2,true,9
2025,00-0037509,0.0,0.0,0.0,0.0029280500143893306,0.0,0.0,0.0,0.0,0.0,1,true,9
2025,00-0037525,0.0,0.0,0.0,0.00389760299928646,0.013051724821959869,0.0,0.0,0.0,0.0,2,true,9
2025,00-0037545,0.0,0.0,0.0,0.0,0.0,0.005636298077317473,0.005278333021657155,0.0,0.013569327903163227,3,true,9
2025,00-0037664,0.0,0.0,0.0,0.0,0.0,0.0028321696806421132,0.001420415198519035,0.0,0.0,2,true,9
2025,00-0037666,0.0,0.0,0.0,0.0,0.0,0.0028321696806421132,0.001703366433283783,0.0,0.0,2,true,9
2025,00-0037667,0.0013451780378300067,0.0,0.0,0.0,0.0,0.0,0.0,0.0,0.0,1,true,9
2025,00-0037740,0.0013451780378300067,0.0,0.0,0.0,0.0,0.01388453916607475,0.00838323479910254,0.0,0.0,3,true,9
2025,00-0037744,0.0013451780378300067,0.0,0.0,0.0,0.0,0.003769974210656058,0.0,0.0,0.0,2,true,9
2025,00-0037746,0.0,0.0,0.0,0.0058271094345767865,0.008217752665678436,0.0,0.0,0.0,0.0,2,true,9
2025,00-0037816,0.0,0.0,0.0,0.0,0.0,0.003769974210656058,0.00838323479910254,0.0,0.0,2,true,9
2025,00-0037834,0.021739812804930113,0.05459496627366183,0.024397349020336467,0.0,0.0,0.0,0.0,0.0,0.0,3,true,9
2025,00-0037837,0.0,0.0,0.0,0.0,0.0,0.0,0.001420415198519035,0.0,0.0,1,true,9
2025,00-0037840,0.0013451780378300067,0.0,0.0,0.022636078957394442,0.07395977399110593,0.0,0.0,0.0,0.0,3,true,9
2025,00-0038040,0.0,0.0,0.0,0.0029280500143893306,0.0,0.0,0.0,0.0,0.0,1,true,9
2025,00-0038041,0.0,0.0,0.0,0.0,0.0,0.0,0.00838323479910254,0.0,0.0,1,true,9
2025,00-0038102,0.0,0.00304513756108074,0.0,0.0,0.0,0.0,0.0,0.0,0.0,1,true,9
2025,00-0038117,0.0,0.0,0.0,0.0,0.0,0.0028321696806421132,0.004233118561923065,0.0,0.0,2,true,9
2025,00-0038120,0.0013451780378300067,0.0,0.0,0.018985098480395337,0.0065904749100985476,0.0,0.0,0.0,0.0,3,true,9
2025,00-0038124,0.0,0.0,0.0,0.0,0.0,0.0028321696806421132,0.0,0.0,0.0,1,true,9
2025,00-0038128,0.0,0.0,0.0025126837861476096,0.0,0.0,0.0,0.0,0.0,0.0,1,true,9
2025,00-0038134,0.0,0.0,0.0,0.0058271094345767865,0.013051724821959869,0.0,0.0,0.0,0.0,2,true,9
2025,00-0038386,0.0013451780378300067,0.0,0.0,0.0,0.0,0.0,0.0,0.0,0.0,1,true,9
2025,00-0038400,0.0,0.0,0.0025126837861476096,0.0,0.0,0.0,0.0,0.0,0.0,1,true,9
2025,00-0038416,0.0,0.0,0.0025126837861476096,0.0,0.0,0.0,0.0,0.0,0.0,1,true,9
2025,00-0038454,0.0,0.0,0.0,0.0058271094345767865,0.0,0.0,0.0,0.0,0.0,1,true,9
2025,00-0038542,0.0044631403771710825,0.0,0.0,0.05885380528922555,0.06656379659199534,0.0,0.0,0.0,0.0,3,true,9
2025,00-0038543,0.0,0.0,0.0,0.0,0.0,0.018363422768034345,0.013791773379168695,0.0,0.0,2,true,9
2025,00-0038555,0.0,0.0,0.0,0.0058271094345767865,0.003311631671243549,0.0,0.0,0.0,0.0,2,true,9
2025,00-0038559,0.0,0.0,0.0,0.0,0.0,0.0,0.004233118561923065,0.0,0.0,1,true,9
2025,00-0038563,0.0,0.0,0.0,0.0,0.0,0.003769974210656058,0.001420415198519035,0.0,0.0,2,true,9
2025,00-0038597,0.0013451780378300067,0.0,0.0,0.01435458665590867,0.02147219244903075,0.0,0.0,0.0,0.0,3,true,9
2025,00-0038619,0.0,0.0,0.0,0.0,0.0,0.0022679924534225685,0.001420415198519035,0.0,0.0,2,true,9
2025,00-0038621,0.0,0.0,0.0,0.0,0.0,0.0022679924534225685,0.0,0.0,0.0,1,true,9
2025,00-0038794,0.0,0.0,0.0,0.0058271094345767865,0.0,0.0,0.0,0.0,0.0,1,true,9
2025,00-0038933,0.0,0.0,0.0,0.0,0.0,0.003769974210656058,0.0,0.0,0.0,1,true,9
2025,00-0038976,0.0,0.0,0.0,0.0,0.0,0.0028321696806421132,0.002127089426637958,0.0,0.0,2,true,9
2025,00-0038977,0.0,0.0,0.0,0.0,0.0,0.0,0.001420415198519035,0.0,0.008543650901991662,2,true,9
2025,00-0038979,0.0,0.0,0.0,0.0,0.0,0.0,0.001420415198519035,0.0,0.0,1,true,9
2025,00-0038994,0.0,0.0,0.0,0.0,0.0,0.007027976614926725,0.005278333021657155,0.0,0.0,2,true,9
2025,00-0038996,0.0,0.0,0.0,0.0,0.0,0.0028321696806421132,0.001420415198519035,0.0,0.0,2,true,9
2025,00-0038997,0.0,0.0,0.0,0.0,0.0,0.0,0.007008934012364419,0.0,0.0,1,true,9
2025,00-0039021,0.0,0.0,0.0,0.0029280500143893306,0.0065904749100985476,0.0,0.0,0.0,0.0,2,true,9
2025,00-0039032,0.0,0.0,0.0,0.00389760299928646,0.0013286186944510045,0.0,0.0,0.0,0.0,2,true,9
2025,00-0039040,0.0013451780378300067,0.0,0.0,0.01435458665590867,0.008217752665678436,0.0,0.0,0.0,0.0,3,true,9
2025,00-0039064,0.0013451780378300067,0.0,0.0,0.0,0.0,0.007027976614926725,0.016444037490547292,0.0,0.0,3,true,9
2025,00-0039065,0.0013451780378300067,0.0,0.0,0.0,0.0,0.0022679924534225685,0.013791773379168695,0.0,0.0,3,true,9
2025,00-0039067,0.0013451780378300067,0.0,0.0,0.0,0.0,0.011162080506060093,0.00838323479910254,0.0,0.013569327903163227,4,true,9
2025,00-0039075,0.0044631403771710825,0.0,0.0,0.0,0.0,0.03557913161306655,0.02250236709232787,0.0,0.0,3,true,9
2025,00-0039108,0.0013451780378300067,0.0,0.0,0.0,0.0,0.0,0.0,0.0,0.0,1,true,9
2025,00-0039139,0.006672615811414193,0.0,0.0,0.04203843234944681,0.060512542356359396,0.0,0.0,0.0,0.0,3,true,9
2025,00-0039146,0.0,0.0,0.0,0.0,0.0,0.005636298077317473,0.005278333021657155,0.0,0.0,2,true,9
2025,00-0039150,0.006672615811414193,0.00943616701026254,0.011288325666125828,0.0,0.0,0.0,0.0,0.0,0.0,3,true,9
2025,00-0039152,0.0026849968006088984,0.0,0.0025126837861476096,0.0,0.0,0.0,0.0,0.0,0.0,2,true,9
2025,00-0039163,0.02592054603664744,0.05095530185541771,0.029089146908862714,0.0,0.0,0.0,0.0,0.0,0.0,3,true,9
2025,00-0039164,0.0044631403771710825,0.00304513756108074,0.007488295243865649,0.007265901887558709,0.0,0.0,0.0,0.0,0.026616758579281717,5,true,9
2025,00-0039165,0.0,0.0,0.0,0.00389760299928646,0.004408198449801015,0.0,0.0,0.0,0.0,2,true,9
2025,00-0039337,0.0026849968006088984,0.0,0.0,0.0,0.0,0.04378970044685114,0.013791773379168695,0.0,0.0,3,true,9
2025,00-0039338,0.0,0.0,0.0,0.0,0.0,0.011162080506060093,0.010427926213517794,0.0,0.0,2,true,9
2025,00-0039342,0.0,0.0,0.0,0.0,0.0,0.005636298077317473,0.005278333021657155,0.0,0.0,2,true,9
2025,00-0039361,0.001680633907613051,0.0,0.0,0.022636078957394442,0.016235072339511058,0.0,0.0,0.0,0.0,3,true,9
2025,00-0039363,0.0,0.0,0.0,0.0,0.0022114218136875525,0.0,0.0,0.0,0.0,1,true,9
2025,00-0039373,0.0,0.0,0.0,0.0,0.0022114218136875525,0.0,0.0,0.0,0.0,1,true,9
2025,00-0039376,0.0,0.0,0.0025126837861476096,0.0,0.0,0.0,0.0,0.0,0.0,1,true,9
2025,00-0039379,0.0,0.0,0.0,0.0,0.0,0.0,0.001703366433283783,0.0,0.0,1,true,9
2025,00-0039384,0.0,0.0,0.0,0.0058271094345767865,0.004408198449801015,0.0,0.0,0.0,0.0,2,true,9
2025,00-0039398,0.0,0.0,0.0025126837861476096,0.0,0.0,0.0,0.0,0.0,0.0,1,true,9
2025,00-0039424,0.0,0.0,0.0,0.0,0.0,0.003769974210656058,0.0,0.0,0.0,1,true,9
2025,00-0039732,0.01872039435980093,0.024655791220363408,0.014829761169224128,0.0,0.0,0.0,0.0,0.0,0.0,3,true,9
2025,00-0039794,0.0,0.0,0.0,0.00389760299928646,0.004408198449801015,0.0,0.0,0.0,0.0,2,true,9
2025,00-0039811,0.0,0.0,0.0,0.00389760299928646,0.0,0.0,0.0,0.0,0.0,1,true,9
2025,00-0039849,0.0013451780378300067,0.0,0.0,0.0,0.0,0.01388453916607475,0.023752498597457195,0.0,0.0,3,true,9
2025,00-0039851,0.01321439601868301,0.014986853486887563,0.00933725703247445,0.0,0.0,0.0,0.0,0.0,0.0,3,true,9
2025,00-0039852,0.0013451780378300067,0.0,0.0,0.0,0.0,0.0,0.0,0.0,0.0,1,true,9
2025,00-0039874,0.0,0.0,0.0,0.0,0.0022114218136875525,0.0,0.0,0.0,0.0,1,true,9
2025,00-0039875,0.0,0.0,0.0,0.0,0.002651944087330491,0.0,0.0,0.0,0.0,1,true,9
2025,00-0039880,0.0,0.0,0.0,0.0,0.0,0.0,0.002127089426637958,0.0,0.0,1,true,9
2025,00-0039893,0.0013451780378300067,0.0,0.0,0.0,0.0,0.03557913161306655,0.026721560922139346,0.0,0.0,3,true,9
2025,00-0039894,0.0013451780378300067,0.0,0.0,0.0,0.0,0.005636298077317473,0.00838323479910254,0.0,0.0,3,true,9
2025,00-0039901,0.0,0.0,0.0,0.0,0.0,0.005636298077317473,0.005278333021657155,0.0,0.0,2,true,9
2025,00-0039910,0.06739341969528335,0.018642183605640628,0.024397349020336467,0.0029280500143893306,0.002651944087330491,0.0,0.0,0.0,0.0,5,true,9
2025,00-0039915,0.0,0.0,0.0,0.0,0.0,0.01581294738358513,0.013791773379168695,0.0,0.0,2,true,9
2025,00-0039916,0.0,0.0,0.0,0.0,0.0,0.003769974210656058,0.007008934012364419,0.0,0.0,2,true,9
2025,00-0039917,0.010058719357504978,0.0,0.018446776088547088,0.0,0.0,0.0,0.0,0.0,0.0,2,true,9
2025,00-0039918,0.01643741943787399,0.02939728953197176,0.029089146908862714,0.0,0.0,0.0,0.0,0.0,0.0,3,true,9
2025,00-0039919,0.0,0.0,0.0,0.0,0.0,0.005636298077317473,0.007008934012364419,0.0,0.0,2,true,9
2025,00-0039921,0.0,0.0,0.0,0.0058271094345767865,0.002651944087330491,0.0,0.0,0.0,0.0,2,true,9
2025,00-0039923,0.011048101589390713,0.02939728953197176,0.032883383462192634,0.0,0.0,0.0,0.0,0.0,0.07689285811792496,4,true,9
2025,00-0040009,0.0,0.0,0.0,0.0,0.0,0.0,0.0,0.004556110429237189,0.0,1,true,9
2025,00-0040116,0.0,0.0,0.0,0.0,0.0,0.0,0.0,0.005460100593768376,0.0,1,true,9
2025,00-0040122,0.0,0.0,0.0,0.03678362830576597,0.016235072339511058,0.0,0.0,0.1911035207818932,0.0,3,true,9
2025,00-0040123,0.0,0.0,0.0,0.0,0.0,0.0,0.0,0.0013731989517261783,0.0,1,true,9
2025,00-0040124,0.0,0.0,0.0,0.0,0.0,0.007027976614926725,0.00838323479910254,0.04586484498765436,0.0,3,true,9
2025,00-0040125,0.0,0.0,0.0,0.0,0.0,0.0,0.0,0.0022856235043681576,0.0,1,true,9
2025,00-0040126,0.0,0.0,0.0,0.0,0.0,0.003769974210656058,0.005278333021657155,0.022192666929510173,0.0,3,true,9
2025,00-0040128,0.0,0.0,0.0,0.0,0.0,0.0022679924534225685,0.0,0.026460487492877518,0.0,2,true,9
2025,00-0040129,0.0,0.0,0.0,0.0,0.0,0.0028321696806421132,0.005278333021657155,0.04299829217592596,0.0,3,true,9
2025,00-0040130,0.0,0.0,0.0,0.0,0.0,0.0,0.0,0.010268248877833066,0.0,1,true,9
2025,00-0040131,0.0,0.0,0.0,0.0,0.0,0.0,0.0,0.008493489812528584,0.0,1,true,9
2025,00-0040134,0.0,0.0,0.0,0.0,0.0,0.0,0.0,0.004556110429237189,0.0,1,true,9
2025,00-0040138,0.0,0.0,0.0,0.0,0.0,0.0,0.0,0.004556110429237189,0.0,1,true,9
2025,00-0040142,0.0,0.0,0.0,0.007265901887558709,0.0065904749100985476,0.0,0.0,0.016779821336946717,0.0,3,true,9
2025,00-0040162,0.0,0.0,0.0,0.00389760299928646,0.0,0.0,0.0,0.008493489812528584,0.0,2,true,9
2025,00-0040170,0.0,0.0,0.0,0.0,0.0,0.0,0.0,0.004556110429237189,0.0,1,true,9
2025,00-0040184,0.0,0.0,0.0,0.0,0.0,0.0,0.0,0.0027409269912940853,0.0,1,true,9
2025,00-0040198,0.0,0.0,0.0,0.0,0.0,0.0,0.0,0.010268248877833066,0.0,1,true,9
2025,00-0040203,0.0,0.0,0.0,0.0,0.0,0.0,0.0,0.006811610641730846,0.0,1,true,9
2025,00-0040234,0.0,0.0,0.0,0.0,0.0,0.0,0.0,0.0027409269912940853,0.0,1,true,9
2025,00-0040237,0.0,0.0,0.0,0.0,0.0,0.0,0.0,0.004556110429237189,0.0,1,true,9
2025,00-0040242,0.0,0.0,0.0,0.0,0.0,0.0,0.0,0.022192666929510173,0.0,1,true,9
2025,00-0040583,0.0,0.0,0.0,0.00389760299928646,0.0,0.0,0.0,0.0,0.0,1,true,9
2025,00-0040586,0.0,0.0,0.0,0.007265901887558709,0.0,0.0,0.0,0.010268248877833066,0.0,2,true,9
2025,00-0040639,0.0,0.0,0.0,0.0,0.0,0.0,0.0,0.0013731989517261783,0.0,1,true,9
2025,00-0040646,0.0,0.0,0.0,0.0,0.0,0.003769974210656058,0.0,0.004556110429237189,0.0,2,true,9
2025,00-0040663,0.0,0.0,0.0,0.0,0.0,0.0,0.0,0.0027409269912940853,0.0,1,true,9
2025,00-0040666,0.0,0.0,0.0,0.01435458665590867,0.016235072339511058,0.0,0.0,0.07241817629629636,0.0,3,true,9
2025,00-0040667,0.0,0.0,0.0,0.0,0.0,0.005636298077317473,0.00838323479910254,0.026460487492877518,0.0,3,true,9
2025,00-0040668,0.0,0.005061784952524938,0.003762775222041943,0.0,0.0,0.0,0.0,0.01127824057073468,0.0,3,true,9
2025,00-0040669,0.0,0.0,0.0,0.0,0.0,0.0,0.0,0.008493489812528584,0.0,1,true,9
2025,00-0040673,0.0,0.0,0.0,0.0,0.0,0.0,0.0,0.006811610641730846,0.0,1,true,9
2025,00-0040676,0.0,0.011407903400466652,0.007488295243865649,0.0,0.0,0.0,0.0,0.15288281662551453,0.0,3,true,9
2025,00-0040691,0.0,0.0,0.0025126837861476096,0.0,0.0,0.0,0.0,0.026460487492877518,0.0,2,true,9
2025,00-0040699,0.0,0.0,0.0,0.0,0.0,0.0,0.0,0.0022856235043681576,0.0,1,true,9
2025,00-0040704,0.0,0.0,0.001509616406447965,0.0,0.0,0.0,0.0,0.008493489812528584,0.0,2,true,9
2025,00-0040715,0.0,0.0,0.0,0.00389760299928646,0.003311631671243549,0.0,0.0,0.010268248877833066,0.0,3,true,9
2025,00-0040718,0.003352906452501659,0.0,0.0,0.0,0.0,0.0,0.007008934012364419,0.0625429704377105,0.0,3,true,9
2025,00-0040719,0.0,0.0,0.0,0.00389760299928646,0.0,0.0,0.0,0.0,0.0,1,true,9
2025,00-0040727,0.0,0.0,0.0,0.0,0.0,0.003769974210656058,0.0,0.006811610641730846,0.0,2,true,9
2025,00-0040729,0.0,0.0,0.0,0.0,0.0,0.0,0.0,0.006811610641730846,0.0,1,true,9
2025,00-0040730,0.0,0.0,0.0,0.01435458665590867,0.0065904749100985476,0.0,0.0,0.026460487492877518,0.0,3,true,9
2025,00-0040734,0.0,0.0,0.0,0.0058271094345767865,0.0065904749100985476,0.0,0.0,0.052920974985755036,0.0,3,true,9
2025,00-0040735,0.0,0.0,0.0,0.0,0.0,0.003769974210656058,0.0,0.013489660290486576,0.0,2,true,9
2025,00-0040736,0.0,0.0,0.0,0.0,0.0,0.0,0.0,0.004556110429237189,0.0,1,true,9
2025,00-0040737,0.0,0.0,0.0,0.0,0.0,0.0,0.0,0.004556110429237189,0.0,1,true,9
2025,00-0040739,0.0,0.0,0.0,0.0,0.0,0.0,0.0,0.004556110429237189,0.0,1,true,9
2025,00-0040743,0.0,0.00304513756108074,0.0025126837861476096,0.0,0.0,0.0,0.0,0.01127824057073468,0.0,3,true,9
2025,00-0040782,0.0,0.0,0.0,0.0,0.0,0.0,0.0,0.0034227496259443555,0.0,1,true,9
2025,00-0040784,0.0,0.0,0.0,0.0058271094345767865,0.0022114218136875525,0.0,0.0,0.008493489812528584,0.0,3,true,9
